x,rho,u,p
-5,3.85714299417,2.62936899458,10.3333299808
-4.99743589744,3.85699105178,2.62935238367,10.3329305161
-4.99487179487,3.85699119478,2.62934436766,10.3329291249
-4.99230769231,3.85705483906,2.62934177872,10.3330919191
-4.98974358974,3.85712972166,2.62934248761,10.3332814722
-4.98717948718,3.85718917307,2.62934512775,10.3334282748
-4.98461538462,3.85722359993,2.62934887179,10.3335080699
-4.98205128205,3.85723388949,2.62935325466,10.3335243023
-4.97948717949,3.85722646564,2.62935803735,10.3334949623
-4.97692307692,3.85720974413,2.62936310554,10.3334431546
-4.97435897436,3.85719175325,2.62936839781,10.333390769
-4.97179487179,3.85717870393,2.62937385838,10.3333546799
-4.96923076923,3.85717431184,2.62937940981,10.3333449485
-4.96666666667,3.85717969183,2.62938494131,10.3333645508
-4.9641025641,3.8571936635,2.62939030899,10.333410202
-4.96153846154,3.85721332486,2.62939534449,10.3334738968
-4.95897435897,3.85723476896,2.62939986884,10.3335448326
-4.95641025641,3.85725383685,2.62940370899,10.3336114322
-4.95384615385,3.85726681822,2.62940671468,10.3336632296
-4.95128205128,3.8572710293,2.62940877363,10.3336924305
-4.94871794872,3.85726521575,2.62940982358,10.3336950095
-4.94615384615,3.85724974646,2.62940986005,10.3336712521
-4.94358974359,3.85722658236,2.62940893899,10.3336256984
-4.94102564103,3.8571990225,2.62940717397,10.333566494
-4.93846153846,3.85717124781,2.62940472784,10.3335042028
-4.9358974359,3.8571477012,2.62940179929,10.3334501822
-4.93333333333,3.85713236069,2.62939860499,10.3334146713
-4.93076923077,3.85712798061,2.62939535853,10.333404792
-4.92820512821,3.857135394,2.62939224752,10.3334227069
-4.92564102564,3.85715298735,2.62938941099,10.3334642327
-4.92307692308,3.85717647742,2.62938691913,10.3335182489
-4.92051282051,3.85719913753,2.62938475822,10.3335672959
-4.91794871795,3.85721263926,2.62938282372,10.3335898012
-4.91538461538,3.85720869354,2.62938092496,10.3335644221
-4.91282051282,3.85718169325,2.62937880525,10.3334770408
-4.91025641026,3.85713257777,2.6293761816,10.3333309981
-4.90769230769,3.85707415777,2.62937280864,10.3331611968
-4.90512820513,3.8570381572,2.62936857178,10.3330527571
-4.90256410256,3.85708424711,2.62936361498,10.3331649534
-4.9,3.85731136438,2.62935850885,10.3337612096
-4.9,3.85731136438,2.62935850885,10.3337612096
-4.89743589744,3.85708919012,2.62935230965,10.3331533862
-4.89487179487,3.85703939048,2.62934991194,10.3330042029
-4.89230769231,3.85706605038,2.6293492856,10.3330604183
-4.88974358974,3.85711205561,2.62934917315,10.3331710373
-4.88717948718,3.85714772066,2.62934888922,10.3332573625
-4.88461538462,3.85716174554,2.62934815456,10.3332891782
-4.88205128205,3.85715419922,2.6293469611,10.3332662715
-4.87948717949,3.85713124629,2.62934546466,10.3332045422
-4.87692307692,3.85710135225,2.6293439021,10.3331260069
-4.87435897436,3.8570727221,2.62934252961,10.3330520493
-4.87179487179,3.85705174545,2.62934157919,10.3329993206
-4.86923076923,3.85704224061,2.62934123063,10.3329777431
-4.86666666667,3.85704530908,2.62934159625,10.3329901203
-4.8641025641,3.85705963059,2.62934271619,10.3330329065
-4.86153846154,3.85708204798,2.62934456174,10.3330977394
-4.85897435897,3.85710831019,2.6293470449,10.333173388
-4.85641025641,3.85713386034,2.62935003212,10.33324782
-4.85384615385,3.85715457525,2.6293533606,10.3333101408
-4.85128205128,3.85716738118,2.62935685554,10.3333522068
-4.84871794872,3.85717068998,2.62936034708,10.3333697667
-4.84615384615,3.8571646186,2.62936368572,10.3333630338
-4.84358974359,3.85715097381,2.62936675525,10.3333366405
-4.84102564103,3.857133003,2.62936948243,10.3332989796
-4.83846153846,3.85711493102,2.62937184271,10.3332609836
-4.8358974359,3.85710132159,2.62937386167,10.3332344466
-4.83333333333,3.85709632132,2.62937561177,10.3332300383
-4.83076923077,3.85710286272,2.62937720449,10.3332552161
-4.82820512821,3.85712192209,2.62937877781,10.3333122854
-4.82564102564,3.8571519467,2.62938047939,10.3333969114
-4.82307692308,3.85718858495,2.62938244587,10.3334974348
-4.82051282051,3.85722487186,2.62938477895,10.3335953936
-4.81794871795,3.85725204154,2.62938751911,10.3336677038
-4.81538461538,3.85726115681,2.6293906178,10.3336910003
-4.81282051282,3.85724576553,2.62939390952,10.3336486909
-4.81025641026,3.8572058119,2.62939708488,10.333541326
-4.80769230769,3.85715304991,2.62939966632,10.3334009345
-4.80512820513,3.85711822529,2.62940098816,10.3333100304
-4.80256410256,3.85716031106,2.62940018298,10.3334260391
-4.8,3.8573781008,2.62939617673,10.3340119484
-4.8,3.8573781008,2.62939617673,10.3340119484
-4.79743589744,3.85717466969,2.62939593253,10.3334702518
-4.79487179487,3.85712871226,2.62939486345,10.3333447827
-4.79230769231,3.8571530736,2.62939356379,10.3334055844
-4.78974358974,3.85719543366,2.62939226459,10.3335145175
-4.78717948718,3.85722822564,2.62939097736,10.3335986872
-4.78461538462,3.85724059425,2.62938960162,10.3336292514
-4.78205128205,3.85723213177,2.62938800175,10.3336049168
-4.77948717949,3.85720814661,2.62938605808,10.3335394758
-4.77692307692,3.85717623501,2.62938369705,10.3334527784
-4.77435897436,3.85714394265,2.62938090467,10.3333645765
-4.77179487179,3.85711731952,2.62937772722,10.3332907218
-4.76923076923,3.85710018727,2.62937426272,10.3332412392
-4.76666666667,3.85709395467,2.62937064638,10.3332198434
-4.7641025641,3.85709783301,2.62936703272,10.3332245071
-4.76153846154,3.85710931951,2.62936357682,10.3332487325
-4.75897435897,3.85712483294,2.6293604168,10.3332832219
-4.75641025641,3.85714040203,2.62935765893,10.3333176847
-4.75384615385,3.85715232331,2.62935536696,10.3333425611
-4.75128205128,3.85715772142,2.62935355623,10.3333504872
-4.74871794872,3.85715496104,2.62935219321,10.3333373667
-4.74615384615,3.85714387572,2.6293512006,10.3333029601
-4.74358974359,3.85712579554,2.62935046758,10.3332509421
-4.74102564103,3.85710337107,2.62934986476,10.3331884238
-4.73846153846,3.85708020803,2.62934926254,10.3331249769
-4.7358974359,3.85706034284,2.62934855176,10.3330712412
-4.73333333333,3.85704760556,2.6293476646,10.3330372395
-4.73076923077,3.85704493302,2.62934659371,10.3330305667
-4.72820512821,3.85705371115,2.62934540692,10.333054662
-4.72564102564,3.85707324176,2.62934425467,10.3331074178
-4.72307692308,3.85710044504,2.62934336675,10.3331804205
-4.72051282051,3.85712992569,2.62934303474,10.3332591617
-4.71794871795,3.85715454639,2.62934357601,10.3333245999
-4.71538461538,3.85716666883,2.62934527488,10.3333564993
-4.71282051282,3.85716023859,2.62934829606,10.3333390101
-4.71025641026,3.85713390652,2.62935256517,10.3332690025
-4.70769230769,3.85709539529,2.62935761058,10.333167706
-4.70512820513,3.85706733636,2.62936236071,10.3330962498
-4.70256410256,3.85709481832,2.6293648904,10.3331757442
-4.7,3.8572549044,2.6293621099,10.3336125828
-4.7,3.8572549044,2.6293621099,10.3336125828
-4.69743589744,3.85712120615,2.62936851478,10.3332658718
-4.69487179487,3.85709479076,2.62937019924,10.3332015669
-4.69230769231,3.85711762127,2.62937042141,10.3332669009
-4.68974358974,3.857154295,2.62937092577,10.3333687356
-4.68717948718,3.85718564692,2.62937242542,10.3334566741
-4.68461538462,3.85720361692,2.62937498027,10.3335095185
-4.68205128205,3.85720722257,2.62937828509,10.3335246534
-4.67948717949,3.85719948848,2.62938188032,10.3335099591
-4.67692307692,3.85718519319,2.62938529791,10.333477886
-4.67435897436,3.85716930367,2.62938815365,10.3334413459
-4.67179487179,3.8571559777,2.6293901964,10.3334111011
-4.66923076923,3.85714802341,2.62939132357,10.33339436
-4.66666666667,3.85714671533,2.62939157176,10.3333943096
-4.6641025641,3.85715187549,2.62939109004,10.3334103459
-4.66153846154,3.85716213811,2.62939010283,10.3334387829
-4.65897435897,3.8571753256,2.6293888683,10.3334738523
-4.65641025641,3.85718887357,2.62938763731,10.3335088267
-4.65384615385,3.85720025184,2.62938661709,10.333537128
-4.65128205128,3.85720733821,2.62938594282,10.3335533061
-4.64871794872,3.85720871127,2.62938565954,10.3335537993
-4.64615384615,3.85720383822,2.62938571575,10.3335374148
-4.64358974359,3.85719314306,2.62938596934,10.3335054899
-4.64102564103,3.85717795035,2.62938620538,10.3334617232
-4.63846153846,3.85716030919,2.62938616467,10.3334116891
-4.6358974359,3.85714271167,2.62938558075,10.3333620753
-4.63333333333,3.85712772968,2.62938422242,10.333319707
-4.63076923077,3.85711760355,2.62938193786,10.3332904491
-4.62820512821,3.85711382555,2.62937869538,10.3332781011
-4.62564102564,3.85711677096,2.62937461514,10.3332834279
-4.62307692308,3.85712543889,2.62936998519,10.3333034907
-4.62051282051,3.85713737473,2.6293652543,10.3333314737
-4.61794871795,3.85714885566,2.62936099309,10.3333572212
-4.61538461538,3.85715543024,2.6293578142,10.3333687313
-4.61282051282,3.85715291275,2.62935624126,10.3333548742
-4.61025641026,3.85713894242,2.62935651548,10.3333096293
-4.60769230769,3.85711522745,2.62935832791,10.333238162
-4.60512820513,3.85709060314,2.6293604643,10.3331650859
-4.60256410256,3.85708504321,2.62936034876,10.3331452808
-4.6,3.85713477291,2.62935347179,10.3332776647
-4.6,3.85713477291,2.62935347179,10.3332776647
-4.59743589744,3.85709514566,2.62935936047,10.3331757519
-4.59487179487,3.85708360883,2.6293571882,10.33314554
-4.59230769231,3.85708709229,2.62935244404,10.3331534559
-4.58974358974,3.85709676956,2.62934819756,10.3331770265
-4.58717948718,3.85710711483,2.62934583932,10.3332023467
-4.58461538462,3.85711509394,2.62934566658,10.3332219218
-4.58205128205,3.85711947909,2.62934733448,10.3332328535
-4.57948717949,3.85712027733,2.62935019161,10.3332353409
-4.57692307692,3.85711826339,2.62935351755,10.3332314657
-4.57435897436,3.85711460706,2.62935667891,10.3332242348
-4.57179487179,3.85711058611,2.62935921909,10.3332168527
-4.56923076923,3.8571073755,2.62936089546,10.3332121963
-4.56666666667,3.85710590405,2.62936167689,10.3332124681
-4.5641025641,3.85710676996,2.62936171273,10.3332190018
-4.56153846154,3.85711020667,2.62936128359,10.3332321968
-4.55897435897,3.8571160907,2.6293607426,10.3332515588
-4.55641025641,3.85712398363,2.62936045494,10.3332758246
-4.55384615385,3.85713320016,2.62936074177,10.3333031483
-4.55128205128,3.85714289463,2.62936183383,10.3333313309
-4.54871794872,3.85715215868,2.62936383844,10.3333580711
-4.54615384615,3.85716012266,2.62936672251,10.333381221
-4.54358974359,3.85716605371,2.62937031276,10.3333990268
-4.54102564103,3.85716944391,2.6293743133,10.3334103387
-4.53846153846,3.8571700815,2.62937833936,10.3334147737
-4.5358974359,3.85716809908,2.62938196452,10.3334128159
-4.53333333333,3.85716399233,2.62938477794,10.333405839
-4.53076923077,3.85715860325,2.62938644641,10.3333960391
-4.52820512821,3.85715306221,2.62938677501,10.3333862643
-4.52564102564,3.85714868304,2.62938575894,10.3333797283
-4.52307692308,3.85714680581,2.62938361759,10.3333795984
-4.52051282051,3.85714858207,2.62938080097,10.3333884474
-4.51794871795,3.85715469752,2.62937795703,10.3334075599
-4.51538461538,3.85716502732,2.62937584741,10.3334360841
-4.51282051282,3.85717821939,2.62937519784,10.3334700224
-4.51025641026,3.85719120133,2.62937646794,10.3335010543
-4.50769230769,3.85719860669,2.62937952431,10.333515184
-4.50512820513,3.85719211671,2.62938319912,10.3334912102
-4.50256410256,3.85715971359,2.62938471542,10.3333990117
-4.5,3.85708484175,2.62937895878,10.3331976471
-4.5,3.85708484175,2.62937895878,10.3331976471
-4.49743589744,3.85716313552,2.62938660829,10.3334115106
-4.49487179487,3.85717545907,2.62938386299,10.3334464819
-4.49230769231,3.85716083415,2.62937738808,10.3334067908
-4.48974358974,3.85714146321,2.62937098622,10.3333521966
-4.48717948718,3.85712796688,2.62936645575,10.3333117446
-4.48461538462,3.85712348824,2.62936427287,10.3332945585
-4.48205128205,3.8571268183,2.62936412063,10.3332980725
-4.47948717949,3.85713468733,2.62936528585,10.3333140794
-4.47692307692,3.85714335614,2.62936694369,10.3333329457
-4.47435897436,3.85714963158,2.62936834819,10.3333463165
-4.47179487179,3.85715142044,2.62936894576,10.3333486096
-4.46923076923,3.85714792543,2.62936842727,10.3333375686
-4.46666666667,3.85713957727,2.62936673292,10.3333141201
-4.4641025641,3.85712778655,2.62936402278,10.3332817546
-4.46153846154,3.85711458877,2.62936062453,10.3332456226
-4.45897435897,3.85710224622,2.62935696835,10.3332115108
-4.45641025641,3.85709285991,2.62935351789,10.3331848397
-4.45384615385,3.85708803465,2.62935070447,10.3331697947
-4.45128205128,3.85708863061,2.62934887054,10.3331686767
-4.44871794872,3.85709462401,2.62934822707,10.3331815343
-4.44615384615,3.85710509002,2.62934882804,10.3332061099
-4.44358974359,3.85711831038,2.62935056377,10.3332381086
-4.44102564103,3.85713199843,2.62935317379,10.33327177
-4.43846153846,3.857143624,2.62935627803,10.333300699
-4.4358974359,3.85715081038,2.62935942433,10.3333188834
-4.43333333333,3.85715176575,2.62936214833,10.3333217999
-4.43076923077,3.85714570097,2.62936404086,10.333307486
-4.42820512821,3.85713317587,2.6293648164,10.3332774254
-4.42564102564,3.85711630572,2.62936437469,10.3332370712
-4.42307692308,3.85709874967,2.6293628465,10.3331958025
-4.42051282051,3.85708539274,2.62936061281,10.3331660865
-4.41794871795,3.85708162283,2.62935828564,10.3331615875
-4.41538461538,3.85709209407,2.62935663705,10.333193943
-4.41282051282,3.85711885773,2.6293564617,10.3332678961
-4.41025641026,3.8571587318,2.62935835687,10.3333744505
-4.40769230769,3.85719977019,2.62936240263,10.3334816853
-4.40512820513,3.85721668246,2.62936772334,10.333522843
-4.40256410256,3.85716504464,2.62937191021,10.3333812758
-4.4,3.85697413198,2.6293702829,10.3328718091
-4.4,3.85697413198,2.6293702829,10.3328718091
-4.39743589744,3.85716906972,2.62938023068,10.3334006218
-4.39487179487,3.85721022991,2.62937991514,10.3335181655
-4.39230769231,3.8571850258,2.62937578029,10.3334564295
-4.38974358974,3.85714467727,2.62937154986,10.3333518134
-4.38717948718,3.85711506542,2.62936902625,10.3332737034
-4.38461538462,3.85710531579,2.62936872863,10.3332470806
-4.38205128205,3.85711441081,2.62937039104,10.3332699509
-4.37948717949,3.85713611347,2.62937333969,10.3333263354
-4.37692307692,3.85716246427,2.62937676679,10.3333955106
-4.37435897436,3.85718609489,2.62937991735,10.3334581362
-4.37179487179,3.85720158257,2.62938220425,10.3334998588
-4.36923076923,3.85720604987,2.6293832655,10.3335129294
-4.36666666667,3.8571991956,2.62938297665,10.3334963214
-4.3641025641,3.85718292317,2.62938142995,10.3334547867
-4.36153846154,3.85716071372,2.62937889066,10.3333972357
-4.35897435897,3.85713687184,2.62937573984,10.3333347776
-4.35641025641,3.85711575286,2.6293724115,10.3332787075
-4.35384615385,3.85710106115,2.62936933102,10.3332386741
-4.35128205128,3.85709528994,2.62936686039,10.3332212144
-4.34871794872,3.85709935378,2.62936525471,10.3332287894
-4.34615384615,3.85711244561,2.6293646333,10.3332594056
-4.34358974359,3.8571321313,2.62936496722,10.3333068547
-4.34102564103,3.85715467518,2.62936608415,10.3333615573
-4.33846153846,3.85717557087,2.62936769029,10.3334119415
-4.3358974359,3.85719023279,2.62936940753,10.3334462405
-4.33333333333,3.85719478408,2.62937082322,10.3334545414
-4.33076923077,3.85718685782,2.6293715484,10.333430866
-4.32820512821,3.85716630918,2.62937127951,10.3333750171
-4.32564102564,3.85713571663,2.62936985697,10.3332938701
-4.32307692308,3.85710053169,2.62936731319,10.3332017412
-4.32051282051,3.85706871684,2.62936390113,10.3331194128
-4.31794871795,3.85704969263,2.62936009344,10.3330713456
-4.31538461538,3.85705239536,2.6293565409,10.3330805584
-4.31282051282,3.85708222769,2.62935397775,10.3331606033
-4.31025641026,3.85713666546,2.62935306031,10.3333040162
-4.30769230769,3.85719926449,2.62935412407,10.3334665714
-4.30512820513,3.85723179217,2.62935684348,10.333546618
-4.30256410256,3.85716418947,2.62935977706,10.3333587253
-4.3,3.85688204948,2.62935977912,10.3326008167
-4.3,3.85688204948,2.62935977912,10.3326008167
-4.29743589744,3.85715599822,2.62936686356,10.333335958
-4.29487179487,3.85721409076,2.62936619263,10.3334965941
-4.29230769231,3.857177581,2.62936258781,10.3334038905
-4.28974358974,3.8571182672,2.62935890159,10.3332484417
-4.28717948718,3.85707310963,2.62935657537,10.3331287893
-4.28461538462,3.85705583017,2.62935608878,10.3330819956
-4.28205128205,3.85706588862,2.62935731444,10.3331073105
-4.27948717949,3.85709520569,2.62935979048,10.3331839069
-4.27692307692,3.85713297755,2.6293629223,10.3332835905
-4.27435897436,3.85716890217,2.62936612407,10.333379328
-4.27179487179,3.85719511243,2.6293689101,10.333450369
-4.26923076923,3.8572070863,2.62937094516,10.3334846735
-4.26666666667,3.85720377941,2.62937206232,10.3334792901
-4.2641025641,3.85718720029,2.62937225616,10.3334392651
-4.26153846154,3.85716162392,2.6293716582,10.3333755963
-4.25897435897,3.85713261385,2.62937050086,10.3333026804
-4.25641025641,3.85710599878,2.62936907549,10.3332356381
-4.25384615385,3.85708692408,2.62936768906,10.333187832
-4.25128205128,3.8570790742,2.6293666237,10.333168832
-4.24871794872,3.85708413658,2.62936610216,10.3331830127
-4.24615384615,3.85710155327,2.62936626187,10.3332289041
-4.24358974359,3.857128581,2.62936713924,10.3332993506
-4.24102564103,3.85716065594,2.6293686653,10.3333824685
-4.23846153846,3.85719203425,2.62937067291,10.333463325
-4.2358974359,3.85721665468,2.62937291503,10.3335261974
-4.23333333333,3.8572291445,2.62937509289,10.3335572056
-4.23076923077,3.85722586519,2.62937689199,10.3335470451
-4.22820512821,3.85720586932,2.62937802326,10.3334934812
-4.22564102564,3.85717161519,2.6293782659,10.3334032013
-4.22307692308,3.8571292609,2.62937750773,10.3332925559
-4.22051282051,3.85708833445,2.62937577805,10.3331866519
-4.21794871795,3.85706055173,2.62937326736,10.3331161986
-4.21538461538,3.85705752927,2.62937032737,10.3331114395
-4.21282051282,3.85708711365,2.62936744411,10.3331924379
-4.21025641026,3.85714802454,2.62936517626,10.333354919
-4.20769230769,3.85722248363,2.62936404978,10.3335508053
-4.20512820513,3.85726647639,2.6293643998,10.3336625159
-4.20256410256,3.85719726914,2.62936614935,10.3334700366
-4.2,3.8568777786,2.62936851425,10.3326096998
-4.2,3.8568777786,2.62936851425,10.3326096998
-4.19743589744,3.8571779972,2.62937122744,10.3334101875
-4.19487179487,3.85724136089,2.62937037942,10.3335819024
-4.19230769231,3.85719952472,2.62936796247,10.3334730585
-4.18974358974,3.85713104914,2.62936525727,10.3332917366
-4.18717948718,3.85707692301,2.62936300414,10.3331468161
-4.18461538462,3.85705291461,2.62936154727,10.3330805435
-4.18205128205,3.85705916151,2.62936095451,10.3330938227
-4.17948717949,3.8570873847,2.62936111534,10.333165242
-4.17692307692,3.85712608634,2.62936181909,10.3332647862
-4.17435897436,3.85716406513,2.62936281558,10.3333631146
-4.17179487179,3.85719255732,2.62936386009,10.3334372163
-4.16923076923,3.85720628586,2.62936474473,10.3334731883
-4.16666666667,3.85720367435,2.62936531806,10.3334668126
-4.1641025641,3.85718645687,2.62936549473,10.3334225419
-4.16153846154,3.85715888899,2.62936525685,10.333351434
-4.15897435897,3.85712673954,2.62936464878,10.3332685094
-4.15641025641,3.85709621703,2.62936376674,10.3331899366
-4.15384615385,3.85707295909,2.62936274482,10.3331303835
-4.15128205128,3.85706118712,2.62936173862,10.3331008035
-4.14871794872,3.85706310329,2.62936090788,10.3331068601
-4.14615384615,3.85707858067,2.62936039918,10.3331481223
-4.14358974359,3.85710517215,2.62936033,10.3332180986
-4.14102564103,3.85713843758,2.62936077495,10.333305107
-4.13846153846,3.85717256331,2.6293617552,10.3333939122
-4.1358974359,3.85720122228,2.62936323197,10.333467993
-4.13333333333,3.85721859724,2.62936510477,10.3335122341
-4.13076923077,3.85722046407,2.6293672151,10.3335157709
-4.12820512821,3.8572052062,2.62936935612,10.3334746446
-4.12564102564,3.85717460567,2.62937128888,10.3333938615
-4.12307692308,3.85713423066,2.62937276543,10.3332883783
-4.12051282051,3.85709321332,2.62937355924,10.3331824696
-4.11794871795,3.85706318646,2.62937350308,10.3331068671
-4.11538461538,3.85705612166,2.62937253458,10.3330929886
-4.11282051282,3.85708078567,2.62937074949,10.3331635104
-4.11025641026,3.85713750638,2.62936846263,10.3333184675
-4.10769230769,3.85721091398,2.6293662763,10.3335159986
-4.10512820513,3.85726029691,2.62936515603,10.3336467835
-4.10256410256,3.85720718695,2.62936651359,10.3335011558
-4.1,3.85691976171,2.62937229726,10.3327278025
-4.1,3.85691976171,2.62937229726,10.3327278025
-4.09743589744,3.85718582744,2.62937108659,10.3334350133
-4.09487179487,3.85724398092,2.62937169356,10.3335920329
-4.09230769231,3.85720839103,2.62937257338,10.3335002804
-4.08974358974,3.85714777234,2.62937299469,10.33334125
-4.08717948718,3.85709850281,2.62937275279,10.3332111304
-4.08461538462,3.85707509482,2.6293719503,10.3331484334
-4.08205128205,3.85707835828,2.6293708352,10.3331555271
-4.07948717949,3.85710157348,2.62936968742,10.3332149143
-4.07692307692,3.85713497069,2.62936874569,10.3333010413
-4.07435897436,3.8571687923,2.62936816679,10.3333883655
-4.07179487179,3.85719519248,2.62936801037,10.3334563567
-4.06923076923,3.85720920843,2.62936824291,10.3334920506
-4.06666666667,3.85720901627,2.6293687549,10.333490716
-4.0641025641,3.85719566372,2.62936938643,10.3334551458
-4.06153846154,3.85717245075,2.62936995651,10.3333940218
-4.05897435897,3.85714410845,2.62937029258,10.333319751
-4.05641025641,3.85711590547,2.62937025684,10.3332461143
-4.05384615385,3.85709279041,2.62936976715,10.3331860134
-4.05128205128,3.85707865751,2.62936881061,10.333149547
-4.04871794872,3.85707580221,2.62936744853,10.3331425896
-4.04615384615,3.85708461208,2.62936581243,10.3331659939
-4.04358974359,3.8571035178,2.62936409114,10.3332154797
-4.04102564103,3.85712920772,2.62936250976,10.3332822186
-4.03846153846,3.85715708886,2.62936130193,10.3333540672
-4.0358974359,3.85718195604,2.62936067764,10.3334173462
-4.03333333333,3.85719881003,2.62936078905,10.3334590085
-4.03076923077,3.85720374458,2.62936169799,10.3334689811
-4.02820512821,3.85719480128,2.62936334904,10.3334424152
-4.02564102564,3.85717267037,2.62936555287,10.3333815171
-4.02307692308,3.85714109437,2.62936798523,10.333296582
-4.02051282051,3.85710681084,2.62937020762,10.3332057956
-4.01794871795,3.85707884944,2.62937171624,10.3331333126
-4.01538461538,3.85706697737,2.62937202657,10.3331050662
-4.01282051282,3.8570790667,2.62937080159,10.3331417069
-4.01025641026,3.85711713589,2.6293680322,10.3332480143
-4.00769230769,3.85717179681,2.62936427895,10.3333980696
-4.00512820513,3.85721481792,2.62936098509,10.3335154203
-4.00256410256,3.85718949298,2.62936087151,10.3334474141
-4,3.85699848403,2.6293684255,10.3329328243
-4,3.85699848403,2.6293684255,10.3329328243
-3.99743589744,3.85716912647,2.62936275728,10.3333824721
-3.99487179487,3.8572084807,2.6293644238,10.3334870501
-3.99230769231,3.85718706038,2.62936840519,10.3334320869
-3.98974358974,3.85714803088,2.62937196005,10.3333309896
-3.98717948718,3.85711488601,2.62937390789,10.3332453482
-3.98461538462,3.85709761878,2.62937406581,10.3332012436
-3.98205128205,3.8570975736,2.62937281825,10.3332020584
-3.97948717949,3.8571111562,2.62937080045,10.3332382601
-3.97692307692,3.85713256591,2.62936867803,10.3332945942
-3.97435897436,3.85715570406,2.62936700598,10.3333550967
-3.97179487179,3.85717540067,2.62936615181,10.3334063038
-3.96923076923,3.85718809069,2.62936626899,10.3334390083
-3.96666666667,3.8571920593,2.6293673079,10.3334488798
-3.9641025641,3.85718736507,2.62936905291,10.3334362374
-3.96153846154,3.85717553809,2.62937117557,10.3334052343
-3.95897435897,3.85715913901,2.62937329515,10.3333626797
-3.95641025641,3.85714125387,2.62937503905,10.3333166985
-3.95384615385,3.85712498805,2.62937609691,10.3332753954
-3.95128205128,3.85711301162,2.62937626367,10.3332456612
-3.94871794872,3.85710719687,2.62937546791,10.3332322299
-3.94615384615,3.85710837788,2.62937378328,10.3332370627
-3.94358974359,3.85711625037,2.62937142204,10.3332591074
-3.94102564103,3.857129419,2.62936871114,10.333294451
-3.93846153846,3.85714558795,2.62936605238,10.3333368515
-3.9358974359,3.8571618795,2.62936386974,10.3333786071
-3.93333333333,3.85717525368,2.6293625481,10.3334116895
-3.93076923077,3.85718299137,2.62936236892,10.333429039
-3.92820512821,3.85718319139,2.62936344976,10.3334258867
-3.92564102564,3.85717522116,2.62936569581,10.3334009431
-3.92307692308,3.85716004932,2.62936877293,10.3333572573
-3.92051282051,3.85714037712,2.62937211289,10.3333025253
-3.91794871795,3.85712047448,2.62937496299,10.333248593
-3.91538461538,3.85710561499,2.6293764935,10.3332098707
-3.91282051282,3.85710099326,2.62937597746,10.3332003455
-3.91025641026,3.85710999634,2.629373059,10.3332288477
-3.90769230769,3.85713169005,2.62936812742,10.3332921973
-3.90512820513,3.85715736947,2.62936281545,10.3333658271
-3.90256410256,3.85716601182,2.62936064166,10.3333914481
-3.9,3.85711845852,2.62936781864,10.3332612931
-3.9,3.85711845852,2.62936781864,10.3332612931
-3.89743589744,3.85714907796,2.62935808943,10.3333342909
-3.89487179487,3.8571584921,2.62935993198,10.3333553262
-3.89230769231,3.85715543553,2.62936573661,10.3333463838
-3.88974358974,3.85714650744,2.62937123016,10.3333238399
-3.88717948718,3.85713639086,2.62937445884,10.3332991343
-3.88461538462,3.85712810654,2.6293749828,10.333279497
-3.88205128205,3.85712328737,2.62937325476,10.3332686992
-3.87948717949,3.85712246041,2.62937015682,10.3332678018
-3.87692307692,3.85712532532,2.62936667156,10.3332758747
-3.87435897436,3.8571310193,2.62936366494,10.3332906684
-3.87179487179,3.85713836012,2.62936176044,10.3333092188
-3.86923076923,3.85714606038,2.62936128545,10.3333283709
-3.86666666667,3.85715290753,2.62936227273,10.3333452112
-3.8641025641,3.85715790555,2.62936450128,10.3333574012
-3.86153846154,3.857160376,2.62936756298,10.3333634071
-3.85897435897,3.8571600171,2.62937094266,10.3333626263
-3.85641025641,3.85715692151,2.62937410134,10.3333554119
-3.85384615385,3.8571515545,2.62937655382,10.3333430022
-3.85128205128,3.85714469591,2.62937793368,10.3333273644
-3.84871794872,3.85713735077,2.62937804039,10.333310965
-3.84615384615,3.85713063475,2.62937686485,10.333296483
-3.84358974359,3.85712564222,2.62937459156,10.3332864865
-3.84102564103,3.85712330615,2.62937157717,10.3332830941
-3.83846153846,3.8571242605,2.62936830691,10.3332876478
-3.8358974359,3.85712871723,2.62936533219,10.3333004285
-3.83333333333,3.85713637152,2.62936319421,10.333320445
-3.83076923077,3.85714635034,2.62936234027,10.3333453343
-3.82820512821,3.85715722076,2.62936304108,10.3333714126
-3.82564102564,3.8571670762,2.62936531919,10.3333939208
-3.82307692308,3.85717371991,2.62936890014,10.3334075092
-3.82051282051,3.85717496667,2.62937319993,10.3334070146
-3.81794871795,3.8571690852,2.62937736386,10.3333885792
-3.81538461538,3.85715540498,2.62938037355,10.3333511718
-3.81282051282,3.85713511292,2.62938124094,10.3332985684
-3.81025641026,3.85711226669,2.62937930919,10.3332418573
-3.80769230769,3.85709505288,2.62937468287,10.3332025353
-3.80512820513,3.8570973198,2.62936881083,10.3332162648
-3.80256410256,3.85714041611,2.6293652473,10.3333373658
-3.8,3.85725536785,2.62937061765,10.3336441199
-3.8,3.85725536785,2.62937061765,10.3336441199
-3.79743589744,3.85713220051,2.62935898611,10.3333062362
-3.79487179487,3.85710832292,2.62936077385,10.333235965
-3.79230769231,3.8571254873,2.62936733237,10.3332783151
-3.78974358974,3.85715032848,2.62937372043,10.3333439173
-3.78717948718,3.85716668458,2.62937759938,10.3333888933
-3.78461538462,3.8571695661,2.62937835281,10.3333990293
-3.78205128205,3.85716055029,2.62937640266,10.3333776723
-3.77948717949,3.85714439185,2.62937269483,10.3333368066
-3.77692307692,3.85712665598,2.62936832931,10.3332908023
-3.77435897436,3.85711219394,2.62936431109,10.333252369
-3.77179487179,3.8571042961,2.62936140037,10.3332302844
-3.76923076923,3.85710437178,2.62936004203,10.3332285037
-3.76666666667,3.85711201999,2.6293603563,10.3332462973
-3.7641025641,3.85712536932,2.62936217422,10.3332790976
-3.76153846154,3.85714158029,2.629365103,10.333319778
-3.75897435897,3.8571574174,2.6293686087,10.3333601206
-3.75641025641,3.8571698133,2.62937210456,10.3333922719
-3.75384615385,3.8571763614,2.62937503595,10.3334100174
-3.75128205128,3.85717568837,2.62937695386,10.3334097516
-3.74871794872,3.85716767205,2.62937757122,10.3333910493
-3.74615384615,3.85715348509,2.62937679776,10.3333567893
-3.74358974359,3.85713545908,2.6293747508,10.3333128145
-3.74102564103,3.85711677859,2.62937174151,10.3332671526
-3.73846153846,3.85710102876,2.62936823728,10.3332288586
-3.7358974359,3.85709163511,2.62936480328,10.3332065792
-3.73333333333,3.8570912483,2.62936202748,10.333206974
-3.73076923077,3.85710114138,2.62936043537,10.3332331718
-3.72820512821,3.85712070159,2.62936040255,10.333283471
-3.72564102564,3.85714711319,2.62936207467,10.3333505377
-3.72307692308,3.85717534237,2.62936530642,10.3334213885
-3.72051282051,3.85719855007,2.62936963264,10.3334784841
-3.71794871795,3.85720907255,2.62937428656,10.3335022985
-3.71538461538,3.85720012473,2.62937828177,10.3334757657
-3.71282051282,3.85716839527,2.62938057639,10.3333910425
-3.71025641026,3.85711771738,2.62938033964,10.3332590665
-3.70769230769,3.85706401354,2.62937734277,10.333122424
-3.70512820513,3.85704172696,2.62937249826,10.3330720803
-3.70256410256,3.85711196734,2.62936857251,10.3332685655
-3.7,3.8573726126,2.62937109844,10.3339682425
-3.7,3.8573726126,2.62937109844,10.3339682425
-3.69743589744,3.85711643711,2.62936039078,10.3332777525
-3.69487179487,3.85706381201,2.62936205132,10.333130352
-3.69230769231,3.85709920745,2.62936828185,10.3332200055
-3.68974358974,3.85715476649,2.6293745437,10.3333663531
-3.68717948718,3.85719605424,2.62937861116,10.3334772574
-3.68461538462,3.85721078025,2.62937981163,10.3335191504
-3.68205128205,3.8572001014,2.6293784307,10.333494151
-3.67948717949,3.85717213777,2.62937526031,10.33342299
-3.67692307692,3.85713735871,2.62937126931,10.3333328441
-3.67435897436,3.85710552136,2.62936737699,10.3332492455
-3.67179487179,3.85708386911,2.62936431189,10.333191301
-3.66923076923,3.85707632217,2.6293625393,10.333169518
-3.66666666667,3.85708341765,2.62936224253,10.3331856013
-3.6641025641,3.85710278148,2.62936334444,10.3332336511
-3.66153846154,3.85712993945,2.62936555671,10.3333022553
-3.65897435897,3.85715929975,2.62936844622,10.3333770383
-3.65641025641,3.85718516433,2.62937150888,10.3334432908
-3.65384615385,3.85720265143,2.62937424287,10.3334883726
-3.65128205128,3.85720843656,2.62937621452,10.3335036458
-3.64871794872,3.85720124436,2.62937711158,10.3334857595
-3.64615384615,3.85718204859,2.62937677993,10.3334371758
-3.64358974359,3.85715396272,2.62937524119,10.3333658889
-3.64102564103,3.8571218283,2.62937269008,10.3332843572
-3.63846153846,3.85709153364,2.62936947183,10.333207733
-3.6358974359,3.85706911996,2.62936604109,10.3331515395
-3.63333333333,3.85705975761,2.62936290548,10.3331290108
-3.63076923077,3.85706669944,2.62936055813,10.3331483759
-3.62820512821,3.85709034389,2.62935940496,10.3332104332
-3.62564102564,3.85712756509,2.62935969398,10.3333068285
-3.62307692308,3.8571714923,2.62936145511,10.3334195126
-3.62051282051,3.8572119461,2.62936446057,10.3335219232
-3.61794871795,3.85723676372,2.62936821707,10.3335824985
-3.61538461538,3.85723427077,2.62937200254,10.3335711977
-3.61282051282,3.85719718192,2.62937496153,10.333469768
-3.61025641026,3.85712823771,2.62937627464,10.333286562
-3.60769230769,3.85704791004,2.62937541909,10.3330767783
-3.60512820513,3.85700453362,2.62937253882,10.3329690604
-3.60256410256,3.85708724575,2.62936894386,10.3331994552
-3.6,3.85744214191,2.6293677595,10.3341538003
-3.6,3.85744214191,2.6293677595,10.3341538003
-3.59743589744,3.85710367266,2.62936025499,10.3332475553
-3.59487179487,3.8570327361,2.62936128429,10.3330523356
-3.59230769231,3.85707951243,2.62936569309,10.3331720074
-3.58974358974,3.85715511789,2.62937038394,10.3333710521
-3.58717948718,3.85721364115,2.62937374777,10.3335272996
-3.58461538462,3.85723787916,2.62937520151,10.3335943879
-3.58205128205,3.85722828971,2.62937482033,10.3335726807
-3.57948717949,3.85719470828,2.62937305301,10.3334874529
-3.57692307692,3.85715040723,2.62937050904,10.3333732361
-3.57435897436,3.85710810575,2.62936780681,10.333263293
-3.57179487179,3.85707756937,2.62936547324,10.333183273
-3.56923076923,3.85706446838,2.62936388561,10.3331481777
-3.56666666667,3.85707019461,2.62936324729,10.3331618488
-3.5641025641,3.85709236676,2.62936358984,10.3332182667
-3.56153846154,3.85712578463,2.62936479434,10.3333040323
-3.55897435897,3.85716362311,2.62936662589,10.3334014806
-3.55641025641,3.8571986872,2.62936877556,10.3334919577
-3.55384615385,3.85722457961,2.62937090494,10.3335588704
-3.55128205128,3.85723666313,2.62937268925,10.3335901997
-3.54871794872,3.85723273005,2.62937385545,10.3335802467
-3.54615384615,3.85721332159,2.62937421268,10.3335304636
-3.54358974359,3.85718167052,2.62937367302,10.3334492969
-3.54102564103,3.85714327068,2.62937226121,10.333351055
-3.53846153846,3.85710510738,2.6293701127,10.3332538892
-3.5358974359,3.85707461319,2.62936746021,10.3331770584
-3.53333333333,3.85705844392,2.62936460939,10.3331377268
-3.53076923077,3.85706120011,2.62936190521,10.3331476255
-3.52820512821,3.85708424961,2.62935969117,10.3332099866
-3.52564102564,3.85712483734,2.62935826437,10.3333172398
-3.52307692308,3.85717569875,2.62935782988,10.3334500426
-3.52051282051,3.85722542371,2.62935845892,10.3335782911
-3.51794871795,3.85725984819,2.62936005569,10.3336648432
-3.51538461538,3.8572647814,2.62936233867,10.3336727637
-3.51282051282,3.85723040637,2.62936484275,10.3335769782
-3.51025641026,3.8571577225,2.6293669492,10.3333813095
-3.50769230769,3.85706742899,2.62936795142,10.3331419417
-3.50512820513,3.85701167826,2.62936716501,10.3329984438
-3.50256410256,3.85708915923,2.6293640917,10.3332135623
-3.5,3.85746400039,2.62935864726,10.3342230697
-3.5,3.85746400039,2.62935864726,10.3342230697
-3.49743589744,3.85711435048,2.6293554308,10.3332919793
-3.49487179487,3.85704006308,2.62935479879,10.3330906079
-3.49230769231,3.85708857597,2.6293555164,10.3332161243
-3.48974358974,3.85716866932,2.62935668954,10.3334273889
-3.48717948718,3.85723258822,2.62935771789,10.333597859
-3.48461538462,3.85726180679,2.62935824649,10.3336780876
-3.48205128205,3.85725596353,2.62935811754,10.3336665773
-3.47948717949,3.85722452694,2.62935732396,10.3335878266
-3.47692307692,3.85718077962,2.62935596577,10.3334764821
-3.47435897436,3.85713773878,2.6293542102,10.3333665912
-3.47179487179,3.85710565977,2.62935225637,10.3332850226
-3.46923076923,3.85709079937,2.6293503051,10.3332482028
-3.46666666667,3.85709514414,2.62934853438,10.3332613933
-3.4641025641,3.8571168391,2.62934708069,10.333319809
-3.46153846154,3.85715108087,2.62934602647,10.3334109588
-3.45897435897,3.85719126901,2.62934539356,10.3335176633
-3.45641025641,3.85723023856,2.62934514249,10.3336212849
-3.45384615385,3.85726142607,2.62934517717,10.3337047809
-3.45128205128,3.8572798507,2.6293453545,10.3337552691
-3.44871794872,3.8572828216,2.62934549819,10.3337658712
-3.44615384615,3.85727031151,2.62934541578,10.3337366784
-3.44358974359,3.85724496666,2.62934491802,10.3336747604
-3.44102564103,3.85721175161,2.62934383927,10.3335932148
-3.43846153846,3.85717725745,2.62934205761,10.3335093345
-3.4358974359,3.85714873107,2.62933951305,10.3334420451
-3.43333333333,3.85713291242,2.6293362222,10.3334088429
-3.43076923077,3.85713479596,2.62933228748,10.3334225429
-3.42820512821,3.85715646216,2.62932789881,10.3334882199
-3.42564102564,3.85719615384,2.62932332558,10.3336008076
-3.42307692308,3.85724780164,2.62931889648,10.3337438946
-3.42051282051,3.85730123246,2.62931496475,10.3338903355
-3.41794871795,3.85734332355,2.62931185611,10.3340053719
-3.41538461538,3.85736039477,2.62930979641,10.3340530356
-3.41282051282,3.85734216053,2.62930881621,10.3340066838
-3.41025641026,3.85728759241,2.62930862879,10.3338645939
-3.40769230769,3.85721307278,2.62930847822,10.3336716218
-3.40512820513,3.85716324891,2.6293069541,10.3335480061
-3.40256410256,3.85722502672,2.62930176929,10.3337264774
-3.4,3.85754517236,2.62928949792,10.3345989098
-3.4,3.85754517236,2.62928949792,10.3345989098
-3.39743589744,3.857268647,2.62928768341,10.3338770902
-3.39487179487,3.85721515504,2.62928131773,10.3337447469
-3.39230769231,3.85726305318,2.62927354805,10.333881244
-3.38974358974,3.857338889,2.62926598057,10.3340929982
-3.38717948718,3.85740357306,2.62925919282,10.3342769894
-3.38461538462,3.85744132518,2.62925313144,10.3343916024
-3.38205128205,3.8574510418,2.62924741074,10.3344338652
-3.37948717949,3.85743975308,2.62924152708,10.3344222071
-3.37692307692,3.85741786022,2.62923500284,10.3343839159
-3.37435897436,3.85739586486,2.62922747288,10.3343465349
-3.37179487179,3.85738232449,2.62921872533,10.3343324918
-3.36923076923,3.85738278928,2.62920870728,10.3343563164
-3.36666666667,3.85739949756,2.62919750516,10.3344238556
-3.3641025641,3.85743162882,2.62918530824,10.3345329539
-3.36153846154,3.85747593485,2.629172363,10.3346751279
-3.35897435897,3.8575275913,2.6291589247,10.3348378147
-3.35641025641,3.85758113376,2.62914521186,10.3350068384
-3.35384615385,3.85763136407,2.62913136778,10.3351687916
-3.35128205128,3.85767413421,2.62911743279,10.3353130889
-3.34871794872,3.85770693703,2.6291033292,10.3354335055
-3.34615384615,3.85772925469,2.62908886055,10.3355290729
-3.34358974359,3.85774263727,2.62907372502,10.3356042605
-3.34102564103,3.85775050591,2.62905754252,10.3356684292
-3.33846153846,3.85775769643,2.62903989331,10.3357346015
-3.3358974359,3.85776978117,2.6290203654,10.3358176496
-3.33333333333,3.85779222838,2.62899860664,10.3359320604
-3.33076923077,3.85782948036,2.62897437662,10.3360894946
-3.32820512821,3.85788405306,2.62894759219,10.3362964139
-3.32564102564,3.85795578175,2.62891835945,10.3365521083
-3.32307692308,3.85804135902,2.62888698426,10.3368475131
-3.32051282051,3.85813433295,2.62885395179,10.3371652624
-3.31794871795,3.85822575518,2.62881986527,10.3374814836
-3.31538461538,3.85830569024,2.62878533238,10.337769895
-3.31282051282,3.85836581921,2.62875078737,10.3380088271
-3.31025641026,3.85840339242,2.62871623537,10.3381918433
-3.30769230769,3.85842680784,2.62868090476,10.3383426959
-3.30512820513,3.8584631131,2.62864279202,10.3385354098
-3.30256410256,3.85856775138,2.62859808324,10.3389203427
-3.3,3.85883689245,2.62854043582,10.3397571307
-3.3,3.85883689245,2.62854043582,10.3397571307
-3.29743589744,3.8587825161,2.62849730284,10.3397405329
-3.29487179487,3.85885095357,2.62844026736,10.3400529014
-3.29230769231,3.85898087625,2.62837632004,10.3405337166
-3.28974358974,3.85913441983,2.62830921566,10.341084365
-3.28717948718,3.85929075304,2.62824047625,10.3416510884
-3.28461538462,3.8594408778,2.62817018186,10.3422112165
-3.28205128205,3.85958351142,2.62809757654,10.3427622833
-3.27948717949,3.85972191028,2.62802151571,10.3433136495
-3.27692307692,3.85986150316,2.62794077968,10.3438802782
-3.27435897436,3.86000821118,2.6278542761,10.3444783339
-3.27179487179,3.86016733986,2.62776115257,10.3451222981
-3.26923076923,3.86034293781,2.62766083858,10.3458233194
-3.26666666667,3.86053752502,2.62755303433,10.3465885392
-3.2641025641,3.86075210272,2.62743766204,10.3474211558
-3.26153846154,3.86098636522,2.6273147939,10.3483210176
-3.25897435897,3.86123904325,2.62718456856,10.3492855543
-3.25641025641,3.86150831658,2.6270471069,10.3503108834
-3.25384615385,3.86179224293,2.62690243534,10.3513929486
-3.25128205128,3.86208915855,2.62675042382,10.3525285749
-3.24871794872,3.86239801469,2.62659074332,10.3537163438
-3.24615384615,3.86271862311,2.62642284626,10.3549572198
-3.24358974359,3.86305179204,2.62624597122,10.3562548799
-3.24102564103,3.86339934338,2.62605917174,10.3576157242
-3.23846153846,3.86376401008,2.62586136702,10.3590485659
-3.2358974359,3.86414922164,2.6256514109,10.3605640258
-3.23333333333,3.86455879449,2.62542817318,10.3621736776
-3.23076923077,3.86499655256,2.62519062632,10.3638890159
-3.22820512821,3.86546591212,2.62493792797,10.3657203397
-3.22564102564,3.86596947381,2.62466948882,10.3676756705
-3.22307692308,3.86650867338,2.62438501286,10.3697598462
-3.22051282051,3.86708355158,2.62408449592,10.3719739549
-3.21794871795,3.86769271204,2.62376816635,10.3743152978
-3.21538461538,3.86833354516,2.62343635032,10.3767780924
-3.21282051282,3.86900280435,2.62308924224,10.3793551518
-3.21025641026,3.86969763004,2.62272655961,10.3820407981
-3.20769230769,3.87041712524,2.62234705958,10.3848352925
-3.20512820513,3.87116459561,2.6219478933,10.3877510864
-3.20256410256,3.8719505753,2.62152377241,10.3908212237
-3.2,3.87279676889,2.62106592099,10.3941102444
-3.2,3.87279676889,2.62106592099,10.3941102444
-3.19743589744,3.87372278338,2.62060615832,10.3976750668
-3.19487179487,3.87467091999,2.62010707797,10.4013483845
-3.19230769231,3.87566048584,2.61957771237,10.4051853794
-3.18974358974,3.87670206984,2.6190227225,10.4092180157
-3.18717948718,3.87780060481,2.61844372278,10.4134630479
-3.18461538462,3.87895770169,2.61784033277,10.4179281431
-3.18205128205,3.88017336228,2.6172109913,10.4226163908
-3.17948717949,3.88144716983,2.61655356614,10.4275294578
-3.17692307692,3.88277904914,2.61586578992,10.4326696222
-3.17435897436,3.88416968073,2.61514555119,10.4380409056
-3.17179487179,3.88562064587,2.61439106717,10.4436495
-3.16923076923,3.88713437232,2.61360096253,10.449503671
-3.16666666667,3.88871394275,2.61277427652,10.4556132953
-3.1641025641,3.89036282081,2.61191041848,10.4619891762
-3.16153846154,3.89208454225,2.61100908963,10.4686422584
-3.15897435897,3.893882411,2.61007018688,10.4755828461
-3.15641025641,3.89575923299,2.60909370213,10.4828199087
-3.15384615385,3.89771711283,2.60807962847,10.4903605406
-3.15128205128,3.89975733121,2.60702788258,10.4982096213
-3.14871794872,3.90188031345,2.60593825011,10.5063697037
-3.14615384615,3.90408569234,2.60481035908,10.5148411402
-3.14358974359,3.9063724607,2.60364368381,10.5236224354
-3.14102564103,3.90873920213,2.60243757967,10.5327107973
-3.13846153846,3.91118438067,2.60119134701,10.5421028392
-3.1358974359,3.91370666294,2.59990431999,10.5517953635
-3.13333333333,3.91630523862,2.59857597407,10.5617861433
-3.13076923077,3.91898009818,2.59720604353,10.572074595
-3.12820512821,3.92173221897,2.59579463805,10.582662217
-3.12564102564,3.92456360362,2.59434234529,10.5935526526
-3.12307692308,3.92747710714,2.59285030373,10.6047512108
-3.12051282051,3.93047598191,2.59132022797,10.6162636652
-3.11794871795,3.93356306217,2.58975436625,10.6280941264
-3.11538461538,3.93673950235,2.58815536734,10.6402417677
-3.11282051282,3.9400029761,2.58652603193,10.6526961609
-3.11025641026,3.94334523549,2.58486892102,10.6654309623
-3.10769230769,3.94674892258,2.58318579164,10.6783956662
-3.10512820513,3.95018351796,2.58147682765,10.691505126
-3.10256410256,3.95360030364,2.57973963084,10.7046265207
-3.1,3.95692621019,2.57796793424,10.7175634259
-3.1,3.95692621019,2.57796793424,10.7175634259
-3.09743589744,3.9607417422,2.57619690759,10.7318844753
-3.09487179487,3.96442154328,2.57439127419,10.7458753818
-3.09230769231,3.96806384693,2.57256465684,10.7597953395
-3.08974358974,3.97172309808,2.57072621423,10.7737857708
-3.08717948718,3.97542320406,2.56888196531,10.7879057159
-3.08461538462,3.97916798511,2.5670358497,10.8021597837
-3.08205128205,3.9829491998,2.56519055631,10.8165196595
-3.07948717949,3.98675249661,2.56334814964,10.8309400971
-3.07692307692,3.99056161822,2.5615105212,10.8453702608
-3.07435897436,3.99436116149,2.55967969206,10.85976122
-3.07179487179,3.99813817115,2.55785799134,10.8740703322
-3.06923076923,4.00188282166,2.55604813393,10.8882631889
-3.06666666667,4.00558841677,2.55425321911,10.9023137344
-3.0641025641,4.00925091276,2.55247667028,10.9162031024
-3.06153846154,4.01286814647,2.55072213433,10.9299176533
-3.05897435897,4.01643892543,2.54899335721,10.943446629
-3.05641025641,4.01996211296,2.54729405058,10.9567797804
-3.05384615385,4.02343581681,2.54562776244,10.9699052552
-3.05128205128,4.02685676594,2.54399776259,10.9828079737
-3.04871794872,4.03021993534,2.54240695156,10.9954686527
-3.04615384615,4.03351845513,2.54085779966,11.0078635744
-3.04358974359,4.03674381531,2.53935231998,11.0199651328
-3.04102564103,4.03988635382,2.53789207727,11.0317431263
-3.03846153846,4.04293599104,2.5364782317,11.0431666991
-3.0358974359,4.04588314954,2.53511161406,11.05420677
-3.03333333333,4.04871977405,2.53379282653,11.0648387239
-3.03076923077,4.05144034182,2.53252236025,11.0750450737
-3.02820512821,4.05404272981,2.53130071855,11.0848177391
-3.02564102564,4.0565287805,2.53012853177,11.0941595197
-3.02307692308,4.0589043842,2.5290066474,11.10308428
-3.02051282051,4.06117887124,2.52793617611,11.1116152948
-3.01794871795,4.06336348327,2.52691847198,11.1197811414
-3.01538461538,4.06546866872,2.52595502251,11.1276084587
-3.01282051282,4.06749992312,2.52504722167,11.1351108296
-3.01025641026,4.06945187081,2.52419599665,11.1422729787
-3.00769230769,4.07130026026,2.52340125695,11.1490294106
-3.00512820513,4.07299152105,2.52266113217,11.155236553
-3.00256410256,4.07442950624,2.52197096201,11.1606374007
-3,4.07545901968,2.52132199836,11.164817595
-3,4.07545901968,2.52132199836,11.164817595
-2.99743589744,4.07719909232,2.52074028171,11.1708414613
-2.99487179487,4.07851609141,2.52019153651,11.1755994049
-2.99230769231,4.07959163219,2.51968509957,11.1795863573
-2.98974358974,4.08053378022,2.51922590243,11.1830989122
-2.98717948718,4.08139895991,2.51881573078,11.1862942314
-2.98461538462,4.08220930747,2.51845424221,11.1892367276
-2.98205128205,4.08296606781,2.51813977061,11.19193413
-2.97948717949,4.08365959738,2.51786994293,11.1943644379
-2.97692307692,4.08427649638,2.51764213246,11.1964951636
-2.97435897436,4.08480435601,2.51745377272,11.1982961675
-2.97179487179,4.08523456826,2.51730255444,11.1997472846
-2.96923076923,4.08556360744,2.51718652775,11.2008418393
-2.96666666667,4.08579315501,2.51710412978,11.2015870457
-2.9641025641,4.08592940067,2.51705415651,11.2020021871
-2.96153846154,4.08598181504,2.51703569615,11.202115366
-2.95897435897,4.08596165085,2.51704803895,11.2019595161
-2.95641025641,4.08588039164,2.51709057711,11.2015682626
-2.95384615385,4.08574832883,2.51716270591,11.2009721175
-2.95128205128,4.08557340996,2.51726373569,11.2001953937
-2.94871794872,4.08536046283,2.5173928219,11.199254119
-2.94615384615,4.08511086205,2.51754891875,11.1981551292
-2.94358974359,4.08482266668,2.51773075977,11.1968964185
-2.94102564103,4.08449121926,2.51793686653,11.1954687208
-2.93846153846,4.08411015874,2.51816558487,11.1938581961
-2.9358974359,4.08367276139,2.5184151459,11.1920499924
-2.93333333333,4.08317348616,2.51868374717,11.1900323507
-2.93076923077,4.08260956223,2.51896964756,11.1878008215
-2.92820512821,4.08198241917,2.51927126743,11.1853620555
-2.92564102564,4.08129872127,2.51958728415,11.1827365313
-2.92307692308,4.08057073018,2.51991671099,11.1799594815
-2.92051282051,4.07981568146,2.52025894593,11.1770791733
-2.91794871795,4.07905382275,2.5206137751,11.1741516021
-2.91538461538,4.0783047232,2.52098131387,11.1712305503
-2.91282051282,4.07758142564,2.52136186732,11.1683518646
-2.91025641026,4.07688197484,2.52175568992,11.165510702
-2.90769230769,4.07617781733,2.52216262351,11.162630392
-2.90512820513,4.07539852998,2.5225815909,11.1595214622
-2.90256410256,4.07441229641,2.52300992105,11.155829271
-2.9,4.07300151248,2.52344247928,11.15096859
-2.9,4.07300151248,2.52344247928,11.15096859
-2.89743589744,4.07260956255,2.52388856867,11.1488873008
-2.89487179487,4.07180839769,2.52433005416,11.1456822246
-2.89230769231,4.07081951239,2.52477303351,11.1419530027
-2.88974358974,4.06977525691,2.52522083595,11.1380594117
-2.88717948718,4.06874501097,2.52567482025,11.1341916274
-2.88461538462,4.06775598372,2.5261350132,11.130426078
-2.88205128205,4.06680933957,2.52660061055,11.1267687641
-2.87948717949,4.06589230528,2.52707035955,11.1231877992
-2.87692307692,4.06498686984,2.52754284048,11.1196368129
-2.87435897436,4.0640756448,2.5280166629,11.1160707371
-2.87179487179,4.06314540864,2.5284905915,11.1124553787
-2.86923076923,4.06218881486,2.52896361511,11.1087720644
-2.86666666667,4.06120469967,2.52943497102,11.105018527
-2.8641025641,4.06019738093,2.52990413582,11.101207081
-2.86153846154,4.05917529635,2.53037079233,11.0973610221
-2.85897435897,4.05814928475,2.5308347811,11.0935100635
-2.85641025641,4.05713077045,2.53129604393,11.0896855065
-2.85384615385,4.05613006678,2.53175456533,11.0859157238
-2.85128205128,4.05515497082,2.53221031734,11.0822224164
-2.84871794872,4.05420977747,2.53266321144,11.0786179882
-2.84615384615,4.05329479708,2.53311306102,11.0751042626
-2.84358974359,4.05240641686,2.53355955639,11.0716726499
-2.84102564103,4.05153770249,2.53400225366,11.0683057541
-2.83846153846,4.05067949205,2.53444057794,11.0649802927
-2.8358974359,4.04982189101,2.53487384062,11.0616710826
-2.83333333333,4.04895603241,2.53530126931,11.0583557295
-2.83076923077,4.04807592303,2.535722049,11.0550195391
-2.82820512821,4.047180152,2.53613537158,11.0516600523
-2.82564102564,4.0462731945,2.53654049082,11.0482904855
-2.82307692308,4.04536599922,2.53693677899,11.044941245
-2.82051282051,4.04447550442,2.53732378073,11.0416585597
-2.81794871795,4.04362268326,2.5377012592,11.0384991655
-2.81538461538,4.04282867536,2.53806922893,11.0355198521
-2.81282051282,4.04210851741,2.538427969,11.0327605663
-2.81025641026,4.04146194193,2.53877800971,11.0302196515
-2.80769230769,4.04086066899,2.53912008537,11.0278196796
-2.80512820513,4.04023157219,2.53945504517,11.0253622186
-2.80256410256,4.03943505587,2.5397837138,11.0224697591
-2.8,4.03823793682,2.54010669314,11.0185129062
-2.8,4.03823793682,2.54010669314,11.0185129062
-2.79743589744,4.03807555868,2.54041103159,11.0174029015
-2.79487179487,4.03755621493,2.54070328169,11.0153568758
-2.79230769231,4.03688939672,2.54098355205,11.0129376792
-2.78974358974,4.03620096223,2.54125202207,11.0104841422
-2.78717948718,4.03555739864,2.54150886117,11.008176003
-2.78461538462,4.0349851619,2.54175417435,11.006085663
-2.78205128205,4.03448572749,2.54198797076,11.0042184644
-2.77948717949,4.03404694626,2.5422101516,11.002543081
-2.77692307692,4.03365125986,2.54242051386,11.0010135075
-2.77435897436,4.03328129119,2.54261876611,10.9995840264
-2.77179487179,4.03292328557,2.54280455294,10.9982184254
-2.76923076923,4.03256883937,2.54297748449,10.9968946361
-2.76666666667,4.03221531315,2.54313716817,10.9956058548
-2.7641025641,4.03186528729,2.5432832396,10.9943591038
-2.76153846154,4.03152537848,2.54341539035,10.993172086
-2.75897435897,4.03120469628,2.54353339036,10.9920690784
-2.75641025641,4.03091317942,2.54363710343,10.9910765057
-2.75384615385,4.03066001244,2.54372649451,10.9902187305
-2.75128205128,4.0304522835,2.54380162823,10.9895144899
-2.74871794872,4.03029400533,2.54386265834,10.9889743022
-2.74615384615,4.03018558137,2.54390980875,10.9885990645
-2.74358974359,4.03012376041,2.54394334699,10.9883799546
-2.74102564103,4.0301020831,2.5439635519,10.9882996436
-2.73846153846,4.0301117848,2.54397067774,10.9883347254
-2.7358974359,4.03014307962,2.54396491762,10.9884591565
-2.73333333333,4.03018671118,2.54394636976,10.9886484013
-2.73076923077,4.03023561644,2.54391501046,10.9888838671
-2.72820512821,4.03028650932,2.54387067864,10.9891571101
-2.72564102564,4.0303411517,2.54381307688,10.9894731887
-2.72307692308,4.03040703991,2.54374179473,10.9898524327
-2.72051282051,4.03049719552,2.54365636052,10.9903297936
-2.71794871795,4.0306287099,2.54355632822,10.9909508351
-2.71538461538,4.03081965255,2.54344140634,10.9917633169
-2.71282051282,4.03108391401,2.54331163624,10.9928032202
-2.71025641026,4.03142351467,2.5431676273,10.9940739574
-2.70769230769,4.03181787148,2.54301085653,10.9955174035
-2.70512820513,4.03220947535,2.54284404071,10.9969752806
-2.70256410256,4.03248539232,2.54267158948,10.9981393223
-2.7,4.03245396267,2.54250014992,10.9984885383
-2.7,4.03245396267,2.54250014992,10.9984885383
-2.69743589744,4.0331814329,2.54229558038,11.0009245849
-2.69487179487,4.03366546642,2.54209013367,11.0027343659
-2.69230769231,4.03404945247,2.54187734797,11.0042995307
-2.68974358974,4.0344202591,2.54165399514,11.005850848
-2.68717948718,4.03482426666,2.54141903281,11.0075110596
-2.68461538462,4.03528022059,2.5411727887,11.0093292143
-2.68205128205,4.03578930387,2.54091634434,11.011307558
-2.67948717949,4.036342805,2.54065108824,11.0134219886
-2.67692307692,4.03692773324,2.54037841127,11.0156370197
-2.67435897436,4.03753070821,2.54009951868,11.0179161316
-2.67179487179,4.03814042701,2.53981533532,11.0202283222
-2.66923076923,4.03874898722,2.53952648259,11.0225516052
-2.66666666667,4.03935232024,2.53923330774,11.0248741375
-2.6641025641,4.03994996479,2.53893594816,11.0271935911
-2.66153846154,4.04054438621,2.53863441573,11.0295153219
-2.65897435897,4.04114002274,2.53832868802,11.0318498182
-2.65641025641,4.04174221582,2.53801879563,11.0342098506
-2.65384615385,4.04235615684,2.53770489681,11.0366076753
-2.65128205128,4.04298595874,2.53738733265,11.0390525815
-2.64871794872,4.0436339362,2.53706665818,11.0415490029
-2.64615384615,4.04430015417,2.53674364684,11.0440953543
-2.64358974359,4.04498227973,2.53641926764,11.0466836818
-2.64102564103,4.04567574853,2.53609463655,11.0493001555
-2.63846153846,4.04637423192,2.53577094558,11.0519263641
-2.6358974359,4.04707036741,2.53544937491,11.0545413079
-2.63333333333,4.04775669009,2.53513099542,11.0571239196
-2.63076923077,4.04842667861,2.53481667087,11.0596558776
-2.62820512821,4.049075805,2.53450697088,11.0621244113
-2.62564102564,4.04970245312,2.53420210762,11.0645247313
-2.62307692308,4.05030854631,2.53390191104,11.0668616539
-2.62051282051,4.05089970046,2.53360585949,11.0691499217
-2.61794871795,4.05148469435,2.53331318402,11.071412658
-2.61538461538,4.05207402471,2.53302306712,11.0736773281
-2.61282051282,4.05267728936,2.53273495789,11.075968512
-2.61025641026,4.05329911708,2.5324490277,11.0782967313
-2.60769230769,4.05393333893,2.53216679217,11.0806425057
-2.60512820513,4.05455507099,2.53189192681,11.0829347495
-2.60256410256,4.05511035453,2.53163130627,11.0850225524
-2.6,4.05550297503,2.53139630004,11.0866393239
-2.6,4.05550297503,2.53139630004,11.0866393239
-2.59743589744,4.05612153507,2.53113774213,11.0888429361
-2.59487179487,4.05664958205,2.53090649522,11.0907931585
-2.59230769231,4.05712227757,2.53069024449,11.092579264
-2.58974358974,4.05756266015,2.53048231166,11.0942591392
-2.58717948718,4.05798451253,2.53027990022,11.0958668412
-2.58461538462,4.05839478004,2.53008271267,11.0974189419
-2.58205128205,4.05879558096,2.52989188978,11.098919775
-2.57948717949,4.0591858487,2.52970922583,11.1003656983
-2.57692307692,4.05956264385,2.52953661694,11.1017484767
-2.57435897436,4.05992217245,2.52937570283,11.1030578866
-2.57179487179,4.06026054557,2.52922766556,11.1042836392
-2.56923076923,4.06057431348,2.52909315164,11.105416714
-2.56666666667,4.06086080615,2.52897228731,11.1064501891
-2.5641025641,4.06111831041,2.52886475946,11.107379651
-2.56153846154,4.06134611239,2.52876993828,11.1082032609
-2.55897435897,4.06154443223,2.52868702035,11.1089215501
-2.55641025641,4.06171427669,2.52861517427,11.1095370134
-2.55384615385,4.06185723356,2.52855367384,11.1100535619
-2.55128205128,4.06197523027,2.52850200692,11.1104758962
-2.54871794872,4.06207027746,2.52845995114,11.1108088513
-2.54615384615,4.06214421682,2.5284276106,11.111056765
-2.54358974359,4.06219849081,2.52840541086,11.1112229134
-2.54102564103,4.06223395045,2.52839405244,11.1113090523
-2.53846153846,4.06225071559,2.52839442616,11.1113151028
-2.5358974359,4.06224810076,2.52840749657,11.1112390091
-2.53333333333,4.06222461795,2.52843416304,11.1110767956
-2.53076923077,4.06217806612,2.52847511069,11.1108228454
-2.52820512821,4.06210571575,2.52853066678,11.1104704163
-2.52564102564,4.06200459507,2.52860068095,11.1100124063
-2.52307692308,4.06187188324,2.52868445078,11.1094423772
-2.52051282051,4.06170541381,2.52878071726,11.1087558371
-2.51794871795,4.06150429069,2.52888775779,11.1079517827
-2.51538461538,4.06126961686,2.5290036072,11.1070344913
-2.51282051282,4.0610053348,2.52912644078,11.1060155543
-2.51025641026,4.06071917591,2.529255156,11.1049161336
-2.50769230769,4.06042371454,2.52939019298,11.1037694206
-2.50512820513,4.06013752091,2.52953463658,11.1026232733
-2.50256410256,4.05988640546,2.52969564598,11.1015429989
-2.5,4.05970474557,2.52988625983,11.100614247
-2.5,4.05970474557,2.52988625983,11.100614247
-2.49743589744,4.05914631207,2.53005453973,11.0986185153
-2.49487179487,4.05871754218,2.53025713002,11.0969618798
-2.49230769231,4.05832954666,2.5304781771,11.0954009658
-2.48974358974,4.05793177819,2.53070867692,11.0937962347
-2.48717948718,4.05750010943,2.53094440486,11.0920799806
-2.48461538462,4.05702748926,2.53118427102,11.0902312052
-2.48205128205,4.05651682543,2.53142904811,11.0882564375
-2.47948717949,4.05597576525,2.5316804201,11.0861756249
-2.47692307692,4.05541306861,2.53194030347,11.0840122837
-2.47435897436,4.05483629098,2.53221039565,11.081787157
-2.47179487179,4.05425051685,2.53249190921,11.0795146902
-2.46923076923,4.05365790714,2.5327854538,11.0772016951
-2.46666666667,4.05305784735,2.5330910311,11.0748476337
-2.4641025641,4.05244750594,2.53340811153,11.072446016
-2.46153846154,4.05182263573,2.53373576487,11.0699864658
-2.45897435897,4.05117847403,2.5340728202,11.0674570681
-2.45641025641,4.05051062021,2.53441803415,11.0648466772
-2.45384615385,4.0498157926,2.53477024973,11.0621469204
-2.45128205128,4.04909238943,2.53512853148,11.0593536975
-2.44871794872,4.0483408019,2.53549226611,11.0564680346
-2.44615384615,4.04756345001,2.53586122115,11.0534962143
-2.44358974359,4.04676453537,2.53623555745,11.0504491625
-2.44102564103,4.04594952774,2.5366157948,11.0473411354
-2.43846153846,4.0451244256,2.53700273314,11.0441878112
-2.4358974359,4.04429485346,2.53739733517,11.0410039495
-2.43333333333,4.04346508235,2.53780057966,11.0378008456
-2.43076923077,4.04263708244,2.53821329774,11.0345838669
-2.42820512821,4.04180973993,2.53863600806,11.0313504164
-2.42564102564,4.04097839361,2.5390687698,11.0280887355
-2.42307692308,4.04013486911,2.53951107565,11.0247780131
-2.42051282051,4.03926821232,2.53996181033,11.0213903316
-2.41794871795,4.03836634614,2.54041930291,11.0178950419
-2.41538461538,4.03741889804,2.54088150473,11.0142662187
-2.41282051282,4.03642146881,2.54134632763,11.0104939086
-2.41025641026,4.03538163581,2.5418121805,11.0065999443
-2.40769230769,4.03432700739,2.54227874557,11.0026591594
-2.40512820513,4.03331566782,2.54274803867,10.9988268991
-2.40256410256,4.03244937538,2.54322580047,10.9953737806
-2.4,4.03188989908,2.54372326578,10.992728721
-2.4,4.03188989908,2.54372326578,10.992728721
-2.39743589744,4.03043842998,2.54420146216,10.9876290461
-2.39487179487,4.02932017328,2.5447081455,10.9834240406
-2.39230769231,4.02834028725,2.54522837416,10.9795889157
-2.38974358974,4.02738438181,2.5457535407,10.9758142773
-2.38717948718,4.02639445555,2.54627949457,10.9719419727
-2.38461538462,4.0253498577,2.54680504418,10.9679142997
-2.38205128205,4.02425261047,2.54733079289,10.9637348124
-2.37948717949,4.02311647001,2.54785826321,10.9594390742
-2.37692307692,4.02195914623,2.54838926565,10.9550738159
-2.37435897436,4.02079714426,2.54892547172,10.9506830747
-2.37179487179,4.0196427325,2.54946815425,10.946299997
-2.36923076923,4.01850258481,2.55001806124,10.9419431039
-2.36666666667,4.01737768643,2.5505753929,10.9376159308
-2.3641025641,4.01626413571,2.55113985437,10.9333090622
-2.36153846154,4.01515451618,2.55171075965,10.9290036978
-2.35897435897,4.01403955562,2.55228716542,10.9246759975
-2.35641025641,4.01290983116,2.55286801588,10.9203015647
-2.35384615385,4.01175732207,2.55345228352,10.9158595406
-2.35128205128,4.01057665373,2.5540390928,10.9113358937
-2.34871794872,4.00936591913,2.55462781731,10.9067256012
-2.34615384615,4.00812700624,2.5552181435,10.902033533
-2.34358974359,4.00686540205,2.55581009679,10.8972739566
-2.34102564103,4.00558948649,2.55640402879,10.8924687004
-2.33846153846,4.00430937164,2.55700056682,10.887644118
-2.3358974359,4.00303538405,2.5576005296,10.8828271137
-2.33333333333,4.00177633043,2.55820481558,10.8780405982
-2.33076923077,4.00053772906,2.55881427293,10.8732988574
-2.32820512821,3.99932023187,2.55942956259,10.8686034288
-2.32564102564,3.99811850439,2.56005102853,10.863940192
-2.32307692308,3.99692087298,2.56067859124,10.8592784918
-2.32051282051,3.99571009135,2.56131168329,10.8545732247
-2.31794871795,3.99446562041,2.56194924738,10.8497709322
-2.31538461538,3.99316785824,2.56258981988,10.8448210544
-2.31282051282,3.99180479875,2.56323172458,10.8396936116
-2.31025641026,3.99038164055,2.56387340385,10.8344046917
-2.30769230769,3.98893390944,2.56451391645,10.8290512348
-2.30512820513,3.98754470047,2.56515363337,10.8238567168
-2.30256410256,3.98636668782,2.56579516485,10.8192294467
-2.3,3.98564959312,2.56644455102,10.8158353038
-2.3,3.98564959312,2.56644455102,10.8158353038
-2.29743589744,3.9837386056,2.56708570777,10.8091903875
-2.29487179487,3.98227628904,2.56774593442,10.8037459785
-2.29230769231,3.98100890228,2.56841505546,10.7988248745
-2.28974358974,3.9797858578,2.56908707143,10.7940240803
-2.28717948718,3.97852932628,2.56975895492,10.7891342027
-2.28461538462,3.97721009929,2.57042968571,10.7840754217
-2.28205128205,3.97582889348,2.57109949697,10.7788478764
-2.27948717949,3.97440233109,2.5717693033,10.7734944387
-2.27692307692,3.97295288321,2.57244028298,10.7680739846
-2.27435897436,3.97150211331,2.57311358871,10.7626434108
-2.27179487179,3.97006661031,2.57379016379,10.757246777
-2.26923076923,3.96865605153,2.57447064286,10.7519100945
-2.26666666667,3.96727288766,2.5751553187,10.7466404152
-2.2641025641,3.96591319302,2.57584415831,10.7414280122
-2.26153846154,3.96456827578,2.57653685365,10.7362505807
-2.25897435897,3.96322669459,2.57723289415,10.7310785206
-2.25641025641,3.96187637893,2.5779316499,10.7258805029
-2.25384615385,3.96050660244,2.5786324563,10.7206286543
-2.25128205128,3.95910960953,2.57933469265,10.7153028328
-2.24871794872,3.95768174715,2.58003784866,10.7098936024
-2.24615384615,3.95622400509,2.58074157475,10.7044036509
-2.24358974359,3.95474191932,2.58144571314,10.698847532
-2.24102564103,3.95324484463,2.58215030841,10.6932497473
-2.23846153846,3.95174465404,2.58285559728,10.6876413218
-2.2358974359,3.95025397385,2.58356197871,10.6820551605
-2.23333333333,3.94878411477,2.58426996659,10.6765206116
-2.23076923077,3.9473429109,2.58498012828,10.6710577971
-2.22820512821,3.94593272963,2.5856930134,10.6656724066
-2.22564102564,3.94454896722,2.58640907811,10.6603517885
-2.22307692308,3.94317939591,2.58712861106,10.6550633054
-2.22051282051,3.94180478017,2.58785166786,10.6497560613
-2.21794871795,3.94040123076,2.58857802158,10.6443672381
-2.21538461538,3.93894481701,2.58930713723,10.6388344208
-2.21282051282,3.93741900889,2.59003817867,10.6331154226
-2.21025641026,3.93582557203,2.59077005674,10.6272172582
-2.20769230769,3.93419959021,2.59150152791,10.621236052
-2.20512820513,3.93262934122,2.59223135297,10.6154097984
-2.20256410256,3.93128180336,2.59295852616,10.6101860336
-2.2,3.93043462157,2.59368258488,10.6063066092
-2.2,3.93043462157,2.59368258488,10.6063066092
-2.19743589744,3.92836359053,2.59441138099,10.5991235592
-2.19487179487,3.92675213423,2.59514742104,10.5931621221
-2.19230769231,3.92534447372,2.59588749976,10.5877444957
-2.18974358974,3.92398765593,2.59662953723,10.5824647797
-2.18717948718,3.92260159451,2.59737229592,10.5771098263
-2.18461538462,3.92115521223,2.59811515027,10.5715962097
-2.18205128205,3.91964789677,2.59885790197,10.5659212326
-2.17948717949,3.91809553123,2.59960063394,10.5601260153
-2.17692307692,3.91652040973,2.60034359659,10.5542688457
-2.17435897436,3.91494439729,2.60108712089,10.548407098
-2.17179487179,3.91338474287,2.60183155338,10.5425861554
-2.16923076923,3.91185200317,2.60257720932,10.5368339066
-2.16666666667,3.91034958401,2.60332434059,10.5311595111
-2.1641025641,3.90887445539,2.60407311588,10.5255552619
-2.16153846154,3.90741864537,2.60482361091,10.5200005022
-2.15897435897,3.90597116695,2.605575807,10.5144666835
-2.15641025641,3.90452008154,2.60632959654,10.5089227827
-2.15384615385,3.90305445141,2.60708479431,10.5033404242
-2.15128205128,3.90156598298,2.6078411537,10.4976981859
-2.14871794872,3.90005021163,2.60859838687,10.4919846943
-2.14615384615,3.89850712814,2.60935618825,10.4862002477
-2.14358974359,3.89694119586,2.61011426032,10.4803568332
-2.14102564103,3.89536075674,2.61087234079,10.4744765355
-2.13846153846,3.89377687382,2.61163022993,10.4685884637
-2.1358974359,3.89220170649,2.61238781637,10.4627244547
-2.13333333333,3.89064656438,2.61314509947,10.4569139384
-2.13076923077,3.88911983462,2.61390220565,10.451178483
-2.12820512821,3.88762502634,2.6146593957,10.4455266677
-2.12564102564,3.88615922567,2.61541705902,10.4399500589
-2.12307692308,3.88471230327,2.61617569064,10.4344211975
-2.12051282051,3.88326726593,2.61693584523,10.428894635
-2.11794871795,3.88180219265,2.61769806211,10.4233121841
-2.11538461538,3.88029424484,2.61846275375,10.4176136831
-2.11282051282,3.87872628944,2.61923004916,10.4117546989
-2.11025641026,3.87709672297,2.61999958233,10.4057327281
-2.10769230769,3.87543313333,2.62077021443,10.3996235821
-2.10512820513,3.87381048587,2.6215396771,10.3936297742
-2.10256410256,3.87237456875,2.62230412334,10.3881428559
-2.1,3.87137148233,2.62305757319,10.3838217802
-2.1,3.87137148233,2.62305757319,10.3838217802
-2.09743589744,3.86935857748,2.62382649087,10.3767991107
-2.09487179487,3.86772420353,2.62459041961,10.3707769038
-2.09230769231,3.86626105831,2.62535332315,10.3652086668
-2.08974358974,3.86484408551,2.62611724298,10.3597647208
-2.08717948718,3.86340683267,2.6268829156,10.3542698328
-2.08461538462,3.86192256135,2.62765026184,10.3486533985
-2.08205128205,3.86038950312,2.62841876224,10.3429105712
-2.07948717949,3.85881969295,2.62918773288,10.3370728359
-2.07692307692,3.85723084863,2.62995651625,10.3311866225
-2.07435897436,3.85564080218,2.63072460054,10.3252986516
-2.07179487179,3.85406402679,2.63149168046,10.3194468076
-2.06923076923,3.85250983975,2.63225767173,10.3136554296
-2.06666666667,3.85098189965,2.63302269048,10.3079340108
-2.0641025641,3.84947865311,2.63378700821,10.3022783964
-2.06153846154,3.84799442382,2.63455099193,10.2966736679
-2.05897435897,3.84652087382,2.635315038,10.291098001
-2.05641025641,3.84504860467,2.63607950755,10.2855268829
-2.05384615385,3.84356870301,2.63684466955,10.2799371752
-2.05128205128,3.84207407265,2.63761065716,10.274310604
-2.04871794872,3.84056043275,2.63837744097,10.2686363628
-2.04615384615,3.83902689864,2.63914482185,10.2629126074
-2.04358974359,3.83747609945,2.63991244466,10.2571467255
-2.04102564103,3.8359138241,2.64067983235,10.2513543592
-2.03846153846,3.83434822418,2.64144643867,10.2455572602
-2.0358974359,3.83278864011,2.64221171607,10.2397801548
-2.03333333333,3.83124415372,2.64297519338,10.2340468953
-2.03076923077,3.82972200839,2.64373655649,10.2283762745
-2.02820512821,3.82822607449,2.6444957229,10.2227779764
-2.02564102564,3.82675557595,2.64525289947,10.2172492395
-2.02307692308,3.82530433046,2.64600861039,10.2117729031
-2.02051282051,3.82386079367,2.64676368062,10.2063176105
-2.01794871795,3.82240923469,2.64751915774,10.2008410395
-2.01538461538,3.82093240787,2.64827615304,10.1952971315
-2.01282051282,3.81941612286,2.64903558034,10.1896483875
-2.01025641026,3.8178561526,2.64979776861,10.1838844005
-2.00769230769,3.81626795591,2.65056192173,10.1780478931
-2.00512820513,3.81469972904,2.6513253963,10.1722696256
-2.00256410256,3.81324933749,2.65208276631,10.1668136436
-2,3.81208571712,2.65282464311,10.1621344276
-2,3.81208571712,2.65282464311,10.1621344276
-1.99743589744,3.8103050941,2.65358964892,10.1558233454
-1.99487179487,3.80875311864,2.6543386924,10.1501150332
-1.99230769231,3.80730904928,2.65508171166,10.1446922976
-1.98974358974,3.80589867817,2.6558242458,10.1393606309
-1.98717948718,3.80448135834,2.65656877353,10.1340138877
-1.98461538462,3.80303955898,2.65731577827,10.1286066717
-1.98205128205,3.80157063623,2.65806457206,10.1231326024
-1.97948717949,3.80008052556,2.65881391067,10.1176076791
-1.97692307692,3.79857908046,2.65956243062,10.1120580091
-1.97435897436,3.79707680102,2.66030893739,10.1065112184
-1.97179487179,3.79558271445,2.66105257156,10.1009909112
-1.96923076923,3.79410318835,2.66179287783,10.0955135947
-1.96666666667,3.79264147628,2.66252979985,10.0900875366
-1.9641025641,3.79119781375,2.66326362142,10.0847130714
-1.96153846154,3.78976990147,2.66399487299,10.0793839207
-1.95897435897,3.78835363139,2.66472421984,10.0740891458
-1.95641025641,3.78694392976,2.66545234643,10.0688153963
-1.95384615385,3.78553561004,2.6661798491,10.063549172
-1.95128205128,3.78412414715,2.66690714676,10.058278864
-1.94871794872,3.78270630351,2.66763441743,10.0529963892
-1.94615384615,3.78128055541,2.66836156537,10.0476982872
-1.94358974359,3.77984728771,2.66908822188,10.0423861918
-1.94102564103,3.77840874272,2.66981377989,10.0370666458
-1.93846153846,3.77696872853,2.67053746014,10.0317502738
-1.9358974359,3.77553211015,2.67125840447,10.0264503791
-1.93333333333,3.77410412589,2.67197578871,10.0211810819
-1.93076923077,3.77268958991,2.67268894543,10.0159551632
-1.92820512821,3.77129206053,2.67339748405,10.010781833
-1.92564102564,3.76991307263,2.67410139289,10.0056646883
-1.92307692308,3.76855155126,2.67480110539,10.000600178
-1.92051282051,3.76720354184,2.67549750963,9.99557694215
-1.91794871795,3.76586241166,2.67619187767,9.99057644279
-1.91538461538,3.76451969537,2.67688568855,9.98557535391
-1.91282051282,3.76316677636,2.6775803156,9.98055022872
-1.91025641026,3.76179761437,2.67827654609,9.97548501249
-1.90769230769,3.76041274825,2.67897389804,9.9703820196
-1.90512820513,3.75902482185,2.67966969594,9.96527704409
-1.90256410256,3.75766589916,2.68035786432,9.96025932301
-1.9,3.75639685399,2.68102739591,9.95549712198
-1.9,3.75639685399,2.68102739591,9.95549712198
-1.89743589744,3.75502965286,2.68172470906,9.95049326893
-1.89487179487,3.75369272128,2.68239651651,9.94557339521
-1.89230769231,3.75237939888,2.68305703806,9.94072013419
-1.88974358974,3.75108303689,2.68371432718,9.93591684987
-1.88717948718,3.74979777885,2.68437212474,9.93114933045
-1.88461538462,3.74851903004,2.68503133146,9.92640675887
-1.88205128205,3.74724367442,2.68569114818,9.92168210188
-1.87948717949,3.74597009326,2.68634992955,9.91697204671
-1.87692307692,3.74469803455,2.68700579438,9.9122766026
-1.87435897436,3.74342837792,2.6876570326,9.90759847258
-1.87179487179,3.74216283472,2.68830234595,9.90294228943
-1.86923076923,3.74090361822,2.68894095643,9.8983137978
-1.86666666667,3.73965311436,2.68957261342,9.89371905344
-1.8641025641,3.73841357825,2.69019752763,9.88916369827
-1.86153846154,3.73718687741,2.69081625652,9.8846523587
-1.85897435897,3.73597429749,2.6914295634,9.88018820321
-1.85641025641,3.73477642181,2.69203826888,9.87577268334
-1.85384615385,3.73359309099,2.6926431107,9.87140547112
-1.85128205128,3.73242344451,2.6932446246,9.86708459417
-1.84871794872,3.73126604096,2.69384305629,9.86280675874
-1.84615384615,3.73011904915,2.69443831095,9.85856783912
-1.84358974359,3.72898049754,2.69502994428,9.85436350082
-1.84102564103,3.72784856444,2.69561719551,9.85018991342
-1.83846153846,3.72672188702,2.69619906018,9.84604449765
-1.8358974359,3.72559986204,2.69677439705,9.84192664011
-1.83333333333,3.72448290672,2.69734206085,9.83783829767
-1.83076923077,3.72337264335,2.69790104923,9.8337844023
-1.82820512821,3.72227196631,2.69845064932,9.82977296609
-1.82564102564,3.7211849456,2.69899056637,9.8258147748
-1.82307692308,3.72011651628,2.69952101355,9.82192254719
-1.82051282051,3.71907189803,2.70004273931,9.81810942623
-1.81794871795,3.7180556849,2.70055696521,9.81438665715
-1.81538461538,3.71707054006,2.70106520442,9.81076029584
-1.81282051282,3.71611542571,2.70156892776,9.8072267805
-1.81025641026,3.71518329389,2.70206904129,9.8037671877
-1.80769230769,3.71425815851,2.70256513646,9.80033998355
-1.80512820513,3.7133114648,2.70305447058,9.79687206903
-1.80256410256,3.71229766737,2.70353063192,9.79324790792
-1.8,3.71114892298,2.70398183947,9.78929651358
-1.8,3.71114892298,2.70398183947,9.78929651358
-1.79743589744,3.71051435565,2.70445831098,9.78673316924
-1.79487179487,3.70968634952,2.70489835325,9.78368061707
-1.79230769231,3.70879044942,2.70531837454,9.78046812191
-1.78974358974,3.70789886046,2.7057276354,9.777286174
-1.78717948718,3.70704689604,2.70613038269,9.77422913658
-1.78461538462,3.7062459005,2.70652754161,9.77132876979
-1.78205128205,3.70549312345,2.70691802661,9.76857986583
-1.77948717949,3.70477899138,2.70729972485,9.76595914834
-1.77692307692,3.70409219165,2.70767020192,9.76343850879
-1.77435897436,3.70342295238,2.70802717522,9.76099357189
-1.77179487179,3.70276487126,2.70836879768,9.75860850213
-1.76923076923,3.70211561488,2.70869379028,9.75627788316
-1.76666666667,3.70147677946,2.70900145885,9.75400642149
-1.7641025641,3.70085317278,2.70929162657,9.75180714588
-1.76153846154,3.70025174585,2.70956451048,9.7496986934
-1.75897435897,3.6996803723,2.70982056629,9.74770219308
-1.75641025641,3.69914664203,2.71006032277,9.74583817782
-1.75384615385,3.69865680495,2.71028422341,9.74412387544
-1.75128205128,3.69821496946,2.71049248972,9.74257114911
-1.74871794872,3.69782262929,2.7106850173,9.7411852781
-1.74615384615,3.69747856153,2.71086131245,9.73996468909
-1.74358974359,3.69717910738,2.71102047375,9.73890166874
-1.74102564103,3.69691881635,2.71116121988,9.73798400801
-1.73846153846,3.69669140348,2.7112819614,9.73719744869
-1.7358974359,3.69649093834,2.71138091128,9.73652872287
-1.73333333333,3.69631315321,2.71145622543,9.7359688958
-1.73076923077,3.69615672731,2.71150616139,9.7355166428
-1.72820512821,3.69602437247,2.71152924016,9.73518101106
-1.72564102564,3.69592351491,2.71152439259,9.73498313684
-1.72307692308,3.6958663367,2.71149106872,9.73495630891
-1.72051282051,3.69586890942,2.71142928483,9.73514368893
-1.71794871795,3.69594912167,2.71133957925,9.73559291931
-1.71538461538,3.69612307078,2.71122284479,9.73634676902
-1.71282051282,3.6963995585,2.71108000165,9.73742888769
-1.71025641026,3.6967722989,2.71091147142,9.73882365796
-1.70769230769,3.69720941623,2.71071640889,9.74044905601
-1.70512820513,3.69763977912,2.71049164467,9.74212134961
-1.70256410256,3.69793568654,2.71023028637,9.74351038263
-1.7,3.69789139012,2.70991991814,9.74408411381
-1.7,3.69789139012,2.70991991814,9.74408411381
-1.69743589744,3.69903663825,2.70960567576,9.74788022353
-1.69487179487,3.6997962836,2.70922917834,9.75073673279
-1.69230769231,3.70043164068,2.70880506675,9.75334244487
-1.68974358974,3.70109675844,2.70834140891,9.75610528095
-1.68717948718,3.70187058815,2.70784160446,9.75923636638
-1.68461538462,3.70278241982,2.70730590778,9.76281653531
-1.68205128205,3.70383147826,2.70673262343,9.76684758129
-1.67948717949,3.70500151322,2.70611901901,9.77129043242
-1.67692307692,3.706271161,2.70546199601,9.77609228034
-1.67435897436,3.70762079794,2.70475855565,9.78120454394
-1.67179487179,3.70903654974,2.70400609455,9.78659340003
-1.66923076923,3.71051206319,2.70320256234,9.79224446498
-1.66666666667,3.71204859025,2.70234651081,9.79816306265
-1.6641025641,3.71365387775,2.70143706119,9.80437136544
-1.66153846154,3.71534029856,2.70047381386,9.81090354703
-1.65897435897,3.71712260384,2.69945672167,9.81779993674
-1.65641025641,3.71901561855,2.69838594614,9.82510101706
-1.65384615385,3.72103214594,2.69726171274,9.83284195757
-1.65128205128,3.72318128957,2.69608417958,9.84104823016
-1.64871794872,3.72546734479,2.69485333121,9.84973270196
-1.64615384615,3.72788935443,2.69356890658,9.85889445419
-1.64358974359,3.73044136692,2.69223036784,9.86851942656
-1.64102564103,3.73311337789,2.69083691369,9.87858283885
-1.63846153846,3.73589287957,2.68938753808,9.88905319222
-1.6358974359,3.73876688547,2.68788113187,9.89989750498
-1.63333333333,3.74172424079,2.68631662186,9.91108728853
-1.63076923077,3.74475797229,2.68469313795,9.92260462078
-1.62820512821,3.7478673744,2.68301019519,9.93444752551
-1.62564102564,3.75105947145,2.6812678736,9.94663371747
-1.62307692308,3.75434943912,2.67946697369,9.95920162387
-1.62051282051,3.75775951119,2.67760912066,9.97220744382
-1.61794871795,3.76131584101,2.67569678459,9.98571685809
-1.61538461538,3.76504272992,2.67373317814,9.99978985165
-1.61282051282,3.76895357836,2.67172198679,10.0144569622
-1.61025641026,3.77303785809,2.66966688055,10.0296851175
-1.60769230769,3.77724334764,2.66757074963,10.0453310743
-1.60512820513,3.78145281545,2.66543459959,10.061080322
-1.60256410256,3.78545427924,2.66325603324,10.0763691626
-1.6,3.7889039123,2.66102723392,10.0902875278
-1.6,3.7889039123,2.66102723392,10.0902875278
-1.59743589744,3.79410637677,2.65878127994,10.108967981
-1.59487179487,3.79872812952,2.65648321791,10.1261764523
-1.59230769231,3.80313264776,2.65414722963,10.1428716257
-1.58974358974,3.80753220004,2.65178357418,10.1596111015
-1.58717948718,3.81203252076,2.64939954395,10.1766696592
-1.58461538462,3.816668257,2.6470002905,10.1941331192
-1.58205128205,3.82143039627,2.64458952736,10.2119709984
-1.57948717949,3.82628680776,2.64217011316,10.2300909558
-1.57692307692,3.83119695308,2.63974451786,10.2483778189
-1.57435897436,3.83612174607,2.63731517692,10.2667197794
-1.57179487179,3.84102946496,2.63488474015,10.2850241473
-1.56923076923,3.84589854345,2.63245622454,10.3032248464
-1.56666666667,3.85071799122,2.63003308201,10.3212836366
-1.5641025641,3.85548611763,2.62761919451,10.3391868418
-1.56153846154,3.8602081563,2.62521881021,10.3569391653
-1.55897435897,3.86489331129,2.62283643502,10.374555968
-1.55641025641,3.86955166988,2.62047669432,10.3920551855
-1.55384615385,3.87419134997,2.6181441794,10.4094498578
-1.55128205128,3.87881617379,2.61584329313,10.4267420432
-1.54871794872,3.88342408361,2.61357810804,10.4439186845
-1.54615384615,3.88800643802,2.61135224869,10.4609497966
-1.54358974359,3.89254825155,2.60916880809,10.4777891393
-1.54102564103,3.8970293636,2.60703030547,10.494377339
-1.53846153846,3.90142644643,2.60493868976,10.5106472185
-1.5358974359,3.90571568536,2.60289538964,10.5265308935
-1.53333333333,3.90987588812,2.60090140754,10.5419679908
-1.53076923077,3.9138917036,2.59895745133,10.5569141404
-1.52820512821,3.91775655411,2.59706409304,10.5713486911
-1.52564102564,3.92147480867,2.59522194051,10.5852803962
-1.52307692308,3.92506264838,2.59343180311,10.5987496129
-1.52051282051,3.92854699863,2.59169482873,10.6118253567
-1.51794871795,3.93196182649,2.59001258489,10.6245953475
-1.51538461538,3.93534102502,2.58838705233,10.6371469836
-1.51282051282,3.93870702996,2.58682049554,10.6495369726
-1.51025641026,3.94205423792,2.58531517098,10.661747151
-1.50769230769,3.94532621852,2.58387283054,10.6736238159
-1.50512820513,3.94838563664,2.58249397498,10.6847976917
-1.50256410256,3.95097572467,2.5811768089,10.6945814531
-1.5,3.95267206791,2.57991584266,10.7018415204
-1.5,3.95267206791,2.57991584266,10.7018415204
-1.49743589744,3.95618051098,2.57870759098,10.7138913911
-1.49487179487,3.95884741992,2.57754663214,10.7235591448
-1.49230769231,3.96107734127,2.57643682678,10.7319289989
-1.48974358974,3.96311276448,2.57538050321,10.7396528816
-1.48717948718,3.96508145129,2.57437866745,10.7470765251
-1.48461538462,3.96703410702,2.57343124381,10.754339843
-1.48205128205,3.96897364299,2.57253732473,10.7614549172
-1.47948717949,3.97087720144,2.57169541268,10.7683647125
-1.47692307692,3.97271203595,2.57090364096,10.7749854303
-1.47435897436,3.97444626289,2.57015996438,10.7812352028
-1.47179487179,3.97605542084,2.56946231472,10.7870516245
-1.46923076923,3.97752569738,2.56880871919,10.7924004061
-1.46666666667,3.97885460433,2.56819738214,10.7972772325
-1.4641025641,3.98004980477,2.56762673257,10.801704695
-1.46153846154,3.98112671684,2.56709544104,10.8057259639
-1.45897435897,3.98210544174,2.56660241029,10.8093966557
-1.45641025641,3.98300748487,2.56614674483,10.8127761455
-1.45384615385,3.9838526614,2.56572770457,10.8159193645
-1.45128205128,3.98465649942,2.56534464786,10.8188699164
-1.44871794872,3.98542837579,2.56499696929,10.8216551382
-1.44615384615,3.98617054185,2.56468403711,10.8242835217
-1.44358974359,3.98687811803,2.56440513509,10.8267447081
-1.44102564103,3.98754005873,2.56415941298,10.8290120553
-1.43846153846,3.98814101024,2.56394584928,10.8310475729
-1.4358974359,3.98866390708,2.56376322964,10.8328088128
-1.43333333333,3.98909307379,2.56361014357,10.8342570912
-1.43076923077,3.98941752119,2.56348500173,10.8353662149
-1.42820512821,3.98963404821,2.56338607585,10.8361306741
-1.42564102564,3.98974968252,2.56331156284,10.8365720568
-1.42307692308,3.98978291479,2.56325967467,10.8367422312
-1.42051282051,3.98976310381,2.56322875554,10.8367216373
-1.41794871795,3.98972735147,2.56321742749,10.8366108172
-1.41538461538,3.98971406862,2.56322476595,10.8365131091
-1.41282051282,3.98975237492,2.56325050643,10.8365062206
-1.41025641026,3.98984639755,2.56329528377,10.8366001893
-1.40769230769,3.98995345606,2.56336090557,10.83667903
-1.40512820513,3.9899550421,2.56345066282,10.8364231629
-1.40256410256,3.98961942518,2.56356968291,10.8352095049
-1.4,3.98855463748,2.56372533549,10.831985901
-1.4,3.98855463748,2.56372533549,10.831985901
-1.39743589744,3.98901542086,2.56385880993,10.8328598524
-1.39487179487,3.98888121445,2.56402112588,10.8321106097
-1.39230769231,3.98845736843,2.56420289766,10.8305498326
-1.38974358974,3.9879295749,2.56439903504,10.8286723029
-1.38717948718,3.98739796219,2.56460730347,10.8267461339
-1.38461538462,3.98690439585,2.56482721555,10.824885001
-1.38205128205,3.98645384491,2.56505920265,10.8231046689
-1.37948717949,3.9860306197,2.565304023,10.8213659497
-1.37692307692,3.98561023477,2.56556236674,10.8196060882
-1.37435897436,3.98516759845,2.56583462171,10.8177604323
-1.37179487179,3.98468217773,2.5661207666,10.8157761047
-1.36923076923,3.98414073515,2.56642036111,10.8136192574
-1.36666666667,3.98353818163,2.56673260586,10.8112773462
-1.3641025641,3.98287703697,2.56705644766,10.8087577286
-1.36153846154,3.98216593724,2.56739070898,10.8060837459
-1.35897435897,3.98141757583,2.56773422333,10.8032893122
-1.35641025641,3.98064641265,2.56808596132,10.800412896
-1.35384615385,3.97986643335,2.56844513475,10.7974916374
-1.35128205128,3.97908918826,2.5688112695,10.794556209
-1.34871794872,3.97832228804,2.56918424024,10.7916268862
-1.34615384615,3.97756848095,2.56956426372,10.7887111556
-1.34358974359,3.97682538386,2.56995184994,10.7858030504
-1.34102564103,3.97608588708,2.57034771381,10.7828842637
-1.33846153846,3.97533920031,2.5707526532,10.7799269487
-1.3358974359,3.97457245495,2.57116740241,10.7768979795
-1.33333333333,3.97377272527,2.57159247318,10.7737643049
-1.33076923077,3.9729292787,2.57202799891,10.7704988879
-1.32820512821,3.97203581311,2.57247360098,10.7670865865
-1.32564102564,3.97109238641,2.57292829938,10.7635291903
-1.32307692308,3.97010669143,2.57339049377,10.7598486902
-1.32051282051,3.96909427668,2.57385804456,10.7560877158
-1.31794871795,3.96807726113,2.57432848758,10.7523059405
-1.31538461538,3.96708103865,2.57479941975,10.7485711105
-1.31282051282,3.96612841553,2.57526909687,10.7449432179
-1.31025641026,3.96523057186,2.57573728858,10.7414501968
-1.30769230769,3.96437418531,2.57620643861,10.7380533829
-1.30512820513,3.96350400329,2.57668318314,10.7346008378
-1.30256410256,3.96250009724,2.57718028555,10.7307664982
-1.3,3.96114898009,2.57771905641,10.72597297
-1.3,3.96114898009,2.57771905641,10.72597297
-1.29743589744,3.96035622217,2.57819647565,10.7226626896
-1.29487179487,3.95938374097,2.57871379335,10.7188880279
-1.29230769231,3.958315566,2.57924713466,10.7148604307
-1.28974358974,3.9572067861,2.57978331933,10.7107186294
-1.28717948718,3.95609058114,2.58031652357,10.7065463444
-1.28461538462,3.95498410011,2.58084565265,10.7023870739
-1.28205128205,3.95389329991,2.58137232769,10.6982562579
-1.27948717949,3.95281685411,2.58189939862,10.6941510962
-1.27692307692,3.95174923609,2.58242990206,10.690058283
-1.27435897436,3.95068307558,2.58296638859,10.6859599088
-1.27179487179,3.94961088281,2.58351054975,10.6818377699
-1.26923076923,3.94852622916,2.58406308048,10.677676309
-1.26666666667,3.94742446853,2.58462371888,10.6734644024
-1.2641025641,3.94630307804,2.58519141046,10.6691961921
-1.26153846154,3.94516169205,2.5857645505,10.6648711511
-1.25897435897,3.94400189824,2.5863412637,10.6604935558
-1.25641025641,3.94282685937,2.58691968636,10.6560715265
-1.25384615385,3.94164081936,2.58749822218,10.6516157853
-1.25128205128,3.94044854721,2.58807574878,10.6471382652
-1.24871794872,3.93925476733,2.5886517578,10.6426506939
-1.24615384615,3.93806361946,2.58922641751,10.6381632615
-1.24358974359,3.93687818674,2.5898005527,10.6336834667
-1.24102564103,3.93570012503,2.59037554276,10.6292152254
-1.23846153846,3.93452942174,2.59095314484,10.6247583111
-1.2358974359,3.93336430721,2.59153525497,10.6203081817
-1.23333333333,3.93220133676,2.59212362644,10.6158562368
-1.23076923077,3.93103565635,2.59271957034,10.6113905344
-1.22820512821,3.92986145969,2.59332366971,10.6068969817
-1.22564102564,3.92867263978,2.59393554462,10.6023610037
-1.22307692308,3.92746363242,2.5945537117,10.5977696778
-1.22051282051,3.92623044457,2.59517558772,10.5931143082
-1.21794871795,3.92497185506,2.59579769327,10.5883934026
-1.21538461538,3.92369077029,2.59641611864,10.5836159982
-1.21282051282,3.92239571224,2.5970273207,10.5788052692
-1.21025641026,3.92110241138,2.59762932572,10.574002337
-1.20769230769,3.91983547166,2.59822341964,10.5692701886
-1.20512820513,3.91863006989,2.5988164131,10.5646975954
-1.20256410256,3.91753364675,2.59942357364,10.5604029103
-1.2,3.91660754149,2.60007232145,10.5565376036
-1.2,3.91660754149,2.60007232145,10.5565376036
-1.19743589744,3.91498787072,2.6006561029,10.5507775868
-1.19487179487,3.91366176889,2.60128862813,10.5458266082
-1.19230769231,3.91245450848,2.60193841654,10.5412096588
-1.18974358974,3.91126670729,2.60258776656,10.5366540817
-1.18717948718,3.91005086136,2.60322857245,10.5320271166
-1.18461538462,3.90879295768,2.60385900359,10.5272868786
-1.18205128205,3.90749847378,2.60448094062,10.5224449459
-1.17948717949,3.90618211634,2.6050980628,10.5175388514
-1.17692307692,3.90486069659,2.60571448666,10.5126128894
-1.17435897436,3.90354858555,2.60633386332,10.5077057696
-1.17179487179,3.90225523767,2.60695884995,10.5028437697
-1.16923076923,3.90098431688,2.60759087795,10.4980381588
-1.16666666667,3.89973400429,2.60823014813,10.4932857827
-1.1641025641,3.89849811243,2.60887578945,10.4885718205
-1.16153846154,3.89726767623,2.60952612537,10.4838738444
-1.15897435897,3.89603273628,2.61017899819,10.479166429
-1.15641025641,3.89478407547,2.61083210926,10.47442568
-1.15384615385,3.89351471552,2.61148333942,10.4696331691
-1.15128205128,3.8922210251,2.61213102133,10.4647788814
-1.14871794872,3.89090333706,2.61277414211,10.4598629015
-1.14615384615,3.88956601731,2.61341246144,10.454895682
-1.14358974359,3.88821697352,2.61404653693,10.4498968587
-1.14102564103,3.88686663727,2.61467765528,10.4448926954
-1.13846153846,3.88552649846,2.61530767408,10.4399123577
-1.1358974359,3.88420731655,2.61593878591,10.4349833375
-1.13333333333,3.88291717822,2.6165732227,10.4301264656
-1.13076923077,3.88165961688,2.61721292517,10.4253510709
-1.12820512821,3.88043205451,2.61785920846,10.4206509601
-1.12564102564,3.87922487197,2.61851246164,10.4160020143
-1.12307692308,3.87802145917,2.61917192491,10.411362315
-1.12051282051,3.87679964214,2.61983559469,10.4066758293
-1.11794871795,3.87553492908,2.62050031227,10.4018808066
-1.11538461538,3.87420606339,2.62116209837,10.3969241514
-1.11282051282,3.87280341658,2.62181680174,10.3917831607
-1.11025641026,3.87134079973,2.62246113685,10.3864961284
-1.10769230769,3.86987131755,2.62309419266,10.3812034401
-1.10512820513,3.86850793428,2.62371950059,10.3762008994
-1.10256410256,3.86744946635,2.62434775346,10.3720071438
-1.1,3.86701276204,2.62500026378,10.3694471274
-1.1,3.86701276204,2.62500026378,10.3694471274
-1.09743589744,3.86490884774,2.62561399137,10.3623992679
-1.09487179487,3.86344552461,2.62626908312,10.3570656078
-1.09230769231,3.86226141279,2.62693857557,10.3524901508
-1.08974358974,3.86114389429,2.62760689881,10.3481076927
-1.08717948718,3.85998473741,2.62826653523,10.3436277957
-1.08461538462,3.858744961,2.62891534235,10.3389428504
-1.08205128205,3.85742772038,2.62955446674,10.3340570558
-1.07948717949,3.85605807493,2.63018676913,10.3290333494
-1.07692307692,3.85466857392,2.63081568293,10.3239555198
-1.07435897436,3.85328967517,2.6314444345,10.3189029341
-1.07179487179,3.85194408808,2.63207556025,10.3139355158
-1.06923076923,3.85064421013,2.63271066164,10.3090868118
-1.06666666667,3.84939190332,2.63335034545,10.3043631838
-1.0641025641,3.84817993429,2.63399430146,10.2997473673
-1.06153846154,3.84699447932,2.63464147507,10.2952048354
-1.05897435897,3.84581817272,2.63529029719,10.2906916134
-1.05641025641,3.8446332546,2.63593893907,10.2861623839
-1.05384615385,3.84342445116,2.63658556445,10.281577929
-1.05128205128,3.8421812983,2.63722855686,10.2769111542
-1.04871794872,3.84089969648,2.63786670455,10.2721511416
-1.04615384615,3.83958256221,2.63849933041,10.2673048779
-1.04358974359,3.83823951898,2.63912635887,10.2623965089
-1.04102564103,3.83688564774,2.63974831607,10.2574641677
-1.03846153846,3.83553939441,2.64036626397,10.2525546275
-1.0358974359,3.8342198093,2.64098167323,10.2477162317
-1.03333333333,3.8329433707,2.64159624392,10.2429907513
-1.03076923077,3.83172072221,2.64221168738,10.2384050239
-1.02820512821,3.83055373084,2.64282948657,10.2339634277
-1.02564102564,3.82943335009,2.64345065632,10.2296424444
-1.02307692308,3.82833885002,2.64407552885,10.2253887669
-1.02051282051,3.82723905302,2.64470359335,10.2211226062
-1.01794871795,3.82609629207,2.64533342192,10.2167480559
-1.01538461538,3.82487388505,2.64596271738,10.2121725689
-1.01282051282,3.82354799659,2.6465885217,10.2073378058
-1.01025641026,3.82212483569,2.64720762769,10.2022643108
-1.00769230769,3.82066421532,2.64781724036,10.1971126757
-1.00512820513,3.81931057723,2.64841593913,10.1922640485
-1.00256410256,3.8183326625,2.64900499483,10.1884230488
-1,3.81817308615,2.64959009582,10.1867463483
-1,3.81817308615,2.64959009582,10.1867463483
-0.997435897436,3.81604563603,2.65017292233,10.1798175552
-0.994871794872,3.81465677097,2.6507747741,10.1748346856
-0.992307692308,3.81359804359,2.65138316916,10.1707332868
-0.989743589744,3.81262613799,2.65199033879,10.1668773823
-0.987179487179,3.81161451077,2.6525919884,10.1629342937
-0.984615384615,3.81051492449,2.65318628025,10.1587750459
-0.982051282051,3.80932759158,2.65377301718,10.1543970363
-0.979487179487,3.80807872613,2.6543530024,10.1498658621
-0.976923076923,3.80680438204,2.65492755014,10.1452734036
-0.974358974359,3.80553953545,2.655498124,10.1407094698
-0.971794871795,3.80431145027,2.6560660827,10.136244521
-0.969230769231,3.80313644535,2.65663251461,10.1319211902
-0.966666666667,3.80201926232,2.65719814535,10.1277525319
-0.964102564103,3.80095431334,2.65776330372,10.1237251377
-0.961538461538,3.79992816805,2.65832793336,10.1198054601
-0.958974358974,3.7989227195,2.65889163846,10.1159479
-0.95641025641,3.79791854874,2.65945375356,10.1121034159
-0.953846153846,3.79689808833,2.66001342821,10.1082276221
-0.951282051282,3.79584826497,2.66056971906,10.1042875526
-0.948717948718,3.79476238175,2.66112168253,10.1002664706
-0.946153846154,3.79364108088,2.66166846243,10.0961663162
-0.94358974359,3.79249230778,2.66220936784,10.092007588
-0.941025641026,3.79133027774,2.66274393693,10.0878266649
-0.938461538462,3.79017352661,2.66327198341,10.0836707798
-0.935897435897,3.78904220712,2.66379362228,10.0795910661
-0.933333333333,3.78795487275,2.66430927232,10.0756343044
-0.930769230769,3.78692507114,2.66481963274,10.0718342037
-0.928205128205,3.78595814947,2.6653256319,10.0682032618
-0.925641025641,3.78504875428,2.66582834604,10.0647264524
-0.923076923077,3.78417958848,2.66632888627,10.0613581984
-0.920512820513,3.78332206862,2.66682825208,10.058024296
-0.917948717949,3.78243960545,2.66732714945,10.0546306615
-0.915384615385,3.78149431144,2.66782577154,10.051080982
-0.912820512821,3.78045801869,2.66832353931,10.0473055567
-0.910256410256,3.77932857125,2.66881879895,10.0433038248
-0.907692307692,3.77815243588,2.66930847271,10.0392032808
-0.905128205128,3.77705475558,2.6697876599,10.0353376897
-0.902564102564,3.77627805053,2.67024918732,10.0323477165
-0.9,3.77623085099,2.67068311318,10.0313072965
-0.9,3.77623085099,2.67068311318,10.0313072965
-0.897435897436,3.77455093862,2.67113579141,10.0259473462
-0.894871794872,3.77349377188,2.67158082557,10.0222150823
-0.892307692308,3.77272227736,2.6720216178,10.0192395692
-0.889743589744,3.77203387375,2.67245930196,10.0164972283
-0.887179487179,3.77132164785,2.67289359918,10.0137114936
-0.884615384615,3.77054336191,2.67332347385,10.0107727406
-0.882051282051,3.76969729055,2.67374761491,10.0076758902
-0.879487179487,3.76880394735,2.67416476807,10.00447325
-0.876923076923,3.76789282328,2.67457394346,10.0012403147
-0.874358974359,3.76699332072,2.67497452159,9.99805241286
-0.871794871795,3.76612912908,2.67536627875,9.99497024097
-0.869230769231,3.76531534969,2.67574935161,9.99203249403
-0.866666666667,3.76455773943,2.67612415906,9.98925395738
-0.864102564103,3.76385350482,2.67649129775,9.98662758808
-0.861538461538,3.76319313979,2.67685142627,9.98412927444
-0.858974358974,3.76256286251,2.67720515072,9.98172412288
-0.85641025641,3.76194726838,2.67755292281,9.979373283
-0.853846153846,3.76133187833,2.67789495924,9.97704048196
-0.851282051282,3.76070532324,2.6782311891,9.97469760091
-0.848717948718,3.76006096753,2.67856123362,9.97232878684
-0.846153846154,3.75939783651,2.6788844206,9.96993275437
-0.84358974359,3.75872077405,2.67919983322,9.96752309301
-0.841025641026,3.75803981939,2.67950639084,9.96512655648
-0.838461538462,3.75736885308,2.67980295683,9.96277947175
-0.835897435897,3.75672362476,2.68008846594,9.96052256643
-0.833333333333,3.75611933662,2.6803620612,9.95839467444
-0.830769230769,3.7555680189,2.68062322775,9.95642594069
-0.828205128205,3.75507599524,2.68087190799,9.95463130686
-0.825641025641,3.75464179775,2.68110858033,9.95300522132
-0.823076923077,3.75425495367,2.68133428067,9.95151867724
-0.820512820513,3.7538961271,2.68155054359,9.95011984422
-0.817948717949,3.75353916151,2.68175923771,9.94873971958
-0.815384615385,3.75315563032,2.68196226677,9.9473043867
-0.812820512821,3.7527225649,2.68216110584,9.94575562876
-0.810256410256,3.7522340913,2.68235613867,9.94408180752
-0.807692307692,3.75171776862,2.68254575948,9.94236107773
-0.805128205128,3.75125648423,2.6827251999,9.94081916896
-0.802564102564,3.75101682251,2.68288504111,9.93990412723
-0.8,3.75128488605,2.68300937542,9.94038056902
-0.8,3.75128488605,2.68300937542,9.94038056902
-0.797435897436,3.75046649576,2.68314449836,9.93801585219
-0.794871794872,3.75010321512,2.68325232816,9.93685650006
-0.792307692308,3.74995805019,2.683344589,9.93628558884
-0.789743589744,3.74988789395,2.68342742588,9.93593205756
-0.787179487179,3.74981664843,2.68350315648,9.93559994581
-0.784615384615,3.74971372704,2.68357165867,9.93521186889
-0.782051282051,3.74957725341,2.68363143639,9.93476491346
-0.779487179487,3.74942131525,2.68368040758,9.93429724813
-0.776923076923,3.74926667348,2.68371645655,9.93386385546
-0.774358974359,3.7491343691,2.68373779035,9.93351990382
-0.771794871795,3.74904171212,2.68374313547,9.9333103901
-0.769230769231,3.74900017902,2.68373180829,9.93326479581
-0.766666666667,3.74901478694,2.6837036898,9.93339561184
-0.764102564103,3.74908455521,2.68365913229,9.9336996989
-0.761538461538,3.74920370628,2.68359882278,9.9341615628
-0.758974358974,3.7493633007,2.68352362516,9.93475773623
-0.75641025641,3.74955304234,2.68343441978,9.93546157033
-0.753846153846,3.74976303215,2.68333195645,9.93624785227
-0.751282051282,3.74998529102,2.68321673331,9.93709677652
-0.748717948718,3.75021491386,2.68308891112,9.93799691049
-0.746153846154,3.75045075936,2.68294826923,9.9389469067
-0.74358974359,3.75069562171,2.68279420638,9.93995582659
-0.741025641026,3.75095587268,2.6826257865,9.9410420527
-0.738461538462,3.75124060432,2.68244182637,9.94223087847
-0.735897435897,3.75156034458,2.68224101903,9.94355097721
-0.733333333333,3.75192546025,2.6820220839,9.94503006361
-0.730769230769,3.75234440351,2.68178393107,9.94669017387
-0.728205128205,3.75282200036,2.68152582464,9.9485431022
-0.725641025641,3.75335802124,2.68124752672,9.95058664417
-0.723076923077,3.75394631623,2.68094940083,9.95280240888
-0.720512820513,3.75457483898,2.680632451,9.95515607466
-0.717948717949,3.75522692584,2.68029826982,9.95760107445
-0.715384615385,3.75588423828,2.67994886658,9.96008680953
-0.712820512821,3.75653181911,2.67958634399,9.96257260181
-0.710256410256,3.75716575457,2.67921238932,9.96504870723
-0.707692307692,3.75780397673,2.67882754356,9.96756582451
-0.705128205128,3.7585007824,2.67843020952,9.97027464565
-0.702564102564,3.75936568679,2.67801535829,9.97347710629
-0.7,3.76058727228,2.67757289445,9.97769110557
-0.7,3.76058727228,2.67757289445,9.97769110557
-0.697435897436,3.76102452832,2.67711806966,9.97987454872
-0.694871794872,3.76184031793,2.67662990774,9.98310035084
-0.692307692308,3.76284537105,2.67611908602,9.98685998633
-0.689743589744,3.76392565916,2.67559171375,9.99084884128
-0.687179487179,3.76502070135,2.67505067837,9.99490700539
-0.684615384615,3.76610624723,2.67449672456,9.99897207394
-0.682051282051,3.76718077547,2.67392929671,10.0030424146
-0.679487179487,3.76825528212,2.67334717638,10.0071494498
-0.676923076923,3.76934586715,2.6727489449,10.0113376003
-0.674358974359,3.77046866274,2.67213329949,10.015650634
-0.671794871795,3.77163668135,2.67149924875,10.0201232569
-0.669230769231,3.77285819671,2.67084621131,10.0247768827
-0.666666666667,3.77413630528,2.67017403906,10.0296186109
-0.664102564103,3.77546935078,2.66948298451,10.0346425418
-0.661538461538,3.77685192907,2.66877362953,10.0398326498
-0.658974358974,3.7782762253,2.66804679081,10.0451665365
-0.65641025641,3.77973347027,2.6673034153,10.0506194774
-0.653846153846,3.7812153376,2.66654447661,10.0561682751
-0.651282051282,3.7827151379,2.66577088163,10.0617945254
-0.648717948718,3.78422870131,2.66498339423,10.067487002
-0.646153846154,3.78575487413,2.66418258124,10.0732429576
-0.64358974359,3.78729559028,2.66336878373,10.0790682388
-0.641025641026,3.78885551311,2.66254211506,10.0849762073
-0.638461538462,3.79044127769,2.66170248536,10.0909855538
-0.635897435897,3.79206039857,2.66084965021,10.09711719
-0.633333333333,3.79371994293,2.65998328008,10.103390499
-0.630769230769,3.79542510346,2.65910304532,10.1098193197
-0.628205128205,3.79717784043,2.65820871014,10.1164081365
-0.625641025641,3.798975797,2.65730022773,10.1231490444
-0.623076923077,3.80081172664,2.65637782738,10.1300201514
-0.620512820513,3.80267370621,2.65544208348,10.1369861791
-0.617948717949,3.80454644328,2.65449395525,10.1440021167
-0.615384615385,3.80641402072,2.65353478532,10.1510208804
-0.612820512821,3.80826445659,2.65256624433,10.1580060249
-0.610256410256,3.81009649199,2.65159020834,10.1649506502
-0.607692307692,3.81192905446,2.65060855484,10.1719037433
-0.605128205128,3.81381387917,2.64962286274,10.1790052888
-0.602564102564,3.81585180489,2.64863400082,10.186531578
-0.6,3.8182132966,2.64764158945,10.194952245
-0.6,3.8182132966,2.64764158945,10.194952245
-0.597435897436,3.81976059982,2.64664329255,10.2012236698
-0.594871794872,3.82165955447,2.64562678943,10.2084677364
-0.592307692308,3.8237240988,2.64459979485,10.2161715943
-0.589743589744,3.82584162875,2.64356721816,10.2240253161
-0.587179487179,3.82795179959,2.64253196239,10.2318631828
-0.584615384615,3.83002961069,2.64149556057,10.2396168475
-0.582051282051,3.83207222408,2.64045867022,10.2472788544
-0.579487179487,3.83408900126,2.6394214469,10.2548750828
-0.576923076923,3.83609427719,2.63838381652,10.2624447805
-0.574358974359,3.838102424,2.63734566426,10.2700269461
-0.571794871795,3.84012479138,2.63630695613,10.2776519135
-0.569230769231,3.84216814451,2.6352678072,10.2853370869
-0.566666666667,3.84423425452,2.6342285092,10.293085869
-0.564102564103,3.84632033049,2.633189528,10.3008889196
-0.561538461538,3.84842001614,2.63215148057,10.3087269761
-0.558974358974,3.85052470831,2.63111509916,10.316574562
-0.55641025641,3.85262498864,2.63008118934,10.324404004
-0.553846153846,3.85471199355,2.62905058711,10.3321892727
-0.551282051282,3.85677858212,2.62802411918,10.3399092563
-0.548717948718,3.8588201951,2.62700256943,10.3475501706
-0.546153846154,3.86083533285,2.62598665353,10.3551069044
-0.54358974359,3.86282561356,2.62497700277,10.3625831919
-0.541025641026,3.86479540751,2.62397415742,10.3699905994
-0.538461538462,3.86675107715,2.62297856913,10.3773464076
-0.535897435897,3.86869988672,2.62199061133,10.384670565
-0.533333333333,3.87064867936,2.62101059607,10.3919819819
-0.530769230769,3.87260245355,2.62003879513,10.3992945305
-0.528205128205,3.87456300498,2.61907546295,10.4066132076
-0.525641025641,3.87652783394,2.6181208586,10.4139310148
-0.523076923077,3.87848955227,2.61717526366,10.4212272017
-0.520512820513,3.88043605822,2.6162389927,10.4284676147
-0.517948717949,3.88235178138,2.6153123929,10.4356079866
-0.515384615385,3.88422033421,2.61439582931,10.4426010965
-0.512820512821,3.88602894036,2.6134896519,10.4494088256
-0.510256410256,3.88777504453,2.61259414095,10.4560202264
-0.507692307692,3.88947554222,2.61170942677,10.462476818
-0.505128205128,3.89117910213,2.61083538017,10.468906416
-0.502564102564,3.89298208795,2.60997146989,10.4755668964
-0.5,3.8950486201,2.60911658375,10.4829013915
-0.5,3.8950486201,2.60911658375,10.4829013915
-0.497435897436,3.89645911816,2.60830915558,10.4884564836
-0.494871794872,3.89805166089,2.60749182772,10.4944891054
-0.492307692308,3.89972068793,2.60667794466,10.5007081651
-0.489743589744,3.90139940634,2.60587532427,10.5069290539
-0.487179487179,3.90304946563,2.60508794267,10.5130453795
-0.484615384615,3.90465254773,2.604317258,10.5190059253
-0.482051282051,3.90620364786,2.60356322133,10.524796223
-0.479487179487,3.9077058351,2.60282502125,10.5304241671
-0.476923076923,3.9091662938,2.60210160559,10.5359091282
-0.474358974359,3.9105934597,2.60139202017,10.5412740594
-0.471794871795,3.91199507694,2.60069560109,10.546540124
-0.469230769231,3.91337701503,2.60001205338,10.5517234057
-0.466666666667,3.9147426969,2.59934144534,10.5568332963
-0.464102564103,3.91609300219,2.59868414477,10.5618721926
-0.461538461538,3.91742652218,2.59804071979,10.5668361646
-0.458974358974,3.91874005534,2.59741182388,10.5717162936
-0.45641025641,3.92002924511,2.59679808164,10.5765004103
-0.453846153846,3.92128927402,2.5961999883,10.5811750003
-0.451282051282,3.92251554074,2.59561783338,10.5857270739
-0.448717948718,3.92370425927,2.59505165546,10.5901458339
-0.446153846154,3.92485293206,2.59450123205,10.5944240083
-0.44358974359,3.92596066115,2.59396610581,10.5985587468
-0.441025641026,3.92702827436,2.59344564494,10.6025520161
-0.438461538462,3.9280582557,2.59293913326,10.6064104603
-0.435897435897,3.929054482,2.59244588195,10.6101447281
-0.433333333333,3.93002178006,2.59196535263,10.6137683012
-0.430769230769,3.93096533151,2.59149727802,10.6172958917
-0.428205128205,3.93188996463,2.59104176406,10.6207415106
-0.425641025641,3.93279938539,2.59059935414,10.6241163421
-0.423076923077,3.93369541216,2.59017103336,10.6274265935
-0.420512820513,3.93457729138,2.58975814807,10.630671522
-0.417948717949,3.93544118367,2.58936221288,10.6338418744
-0.415384615385,3.93627992277,2.58898457472,10.6369190103
-0.412820512821,3.93708316198,2.58862590069,10.63987501
-0.410256410256,3.93783803544,2.58828545345,10.6426741048
-0.407692307692,3.938530474,2.58796011505,10.6452758008
-0.405128205128,3.93914732824,2.58764311697,10.647640098
-0.402564102564,3.93967946334,2.58732243092,10.6497352429
-0.4,3.94012600347,2.58697877231,10.6515484836
-0.4,3.94012600347,2.58697877231,10.6515484836
-0.397435897436,3.94108218846,2.58675154927,10.6547316446
-0.394871794872,3.94169665554,2.58648448587,10.6569442165
-0.392307692308,3.94216322805,2.58621107786,10.6587229299
-0.389743589744,3.94258993025,2.58595006704,10.6603671948
-0.387179487179,3.94302629588,2.58571001904,10.6620144945
-0.384615384615,3.94348465369,2.58549292163,10.6636991869
-0.382051282051,3.94395622589,2.58529694083,10.6653970135
-0.379487179487,3.94442281984,2.58511845618,10.6670574596
-0.376923076923,3.94486483732,2.58495348653,10.6686259565
-0.374358974359,3.94526627063,2.58479861022,10.6700577653
-0.371794871795,3.94561729859,2.58465147634,10.6713252277
-0.369230769231,3.94591504023,2.58451099584,10.672419921
-0.366666666667,3.94616296815,2.58437729317,10.6733510974
-0.364102564103,3.9463694279,2.5842514908,10.6741416387
-0.361538461538,3.94654565422,2.58413539051,10.6748226043
-0.358974358974,3.94670361903,2.584031107,10.6754272948
-0.35641025641,3.94685399092,2.583940701,10.6759856051
-0.353846153846,3.9470044296,2.58386585108,10.6765192853
-0.351282051282,3.9471583838,2.58380759478,10.6770385753
-0.348717948718,3.9473145049,2.5837661616,10.6775405276
-0.346153846154,3.94746673334,2.58374091173,10.6780091789
-0.34358974359,3.94760505888,2.5837303862,10.6784175777
-0.341025641026,3.94771690051,2.58373246523,10.6787315239
-0.338461538462,3.94778899581,2.58374462343,10.6789147217
-0.335897435897,3.94780963406,2.58376426197,10.6789348955
-0.333333333333,3.94777101193,2.58378908958,10.6787702651
-0.330769230769,3.94767143458,2.583817516,10.6784156232
-0.328205128205,3.94751702971,2.58384901336,10.6778871075
-0.325641025641,3.94732258621,2.58388439249,10.6772246046
-0.323076923077,3.94711107351,2.58392593259,10.676490571
-0.320512820513,3.94691134215,2.58397729445,10.6757639045
-0.317948717949,3.94675345035,2.5840431385,10.6751273448
-0.315384615385,3.9466610057,2.58412836116,10.6746467313
-0.312820512821,3.94663985558,2.58423685516,10.674340292
-0.310256410256,3.94666240421,2.58436969307,10.6741359862
-0.307692307692,3.94664677839,2.58452262547,10.6738147722
-0.305128205128,3.94643000884,2.58468277655,10.6729375178
-0.302564102564,3.9457343378,2.58482440218,10.6707531189
-0.3,3.9441257084,2.58490354241,10.6660852276
-0.3,3.9441257084,2.58490354241,10.6660852276
-0.297435897436,3.94532677218,2.58513509251,10.6690264372
-0.294871794872,3.94530318475,2.58529257894,10.6685920172
-0.292307692308,3.94474573913,2.5854306106,10.66666993
-0.289743589744,3.94405755162,2.58557957413,10.6643647312
-0.287179487179,3.94344090809,2.58575312134,10.6622333367
-0.284615384615,3.94296581323,2.58595404057,10.6604712419
-0.282051282051,3.94262268198,2.58617877261,10.6590557954
-0.279487179487,3.94236145619,2.58642076941,10.6578526932
-0.276923076923,3.94211927244,2.58667286877,10.6566914382
-0.274358974359,3.94183865043,2.58692884667,10.655415084
-0.271794871795,3.94147801444,2.58718430009,10.6539091646
-0.269230769231,3.94101620388,2.58743700254,10.6521142848
-0.266666666667,3.94045247181,2.58768686212,10.65002643
-0.264102564103,3.93980331403,2.58793559797,10.6476886242
-0.261538461538,3.93909731426,2.58818623707,10.6451771469
-0.258974358974,3.93836903434,2.58844251958,10.642585095
-0.25641025641,3.93765282165,2.58870828822,10.6400056523
-0.253846153846,3.93697724908,2.58898692455,10.6375170083
-0.251282051282,3.93636074638,2.58928088267,10.6351704449
-0.248717948718,3.93580882471,2.58959135888,10.6329826855
-0.246153846154,3.93531313971,2.5899181226,10.6309331823
-0.24358974359,3.93485248144,2.59025952117,10.6289665904
-0.241025641026,3.93439562312,2.59061265814,10.627000259
-0.238461538462,3.93390580341,2.59097373143,10.6249361427
-0.235897435897,3.93334646077,2.59133850562,10.6226761193
-0.233333333333,3.93268768121,2.59170288042,10.6201392721
-0.230769230769,3.93191266428,2.59206350608,10.6172792774
-0.228205128205,3.93102335547,2.59241838505,10.6140996133
-0.225641025641,3.93004423609,2.59276738754,10.6106638857
-0.223076923077,3.9290231054,2.5931125969,10.6070981432
-0.220512820513,3.9280275328,2.59345838776,10.603581633
-0.217948717949,3.92713550105,2.59381112743,10.6003220265
-0.215384615385,3.92641860505,2.59417837917,10.5975107205
-0.212820512821,3.92591601361,2.59456747578,10.5952533991
-0.210256410256,3.92559724534,2.59498332543,10.5934706221
-0.207692307692,3.92531165253,2.59542530555,10.5917627814
-0.205128205128,3.92472235066,2.59588309153,10.5892333512
-0.202564102564,3.923222174,2.59633123967,10.5842639331
-0.2,3.91982908149,2.59672227076,10.5742341684
-0.2,3.91982908149,2.59672227076,10.5742341684
-0.197435897436,3.92148643157,2.59720280432,10.5778445852
-0.194871794872,3.92116913097,2.59761464125,10.5760936743
-0.192307692308,3.91997512875,2.59800762242,10.5719384966
-0.189743589744,3.91855548322,2.59840979001,10.5671384958
-0.187179487179,3.91724636987,2.59883397307,10.5626079484
-0.184615384615,3.91617383885,2.59928295872,10.5586958538
-0.182051282051,3.91533488654,2.59975350502,10.5554027447
-0.179487179487,3.91465818075,2.60023936797,10.5525432936
-0.176923076923,3.91404755432,2.60073348422,10.5498629901
-0.174358974359,3.91341115679,2.60122944098,10.5471165693
-0.171794871795,3.91267892879,2.60172235925,10.5441152726
-0.169230769231,3.911810839,2.60220930949,10.5407494303
-0.166666666667,3.91079809847,2.60268936875,10.536992254
-0.164102564103,3.90965934208,2.60316341662,10.5328901325
-0.161538461538,3.90843354205,2.60363375514,10.5285441278
-0.158974358974,3.90717119346,2.60410362597,10.5240867676
-0.15641025641,3.90592508658,2.60457668743,10.5196576388
-0.153846153846,3.90474175612,2.60505650442,10.5153806841
-0.151282051282,3.90365447239,2.60554609482,10.5113455128
-0.148717948718,3.90267841432,2.6060475671,10.5075944356
-0.146153846154,3.9018084396,2.6065618747,10.5041163402
-0.14358974359,3.90101964185,2.60708870279,10.5008479262
-0.141025641026,3.90027066015,2.60762649398,10.4976822211
-0.138461538462,3.89950948104,2.6081726095,10.4944837042
-0.135897435897,3.89868124824,2.60872361351,10.4911087672
-0.133333333333,3.89773737031,2.60927566009,10.4874296442
-0.130769230769,3.89664499158,2.60982495469,10.483359349
-0.128205128205,3.89539566674,2.61036825502,10.4788745595
-0.125641025641,3.89401185432,2.61090336967,10.4740327942
-0.123076923077,3.89254961959,2.61142960564,10.4689796313
-0.120512820513,3.89109571226,2.61194810857,10.4639411206
-0.117948717949,3.88975695945,2.612462031,10.4591959492
-0.115384615385,3.8886396895,2.61297645638,10.4550213183
-0.112820512821,3.88781667707,2.61349799947,10.4516058986
-0.110256410256,3.8872788752,2.61403399991,10.4489226328
-0.107692307692,3.88686897487,2.61459122578,10.4465535579
-0.105128205128,3.88619360784,2.61517400627,10.4434582284
-0.102564102564,3.88451078325,2.61578171242,10.4376767217
-0.1,3.88058892389,2.61640548696,10.4259576188
-0.1,3.88058892389,2.61640548696,10.4259576188
-0.0974358974359,3.88190108999,2.61695525153,10.4282981946
-0.0948717948718,3.88134048891,2.61750210562,10.425653812
-0.0923076923077,3.8799270157,2.61804959594,10.420713299
-0.0897435897436,3.87827589693,2.6186007348,10.4151050596
-0.0871794871795,3.876714175,2.61915775672,10.4097010911
-0.0846153846154,3.87537375344,2.61972199897,10.4048599902
-0.0820512820513,3.87426399346,2.6202938897,10.4006167187
-0.0794871794872,3.873326668,2.62087302377,10.3968264205
-0.0769230769231,3.87247589516,2.62145830448,10.3932691046
-0.074358974359,3.87162548879,2.62204812976,10.3897215296
-0.0717948717949,3.87070597982,2.6226406029,10.3860021483
-0.0692307692308,3.86967337781,2.62323374989,10.3819944916
-0.0666666666667,3.8685115577,2.62382572786,10.3776538946
-0.0641025641026,3.86722997302,2.62441501103,10.3730019867
-0.0615384615385,3.86585821229,2.62500054254,10.3681128937
-0.0589743589744,3.86443873114,2.62558184239,10.3630946171
-0.0564102564103,3.86301890877,2.62615906385,10.3580685815
-0.0538461538462,3.86164339293,2.62673299269,10.3531498597
-0.0512820512821,3.86034751348,2.627304987,10.3484301098
-0.0487179487179,3.85915236039,2.62787685789,10.3439647764
-0.0461538461538,3.85806193797,2.62845069579,10.3397656347
-0.0435897435897,3.85706262275,2.62902865045,10.3357992729
-0.0410256410256,3.85612496837,2.62961267735,10.3319916334
-0.0384615384615,3.85520771654,2.63020426696,10.3282382535
-0.0358974358974,3.85426368909,2.63080417788,10.3244193687
-0.0333333333333,3.85324705191,2.63141219897,10.3204185615
-0.0307692307692,3.85212125708,2.63202697017,10.3161431629
-0.0282051282051,3.85086678596,2.63264589706,10.3115441325
-0.025641025641,3.84948763105,2.63326519969,10.3066326657
-0.0230769230769,3.84801527088,2.63388014315,10.3014902977
-0.0205128205128,3.8465087076,2.63448550393,10.2962687952
-0.0179487179487,3.84504895291,2.63507633358,10.2911756479
-0.0153846153846,3.84372616387,2.63564908711,10.2864404928
-0.0128205128205,3.8426174456,2.63620318855,10.2822573276
-0.0102564102564,3.84175315425,2.63674310951,10.2786968901
-0.00769230769231,3.84106934873,2.63728104128,10.2755831011
-0.00512820512821,3.84034385626,2.63784025177,10.2723269885
-0.0025641025641,3.8391132319,2.63845925028,10.267711026
0,3.83656770859,2.63919695739,10.2596163246
0,3.83656770859,2.63919695739,10.2596163246
0.0025641025641,3.83624417429,2.63969455969,10.2574258476
0.00512820512821,3.83530917879,2.6402888592,10.2537289351
0.00769230769231,3.834064805,2.64091285867,10.2492535641
0.0102564102564,3.83270814076,2.64153072929,10.2444798545
0.0128205128205,3.83135702346,2.64212773032,10.2396995981
0.0153846153846,3.83007151728,2.64270236039,10.2350661589
0.0179487179487,3.82887155117,2.6432604088,10.2306356901
0.0205128205128,3.82775112666,2.64381062297,10.2264005554
0.0230769230769,3.82668948496,2.64436173584,10.2223158011
0.025641025641,3.82565960392,2.64492061621,10.2183194904
0.0282051282051,3.82463437574,2.64549132195,10.2143476738
0.0307692307692,3.82359079743,2.64607485333,10.2103447327
0.0333333333333,3.82251248642,2.64666942162,10.2062697905
0.0358974358974,3.82139081458,2.64727106779,10.2020998513
0.0384615384615,3.8202249347,2.64787448548,10.1978302821
0.0410256410256,3.81902095401,2.64847392234,10.1934732166
0.0435897435897,3.81779049018,2.64906405335,10.1890544198
0.0461538461538,3.81654882591,2.64964073913,10.1846091123
0.0487179487179,3.81531285902,2.6502016012,10.180177214
0.0512820512821,3.8140990255,2.65074636553,10.1757984289
0.0538461538462,3.81292135375,2.6512769449,10.1715075476
0.0564102564103,3.81178978925,2.65179725022,10.16733031
0.0589743589744,3.81070890904,2.65231274105,10.1632801242
0.0615384615385,3.80967712669,2.65282974563,10.1593558999
0.0641025641026,3.80868646884,2.65335460096,10.1555412123
0.0666666666667,3.80772298505,2.65389268398,10.151804974
0.0692307692308,3.8067678338,2.65444742454,10.1481037481
0.0717948717949,3.80579906765,2.65501941092,10.1443858
0.074358974359,3.80479412183,2.65560571824,10.1405969383
0.0769230769231,3.80373299087,2.65619960988,10.1366881588
0.0794871794872,3.80260205873,2.65679078229,10.1326250595
0.0820512820513,3.80139852863,2.65736634436,10.1283989521
0.0846153846154,3.80013537954,2.65791274466,10.1240395554
0.0871794871795,3.79884675682,2.65841888178,10.1196291118
0.0897435897436,3.7975936854,2.65888065548,10.115317733
0.0923076923077,3.79646997459,2.65930723536,10.1113397386
0.0948717948718,3.79560816425,2.65972933752,10.1080307155
0.0974358974359,3.79518534276,2.66020980182,10.1058449675
0.1,3.7954286481,2.66085674591,10.1053729377
0.1,3.7954286481,2.66085674591,10.1053729377
0.102564102564,3.79287042323,2.66123109285,10.097377231
0.105128205128,3.79156043678,2.66176711182,10.0928442619
0.107692307692,3.79077187299,2.66235093345,10.0897856892
0.110256410256,3.79008940949,2.66291971928,10.0870565263
0.112820512821,3.78931262693,2.66344593751,10.0840959353
0.115384615385,3.78838025859,2.66392485743,10.0807235284
0.117948717949,3.78731244355,2.6643649443,10.0769837008
0.120512820513,3.78616833258,2.66478075287,10.0730309639
0.123076923077,3.78501658126,2.66518792117,10.0690497274
0.125641025641,3.78391645045,2.66559989942,10.0652024766
0.128205128205,3.78290741975,2.66602608651,10.0616007847
0.130769230769,3.7820054048,2.66647108018,10.0582940956
0.133333333333,3.78120385508,2.6669347747,10.0552717021
0.135897435897,3.78047819429,2.66741306486,10.0524738325
0.138461538462,3.77979225061,2.6678989401,10.0498082469
0.141025641026,3.77910550999,2.66838377781,10.0471692337
0.14358974359,3.77838021092,2.66885867257,10.0444563837
0.146153846154,3.77758748452,2.66931566614,10.0415910134
0.148717948718,3.77671192956,2.66974877123,10.0385285925
0.151282051282,3.77575419719,2.67015470959,10.0352660261
0.153846153846,3.77473134585,2.67053331138,10.0318431275
0.15641025641,3.77367491234,2.67088754776,10.028338105
0.158974358974,3.7726268302,2.67122319344,10.0248573759
0.161538461538,3.77163351256,2.67154814093,10.0215205067
0.164102564103,3.77073860159,2.67187141351,10.0184415647
0.166666666667,3.76997507246,2.67220195122,10.0157086575
0.169230769231,3.76935756517,2.67254727099,10.0133639213
0.171794871795,3.76887600298,2.67291212986,10.0113867109
0.174358974359,3.76849174186,2.67329734614,10.0096832289
0.176923076923,3.76813768052,2.67369895774,10.0080863233
0.179487179487,3.76772394654,2.674107919,10.0063696647
0.182051282051,3.7671509592,2.67451055917,10.0042810031
0.184615384615,3.76633185517,2.67489004854,10.0015996886
0.187179487179,3.76522644902,2.67522914752,9.99822412596
0.189743589744,3.76388908555,2.67551454956,9.99429532396
0.192307692308,3.76253292665,2.67574316996,9.99036319159
0.194871794872,3.76161340095,2.6759307634,9.98760272875
0.197435897436,3.76193372993,2.67612323642,9.98808774451
0.2,3.76477562944,2.67641088189,9.99513019764
0.2,3.76477562944,2.67641088189,9.99513019764
0.202564102564,3.76101373041,2.67658540475,9.98458820651
0.205128205128,3.75974443805,2.67688702223,9.98071385776
0.207692307692,3.75957987541,2.67722435837,9.97984812337
0.210256410256,3.75969979115,2.67754477898,9.97981654305
0.212820512821,3.75968320992,2.67782324615,9.97949151148
0.215384615385,3.75937494576,2.67805321519,9.9784448121
0.217948717949,3.75878240763,2.67823949497,9.97667862678
0.220512820513,3.75799841537,2.67839283607,9.97442396448
0.223076923077,3.7571460328,2.67852598132,9.97199618927
0.225641025641,3.75634171422,2.67865093325,9.96969807537
0.228205128205,3.75567334872,2.67877722396,9.96776156506
0.230769230769,3.75519007637,2.67891100019,9.96632015303
0.233333333333,3.75490103854,2.67905475596,9.96540456616
0.235897435897,3.75478051406,2.67920755952,9.96495515209
0.238461538462,3.75477718148,2.67936563374,9.96484513327
0.241025641026,3.75482553675,2.67952316125,9.9649096269
0.24358974359,3.75485778448,2.67967320054,9.96497607511
0.246153846154,3.75481480978,2.679808615,9.96489247368
0.248717948718,3.75465512676,2.67992293382,9.96455053253
0.251282051282,3.75436098841,2.6800110807,9.96390164553
0.253846153846,3.7539411317,2.68006992183,9.96296429169
0.25641025641,3.75342992047,2.68009859887,9.96182223399
0.258974358974,3.75288293777,2.6800986262,9.96061362566
0.261538461538,3.7523693679,2.68007374398,9.95951187743
0.264102564103,3.75196179763,2.68002953219,9.95869988256
0.266666666667,3.75172435477,2.6799728048,9.95833994018
0.269230769231,3.75170039123,2.67991081898,9.95854246096
0.271794871795,3.75190120647,2.67985035125,9.95933728366
0.274358974359,3.75229759648,2.67979670948,9.96065217516
0.276923076923,3.75281630188,2.67975276571,9.96230383128
0.279487179487,3.7533437179,2.67971810941,9.96400744011
0.282051282051,3.75373951792,2.67968843234,9.96541161344
0.284615384615,3.75386313092,2.6796552679,9.9661662355
0.287179487179,3.7536163024,2.67960622053,9.96603152132
0.289743589744,3.75300525683,2.67952583997,9.96503732026
0.292307692308,3.75222626904,2.67939732496,9.9637024443
0.294871794872,3.75177874044,2.67920528149,9.96332454665
0.297435897436,3.75261016513,2.67893980556,9.96635182447
0.3,3.75629765973,2.67860218094,9.97684857052
0.3,3.75629765973,2.67860218094,9.97684857052
0.302564102564,3.75382834458,2.67840987567,9.97100693132
0.305128205128,3.75348479167,2.67821043862,9.97071302938
0.307692307692,3.75412517221,2.67800373307,9.97304571502
0.310256410256,3.75505920134,2.67778580054,9.97622956839
0.312820512821,3.75591888132,2.67755128241,9.979308582
0.315384615385,3.75655507445,2.67729507327,9.98188486542
0.317948717949,3.75695663652,2.67701334158,9.98391415212
0.320512820513,3.75718904101,2.67670404452,9.98555039083
0.323076923077,3.75734962401,2.67636705005,9.98703220551
0.325641025641,3.75753677931,2.67600396486,9.98860450992
0.328205128205,3.75783063296,2.67561775666,9.99046906427
0.330769230769,3.75828292601,2.67521225002,9.99275826324
0.333333333333,3.75891403395,2.6747915671,9.99552694668
0.335897435897,3.75971525078,2.67435957575,9.99875752637
0.338461538462,3.76065466562,2.67391939745,10.0023742243
0.341025641026,3.76168515896,2.673473017,10.0062627204
0.34358974359,3.76275324569,2.67302102412,10.0102920097
0.346153846154,3.76380769135,2.67256250594,10.0143357701
0.348717948718,3.76480702792,2.67209509815,10.0182910455
0.351282051282,3.76572529502,2.67161519263,10.0220925478
0.353846153846,3.76655553183,2.67111828956,10.0257213872
0.35641025641,3.76731074503,2.6705994729,10.0292075369
0.358974358974,3.76802227742,2.67005397906,10.0326258447
0.361538461538,3.7687357015,2.66947781897,10.0360859024
0.364102564103,3.76950456222,2.66886840401,10.0397165874
0.366666666667,3.77038249229,2.66822511653,10.0436465924
0.369230769231,3.77141442349,2.6675497558,10.0479827586
0.371794871795,3.77262781675,2.66684678163,10.0527885317
0.374358974359,3.77402503358,2.66612327081,10.0580653578
0.376923076923,3.775578171,2.66538849556,10.0637403371
0.379487179487,3.7772278817,2.6646530294,10.0696639554
0.382051282051,3.77888790088,2.6639272816,10.0756222119
0.384615384615,3.78045720083,2.66321935582,10.0813679636
0.387179487179,3.78184189382,2.66253212039,10.0866768097
0.389743589744,3.78298920371,2.66185936613,10.0914333403
0.392307692308,3.78393602615,2.66118091641,10.0957540749
0.394871794872,3.78487479693,2.66045655471,10.1001539103
0.397435897436,3.78623958769,2.65961867034,10.1057633802
0.4,3.78881554782,2.65856363801,10.1146044849
0.4,3.78881554782,2.65856363801,10.1146044849
0.402564102564,3.79009646216,2.65781564346,10.1200664176
0.405128205128,3.79163687622,2.65692375189,10.1259845047
0.407692307692,3.79335290112,2.65598410774,10.1322778514
0.410256410256,3.79517474639,2.65504680539,10.138847409
0.412820512821,3.79704867449,2.65413095216,10.1455959848
0.415384615385,3.79893731156,2.65323643224,10.1524412262
0.417948717949,3.80081868461,2.65235280368,10.1593228744
0.420512820513,3.80268432298,2.65146574551,10.166205449
0.423076923077,3.80453672895,2.6505614493,10.1730774247
0.425641025641,3.80638648998,2.64962932249,10.1799478625
0.428205128205,3.80824927231,2.64866334035,10.1868413656
0.430769230769,3.81014290298,2.64766235335,10.1937921286
0.433333333333,3.81208471469,2.64662962604,10.2008377491
0.435897435897,3.81408929527,2.64557185408,10.2080133684
0.438461538462,3.81616675094,2.64449787698,10.2153466051
0.441025641026,3.81832155973,2.64341727583,10.222853645
0.44358974359,3.82055205898,2.64233901635,10.2305367504
0.446153846154,3.82285057804,2.64127026892,10.2383833489
0.448717948718,3.82520419461,2.64021550799,10.2463667659
0.451282051282,3.82759606073,2.63917596356,10.2544485572
0.453846153846,3.83000721154,2.63814946787,10.2625822998
0.45641025641,3.83241873729,2.63713071083,10.2707185943
0.458974358974,3.8348141667,2.63611188848,10.2788109253
0.461538461538,3.8371818767,2.63508370034,10.286821927
0.464102564103,3.83951731131,2.63403662298,10.2947294908
0.466666666667,3.84182475952,2.63296235918,10.3025320527
0.469230769231,3.84411840951,2.63185533396,10.3102522915
0.471794871795,3.84642236377,2.63071407994,10.3179383643
0.474358974359,3.84876926725,2.62954232514,10.325661702
0.476923076923,3.85119716766,2.62834956679,10.3335102764
0.479487179487,3.85374419489,2.6271508848,10.341576145
0.482051282051,3.85644061326,2.62596572024,10.3499359679
0.484615384615,3.85929776823,2.62481531768,10.3586230805
0.487179487179,3.86229341616,2.62371850706,10.3675896007
0.489743589744,3.86535289325,2.62268547938,10.3766569467
0.492307692308,3.86832554706,2.62170918653,10.3854530398
0.494871794872,3.87095582133,2.62075395845,10.3933343677
0.497435897436,3.87284835231,2.61974085961,10.3992909535
0.5,3.87342640199,2.61852916354,10.4018320923
0.5,3.87342640199,2.61852916354,10.4018320923
0.502564102564,3.87838626512,2.61752306688,10.4161424964
0.505128205128,3.88167721481,2.616369599,10.4257163087
0.507692307692,3.88425079735,2.61518041781,10.4331591836
0.510256410256,3.88666262657,2.61401721544,10.4400087215
0.512820512821,3.88919205999,2.61290688217,10.4470529545
0.515384615385,3.89193662624,2.61185350983,10.4545823982
0.517948717949,3.89488457194,2.61084775193,10.4625844779
0.520512820513,3.89796867996,2.60987389959,10.4708885363
0.523076923077,3.90110429463,2.60891497962,10.4792690614
0.525641025641,3.9042142733,2.60795616847,10.4875142266
0.528205128205,3.90724336719,2.60698680859,10.4954662797
0.530769230769,3.91016431841,2.60600130162,10.5030397683
0.533333333333,3.9129777436,2.60499913347,10.5102230287
0.535897435897,3.91570765836,2.60398426237,10.5170678076
0.538461538462,3.91839428047,2.60296407594,10.523671324
0.541025641026,3.92108553347,2.60194809873,10.5301545195
0.54358974359,3.92382845608,2.60094660927,10.5366396848
0.546153846154,3.92666150643,2.59996930395,10.5432300906
0.548717948718,3.92960853398,2.59902412344,10.549993694
0.551282051282,3.93267497563,2.59811633539,10.5569524289
0.553846153846,3.93584661631,2.59724794293,10.5640780308
0.55641025641,3.93909103795,2.59641746289,10.5712947847
0.558974358974,3.9423616646,2.59562009136,10.5784890201
0.561538461538,3.94560409501,2.59484824676,10.5855246173
0.564102564103,3.94876419788,2.59409245504,10.5922632233
0.566666666667,3.95179722867,2.59334251586,10.5985873137
0.569230769231,3.95467701029,2.59258886531,10.6044236753
0.571794871795,3.95740400433,2.59182402666,10.6097643203
0.574358974359,3.96001088253,2.59104401668,10.614681282
0.576923076923,3.96256399235,2.59024954851,10.6193311795
0.579487179487,3.96515889406,2.5894468436,10.6239448727
0.582051282051,3.96790793056,2.58864783435,10.6287969672
0.584615384615,3.97091757472,2.58786950939,10.6341493587
0.587179487179,3.97425308296,2.5871321276,10.6401624417
0.589743589744,3.97788776728,2.58645601006,10.646767045
0.592307692308,3.98163398192,2.58585661152,10.6534895922
0.594871794872,3.98505270426,2.58533756755,10.659222433
0.597435897436,3.98733837357,2.58488138391,10.6619307366
0.6,3.9871754348,2.58443732383,10.6582867726
0.6,3.9871754348,2.58443732383,10.6582867726
0.602564102564,3.99230847504,2.5838252347,10.6687187794
0.605128205128,3.9958159626,2.58321683403,10.6747932419
0.607692307692,3.9985538389,2.58262640037,10.6786762405
0.610256410256,4.00104479541,2.58206424391,10.6817125279
0.612820512821,4.00357235921,2.58153675295,10.6846529315
0.615384615385,4.00625643049,2.5810467159,10.6878376151
0.617948717949,4.00911258599,2.58059385057,10.6913406423
0.620512820513,4.01209732302,2.58017546805,10.6950809565
0.623076923077,4.01514127997,2.57978720311,10.6989045705
0.625641025641,4.01817233002,2.57942375159,10.7026424315
0.628205128205,4.02113030556,2.5790795665,10.7061481055
0.630769230769,4.02397497214,2.57874947523,10.7093191001
0.633333333333,4.02668873128,2.57842919036,10.7121053227
0.635897435897,4.0292753928,2.57811569483,10.7145078453
0.638461538462,4.03175621798,2.57780748904,10.7165708269
0.641025641026,4.03416429594,2.57750469415,10.7183691169
0.64358974359,4.03653817667,2.57720901124,10.7199937437
0.646153846154,4.03891554477,2.57692354215,10.7215371639
0.648717948718,4.04132757929,2.57665248384,10.7230798289
0.651282051282,4.04379450573,2.57640071428,10.7246792978
0.653846153846,4.04632270729,2.57617329437,10.7263628048
0.65641025641,4.04890362339,2.57597491638,10.7281238641
0.658974358974,4.0515145245,2.57580933512,10.7299231746
0.661538461538,4.05412111317,2.57567882316,10.7316937589
0.664102564103,4.05668176205,2.57558369611,10.7333499536
0.666666666667,4.05915306084,2.57552195845,10.7347995384
0.669230769231,4.06149620482,2.57548912474,10.7359579723
0.671794871795,4.06368361869,2.57547827626,10.7367633781
0.674358974359,4.06570507036,2.57548041887,10.7371905933
0.676923076923,4.06757239026,2.57548521443,10.7372622815
0.679487179487,4.06932177273,2.57548216521,10.7370547738
0.682051282051,4.07101249681,2.57546233762,10.7366959879
0.684615384615,4.07272076517,2.57542071661,10.7363524482
0.687179487179,4.07452722006,2.57535928555,10.7362021109
0.689743589744,4.07649655711,2.57529092685,10.7363893713
0.692307692308,4.07864751769,2.57524423959,10.7369583102
0.694871794872,4.08091140252,2.57526937797,10.7377598952
0.697435897436,4.0830771092,2.57544504342,10.738328508
0.7,4.08472055809,2.575886839,10.7377227855
0.7,4.08472055809,2.575886839,10.7377227855
0.702564102564,4.08501466121,2.57583968566,10.733589925
0.705128205128,4.08632457886,2.57598522796,10.7325147088
0.707692307692,4.08797861779,2.57619969245,10.7325271632
0.710256410256,4.08960553718,2.57641793073,10.7325336052
0.712820512821,4.09103767052,2.57661420603,10.7320375037
0.715384615385,4.09223568264,2.57678718463,10.7309218429
0.717948717949,4.09323192598,2.57694864055,10.7292845158
0.720512820513,4.09408956425,2.57711532001,10.7273187813
0.723076923077,4.0948748355,2.57730343412,10.7252313778
0.725641025641,4.09564003086,2.57752529605,10.7231914568
0.728205128205,4.09641496908,2.57778766753,10.7213040742
0.730769230769,4.09720495108,2.57809142263,10.7196025472
0.733333333333,4.09799338278,2.57843217451,10.7180545472
0.735897435897,4.09874745844,2.57880154665,10.7165773665
0.738461538462,4.0994255008,2.57918880694,10.715058358
0.741025641026,4.09998475844,2.5795826212,10.7133771199
0.74358974359,4.10038866449,2.57997272293,10.7114265583
0.746153846154,4.10061276531,2.58035133637,10.709130537
0.748717948718,4.10064873141,2.58071422977,10.7064563862
0.751282051282,4.10050606701,2.58106131424,10.703421115
0.753846153846,4.10021133882,2.58139673979,10.700090733
0.75641025641,4.09980494838,2.58172847661,10.696572658
0.758974358974,4.09933567663,2.58206740471,10.6930017471
0.761538461538,4.09885343304,2.58242597195,10.6895210566
0.764102564103,4.09840084615,2.5828165185,10.6862590016
0.766666666667,4.0980045358,2.58324940457,10.6833051543
0.769230769231,4.0976671119,2.58373111778,10.6806874862
0.771794871795,4.09736114832,2.58426257439,10.6783544289
0.774358974359,4.09702658456,2.58483786433,10.6761656888
0.776923076923,4.09657321185,2.58544372187,10.6738963186
0.779487179487,4.09589010458,2.58606003484,10.6712591051
0.782051282051,4.0948640616,2.58666173667,10.6679508924
0.784615384615,4.09340932639,2.58722246409,10.6637290233
0.787179487179,4.09151105872,2.58772041151,10.6585246458
0.789743589744,4.08928523476,2.58814687233,10.6526002077
0.792307692308,4.0870578565,2.58851801299,10.6467590414
0.794871794872,4.08546655534,2.5888904384,10.6426155068
0.797435897436,4.08558787872,2.58938099118,10.6429346792
0.8,4.08909375288,2.59019082122,10.652050957
0.8,4.08909375288,2.59019082122,10.652050957
0.802564102564,4.08185724022,2.59060050868,10.6331441166
0.805128205128,4.07881752235,2.59126733355,10.6257080852
0.807692307692,4.07756858919,2.59201278528,10.6233022764
0.810256410256,4.07669510123,2.59273934234,10.6221190779
0.812820512821,4.07547630331,2.59340563145,10.6202016248
0.815384615385,4.07365177107,2.59400636473,10.6168240165
0.817948717949,4.07124081336,2.59455694768,10.6120126938
0.820512820513,4.06840787495,2.59508215352,10.6061889216
0.823076923077,4.06536680545,2.59560817426,10.5999136681
0.825641025641,4.06231738135,2.59615742517,10.5937175402
0.828205128205,4.05940798934,2.5967455715,10.5879998175
0.830769230769,4.05671890071,2.59738032016,10.5829819913
0.833333333333,4.05426108729,2.59806156848,10.5787025789
0.835897435897,4.05198605124,2.59878253616,10.5750413367
0.838461538462,4.0498026618,2.59953153713,10.5717623515
0.841025641026,4.04759751374,2.60029408307,10.5685668451
0.84358974359,4.04525584315,2.60105505272,10.5651478867
0.846153846154,4.04268055788,2.60180070857,10.5612405685
0.848717948718,4.03980746071,2.6025203917,10.5566625601
0.851282051282,4.03661526516,2.60320777229,10.5513413184
0.853846153846,4.03312952457,2.60386157515,10.5453255883
0.85641025641,4.0294201167,2.60448573666,10.5387801853
0.858974358974,4.02559244723,2.60508898318,10.5319644058
0.861538461538,4.02177305679,2.60568385466,10.5251957672
0.864102564103,4.01809083747,2.60628523312,10.518802131
0.866666666667,4.01465558594,2.60690847633,10.5130666209
0.869230769231,4.01153614171,2.60756730084,10.5081711043
0.871794871795,4.00874088006,2.60827160376,10.5041453608
0.874358974359,4.00620385085,2.60902545468,10.5008304218
0.876923076923,4.00378037516,2.60982552284,10.4978659175
0.879487179487,4.00125643344,2.61066023037,10.4947126224
0.882051282051,3.99837669986,2.61150994,10.4907227365
0.884615384615,3.99489659878,2.61234850724,10.4852717893
0.887179487179,3.99066428075,2.61314656238,10.4779674009
0.889743589744,3.98573893647,2.61387695228,10.4689514885
0.892307692308,3.9805523885,2.61452286416,10.4593138701
0.894871794872,3.97612142182,2.61508924035,10.4516365858
0.897435897436,3.97431883551,2.61561807077,10.4506896258
0.9,3.97821171913,2.61620778539,10.4643000809
0.9,3.97821171913,2.61620778539,10.4643000809
0.902564102564,3.96864518541,2.61696921219,10.4423588446
0.905128205128,3.96370316559,2.61779689392,10.4325659535
0.907692307692,3.96088401537,2.6186376254,10.4284145876
0.910256410256,3.95867784944,2.6194595655,10.4259505124
0.912820512821,3.9562812866,2.62024698045,10.4230433002
0.915384615385,3.95336954248,2.62099568189,10.4188032477
0.917948717949,3.94991856348,2.62170926126,10.4131255106
0.920512820513,3.94607034439,2.62239605937,10.4063441059
0.923076923077,3.94203502155,2.62306676629,10.398979555
0.925641025641,3.93802378244,2.62373255451,10.391565079
0.928205128205,3.93420708193,2.62440367069,10.384537391
0.930769230769,3.93069310432,2.62508843168,10.3781792638
0.933333333333,3.92752185982,2.62579258266,10.3726021873
0.935897435897,3.92467075298,2.62651897938,10.3677585617
0.938461538462,3.92206791001,2.62726755586,10.363474006
0.941025641026,3.91961000084,2.62803553587,10.3594914933
0.94358974359,3.9171817412,2.62881784481,10.3555201573
0.946153846154,3.91467470909,2.6296076776,10.3512827451
0.948717948718,3.91200355897,2.63039718032,10.3465568265
0.951282051282,3.9091181666,2.63117820493,10.3412060013
0.953846153846,3.90601068622,2.63194309868,10.3351984793
0.95641025641,3.90271695116,2.63268548936,10.3286115426
0.958974358974,3.89931209812,2.63340102506,10.3216215324
0.961538461538,3.89590074447,2.63408802144,10.3144801354
0.964102564103,3.89260249714,2.63474796189,10.307478879
0.966666666667,3.88953402081,2.63538578732,10.3009048769
0.969230769231,3.88678934239,2.63600990457,10.294991998
0.971794871795,3.88442051772,2.63663183618,10.2898727658
0.974358974359,3.88242123591,2.63726543145,10.2855374259
0.976923076923,3.88071638561,2.63792555679,10.2818077528
0.979487179487,3.87916105696,2.6386261806,10.2783343027
0.982051282051,3.87755290178,2.63937776047,10.2746269521
0.984615384615,3.8756622242,2.64018382266,10.270129701
0.987179487179,3.87328462266,2.64103659476,10.2643518552
0.989743589744,3.87032145367,2.64191151595,10.2570688362
0.992307692308,3.8668938368,2.64276042363,10.2486069942
0.994871794872,3.8634963695,2.64350324546,10.2402279097
0.997435897436,3.86119716958,2.64401819647,10.2346287421
1,3.86189131241,2.644130945,10.2365762086
1,3.86189131241,2.644130945,10.2365762086
1.00256410256,3.85955066246,2.64518822495,10.2304933663
1.00512820513,3.85730734524,2.64589394385,10.2241072649
1.00769230769,3.8552878585,2.64648268507,10.2180654753
1.01025641026,3.85350289903,2.64707903592,10.2125744251
1.01282051282,3.85190025115,2.64773357771,10.2075796036
1.01538461538,3.85040300829,2.64845090501,10.2028986656
1.01794871795,3.84893551843,2.64921076349,10.1983150033
1.02051282051,3.84743926467,2.64998330348,10.1936385996
1.02307692308,3.84588071279,2.65073939622,10.1887404078
1.02564102564,3.84425297809,2.65145690762,10.1835659785
1.02820512821,3.84257298446,2.65212375854,10.1781335402
1.03076923077,3.84087560917,2.65273852509,10.172521202
1.03333333333,3.83920612722,2.65330925281,10.1668474113
1.0358974359,3.83761208993,2.65385108077,10.1612482467
1.03846153846,3.8361355927,2.65438319797,10.1558545903
1.04102564103,3.83480670769,2.65492558412,10.1507716827
1.04358974359,3.83363867731,2.65549591817,10.1460630377
1.04615384615,3.83262528558,2.65610696791,10.1417401593
1.04871794872,3.83174064411,2.65676470169,10.1377589804
1.05128205128,3.83094145093,2.65746728746,10.134023406
1.05384615385,3.83017160011,2.65820506751,10.1303958127
1.05641025641,3.82936884118,2.65896151959,10.12671382
1.05897435897,3.82847300773,2.65971514085,10.1228121108
1.06153846154,3.827435155,2.66044211883,10.1185475533
1.0641025641,3.82622676709,2.66111958623,10.1138253413
1.06666666667,3.82484801459,2.66172918875,10.1086233534
1.06923076923,3.82333386432,2.66226062753,10.1030114065
1.07179487179,3.82175666319,2.66271476422,10.0971615575
1.07435897436,3.82022363882,2.66310579729,10.091345079
1.07692307692,3.81886758005,2.66346193285,10.0859112006
1.07948717949,3.81782878104,2.66382388801,10.0812421661
1.08205128205,3.81722615327,2.66424048902,10.0776786192
1.08461538462,3.81711523006,2.66476057117,10.0754087999
1.08717948718,3.81743060912,2.66542035937,10.0743145352
1.08974358974,3.81791019877,2.66622549345,10.0737665266
1.09230769231,3.8179984545,2.66712680838,10.0723609716
1.09487179487,3.81672561243,2.66798876054,10.067589022
1.09743589744,3.81255974759,2.66854876024,10.0554298256
1.1,3.80322830459,2.66836417675,10.0298566036
1.1,3.80322830459,2.66836417675,10.0298566036
1.10256410256,3.81251209056,2.66942643772,10.0537569132
1.10512820513,3.81367596588,2.66979283097,10.0556903169
1.10769230769,3.8113946083,2.66993946452,10.0482898761
1.11025641026,3.80837700678,2.67012490086,10.0389049178
1.11282051282,3.80596554005,2.67046022744,10.0312038244
1.11538461538,3.80460771917,2.67096161634,10.0264370211
1.11794871795,3.8042177071,2.67159062027,10.0244064271
1.12051282051,3.80444362062,2.67228431868,10.024183847
1.12307692308,3.804855513,2.67297659213,10.0246176915
1.12564102564,3.80506782858,2.67361179155,10.02466456
1.12820512821,3.80480901316,2.67415219478,10.0235793857
1.13076923077,3.80394985685,2.67458065815,10.0209949554
1.13333333333,3.80250103908,2.67489975399,10.0169186831
1.1358974359,3.80058923787,2.67512849567,10.0116715543
1.13846153846,3.79842005869,2.67529755785,10.0057911977
1.14102564103,3.79623493061,2.67544373978,9.99991809816
1.14358974359,3.79426801067,2.67560430482,9.99468103375
1.14615384615,3.79270802976,2.67581174473,9.99059491002
1.14871794872,3.79166890648,2.6760894412,9.98798125268
1.15128205128,3.79117184803,2.67644860671,9.98691870721
1.15384615385,3.79114055002,2.67688677087,9.98722797075
1.15641025641,3.79140999982,2.6773879396,9.98849264937
1.15897435897,3.79174828115,2.67792440474,9.99011459607
1.16153846154,3.79188967,2.67846004106,9.99139934844
1.1641025641,3.791576205,2.67895481062,9.99166435671
1.16666666667,3.79060380833,2.67937010621,9.99035977575
1.16923076923,3.78886792547,2.67967449766,9.98718868716
1.17179487179,3.78640254571,2.67984937636,9.98221071488
1.17435897436,3.7834053573,2.67989389776,9.9759100888
1.17692307692,3.78024068465,2.67982847812,9.96920628907
1.17948717949,3.77741074716,2.67969590925,9.96338246177
1.18205128205,3.77548467261,2.67955894086,9.95990383917
1.18461538462,3.77497359036,2.67949301417,9.96009544114
1.18717948718,3.77613902279,2.67957279868,9.96464540473
1.18974358974,3.77872068591,2.67985134469,9.97289741806
1.19230769231,3.78156870312,2.68033093139,9.98189292777
1.19487179487,3.78216412869,2.68092466107,9.98512098811
1.19743589744,3.77601057041,2.68140656149,9.97093063458
1.2,3.75587859377,2.68134345309,9.92055708971
1.2,3.75587859377,2.68134345309,9.92055708971
1.20256410256,3.77258106224,2.68167554123,9.96791900087
1.20512820513,3.77552395876,2.68147517276,9.97861359273
1.20769230769,3.77236869322,2.68110757332,9.97294206467
1.21025641026,3.76766740593,2.68077919547,9.96301394237
1.21282051282,3.7637789924,2.68058614603,9.95514906287
1.21538461538,3.76159658497,2.68054976622,9.95178668677
1.21794871795,3.76111107253,2.68064477961,9.95296627108
1.22051282051,3.76183369378,2.68082153358,9.95743991335
1.22307692308,3.76309919428,2.68102274626,9.96347234214
1.22564102564,3.76426949156,2.68119516471,9.96938034564
1.22820512821,3.76485624729,2.68129680373,9.97385957826
1.23076923077,3.76457919975,2.68130061061,9.9761427119
1.23333333333,3.76337556428,2.68119541112,9.97602889351
1.2358974359,3.76137426392,2.68098488348,9.97382044276
1.23846153846,3.75884720671,2.68068515673,9.97019868737
1.24102564103,3.75614828068,2.68032149835,9.9660667993
1.24358974359,3.75364919183,2.67992447045,9.96238346921
1.24615384615,3.75167972506,2.67952589465,9.9600072401
1.24871794872,3.75047846207,2.67915495469,9.95956731197
1.25128205128,3.75015844502,2.67883475654,9.96137262292
1.25384615385,3.75069072902,2.67857963713,9.9653670044
1.25641025641,3.75190722074,2.67839345233,9.97113419571
1.25897435897,3.75352265535,2.67826898606,9.97795248343
1.26153846154,3.7551740178,2.67818852031,9.98489470773
1.2641025641,3.75647416936,2.67812551064,9.99096535133
1.26666666667,3.75707489451,2.67804724173,9.99526240265
1.26923076923,3.75673303781,2.67791829913,9.9971476655
1.27179487179,3.75537185465,2.67770467922,9.99640517524
1.27435897436,3.75312815434,2.6773783486,9.99336337335
1.27692307692,3.75037426842,2.67692202667,9.98895268745
1.27948717949,3.74770233137,2.67633387268,9.98466615485
1.28205128205,3.74585681534,2.67563159701,9.98238670959
1.28461538462,3.7455997152,2.67485530333,9.98404072005
1.28717948718,3.74749123412,2.67406817082,9.99103331513
1.28974358974,3.75156727482,2.67335402377,10.0034169787
1.29230769231,3.75689349581,2.67281105292,10.0187408409
1.29487179487,3.76097414624,2.67254153825,10.030524079
1.29743589744,3.75899234769,2.67263829161,10.0262928792
1.3,3.74285694548,2.67316933841,9.98511651932
1.3,3.74285694548,2.67316933841,9.98511651932
1.30256410256,3.75527083263,2.67210465026,10.0198864131
1.30512820513,3.75911074838,2.67139031366,10.0323102288
1.30769230769,3.75890797245,2.67078213077,10.0338960138
1.31025641026,3.75747423297,2.67016216036,10.0318532373
1.31282051282,3.75637287814,2.66949190372,10.03025622
1.31538461538,3.75630021235,2.6687783262,10.0309877758
1.31794871795,3.75738780423,2.66804924022,10.0344894875
1.32051282051,3.759435949,2.66733629898,10.0403433155
1.32307692308,3.76208784364,2.66666434494,10.0477077218
1.32564102564,3.7649534086,2.66604592409,10.0556300065
1.32820512821,3.76769106558,2.6654797796,10.0632550554
1.33076923077,3.77005515642,2.66495220066,10.0699491889
1.33333333333,3.77191606371,2.66444023183,10.0753562781
1.3358974359,3.77325946931,2.66391590751,10.079401782
1.33846153846,3.77417056266,2.66335083157,10.0822588537
1.34102564103,3.77480838616,2.66272055203,10.0842891686
1.34358974359,3.77537488065,2.66200828545,10.0859696346
1.34615384615,3.77608256961,2.66120763347,10.0878146489
1.34871794872,3.77712419604,2.66032402179,10.0903020658
1.35128205128,3.77864700199,2.65937469028,10.0938095319
1.35384615385,3.78073371581,2.65838717896,10.0985663357
1.35641025641,3.78339168823,2.65739638431,10.1046244092
1.35897435897,3.78655099362,2.65644039502,10.1118506186
1.36153846154,3.79007168856,2.65555544211,10.1199409913
1.3641025641,3.79375979538,2.65477040543,10.1284560438
1.36666666667,3.79739095387,2.6541014025,10.1368748993
1.36923076923,3.80074006006,2.65354705296,10.1446644018
1.37179487179,3.80361458644,2.65308507529,10.1513579422
1.37435897436,3.80588865356,2.65267095202,10.1566372003
1.37692307692,3.80753429883,2.65223950941,10.1604084842
1.37948717949,3.80864576331,2.65171040409,10.1628638276
1.38205128205,3.8094519937,2.65099867651,10.1645155043
1.38461538462,3.81031193145,2.65003168179,10.1661911786
1.38717948718,3.81168653725,2.64877378117,10.1689755372
1.38974358974,3.81408087424,2.64726010935,10.1740829311
1.39230769231,3.81794894904,2.64564050131,10.1826441663
1.39487179487,3.82355338544,2.64423437188,10.1953888418
1.39743589744,3.83077138082,2.64359734644,10.2122019711
1.4,3.83883777132,2.64460151768,10.2315290814
1.4,3.83883777132,2.64460151768,10.2315290814
1.40256410256,3.83103913356,2.64269665063,10.2081586726
1.40512820513,3.831991253,2.64207388161,10.2096946224
1.40769230769,3.83643572626,2.6418301593,10.2212006396
1.41025641026,3.84141682704,2.64147924038,10.2342361146
1.41282051282,3.84555282082,2.6408225415,10.2448206225
1.41538461538,3.84846739185,2.6398428131,10.2518395365
1.41794871795,3.85035903187,2.63862345464,10.2558329237
1.42051282051,3.85168770975,2.63729021448,10.2581107961
1.42307692308,3.85295961141,2.63597100497,10.2601413153
1.42564102564,3.85459220906,2.63477020958,10.2631628776
1.42820512821,3.85684338882,2.63375466083,10.2679753702
1.43076923077,3.85978983572,2.63294896154,10.2748700301
1.43333333333,3.86334134489,2.63233801433,10.2836612954
1.4358974359,3.8672791978,2.63187467929,10.2937879021
1.43846153846,3.87130821214,2.63149055662,10.3044543568
1.44102564103,3.87511354418,2.63110807305,10.3147878646
1.44358974359,3.87841479182,2.63065234123,10.3239898166
1.44615384615,3.88101141705,2.63006160942,10.331465013
1.44871794872,3.88281497607,2.62929545896,10.336915878
1.45128205128,3.88386511535,2.62834019043,10.3403929746
1.45384615385,3.88432776176,2.62721105236,10.3422971316
1.45641025641,3.88447540503,2.6259511274,10.3433324662
1.45897435897,3.88465084037,2.6246268446,10.3444135368
1.46153846154,3.88521720933,2.62332028102,10.3465338291
1.4641025641,3.88649864665,2.62211868678,10.3506067929
1.46666666667,3.88871731091,2.62110201728,10.3572947095
1.46923076923,3.89193404659,2.62032964794,10.3668447894
1.47179487179,3.89600139527,2.61982780919,10.3789560163
1.47435897436,3.90053914324,2.61957953371,10.3927043407
1.47692307692,3.90494406322,2.61951901103,10.4065578227
1.47948717949,3.90844697722,2.61953222869,10.4185172254
1.48205128205,3.91023173807,2.6194657823,10.4264214167
1.48461538462,3.90963219652,2.61914597944,10.4284608357
1.48717948718,3.90642469122,2.61841108126,10.4239463898
1.48974358974,3.90123506835,2.61716080287,10.4143855674
1.49230769231,3.89608070798,2.61542863161,10.4049222986
1.49487179487,3.89506950388,2.61348258886,10.4062017367
1.49743589744,3.90527921347,2.61195499005,10.4367244066
1.5,3.9378420647,2.61198443686,10.5257531961
1.5,3.9378420647,2.61198443686,10.5257531961
1.50256410256,3.90796888668,2.61081480069,10.4471173676
1.50512820513,3.90135886275,2.61077321026,10.4327357072
1.50769230769,3.90503452519,2.61104168114,10.4471607783
1.51025641026,3.91129801237,2.61115863496,10.4692458252
1.51282051282,3.91617073202,2.61092258622,10.4879492001
1.51538461538,3.91815529494,2.61030234225,10.4989985303
1.51794871795,3.91727756263,2.60936705545,10.5023050219
1.52051282051,3.91436931109,2.6082353715,10.5000226824
1.52307692308,3.91055467206,2.6070394262,10.4951537835
1.52564102564,3.90690617153,2.60589998434,10.4906091823
1.52820512821,3.90423884441,2.60491036369,10.4886395198
1.53076923077,3.90301356293,2.60412775397,10.4905605727
1.53333333333,3.90332337512,2.60357089683,10.4967031311
1.5358974359,3.90493930869,2.60322301296,10.5065247346
1.53846153846,3.9073947543,2.60303863163,10.5188275264
1.54102564103,3.91009020112,2.6029528316,10.5320334206
1.54358974359,3.91240275637,2.60289145343,10.5444747772
1.54615384615,3.91378753922,2.60278108061,10.5546658365
1.54871794872,3.91386069861,2.6025579184,10.5615272589
1.55128205128,3.91245646283,2.60217501867,10.5645432191
1.55384615385,3.90965328808,2.60160752803,10.563837587
1.55641025641,3.90576683158,2.60085575034,10.5601627805
1.55897435897,3.90131013389,2.59994583906,10.5548018928
1.56153846154,3.89692405389,2.59892793163,10.5493916964
1.5641025641,3.89328365852,2.59787158271,10.5456811199
1.56666666667,3.89098892847,2.5968585104,10.5452468122
1.56923076923,3.89045079946,2.59597296416,10.5491944568
1.57179487179,3.89178621804,2.59529041931,10.5578816016
1.57435897436,3.89473854916,2.59486570043,10.5707048923
1.57692307692,3.89864233199,2.59472190011,10.5860017287
1.57948717949,3.90245403893,2.59484148374,10.6011234505
1.58205128205,3.90487315196,2.59516074873,10.6127441757
1.58461538462,3.90458052891,2.59556848525,10.6174763522
1.58717948718,3.9006236913,2.5959095662,10.6128709688
1.58974358974,3.89298132411,2.59599468389,10.5988872792
1.59230769231,3.88334193675,2.59561895939,10.579923909
1.59487179487,3.8761342931,2.59459484878,10.5675104765
1.59743589744,3.87984987766,2.59280791219,10.583766487
1.6,3.9087003233,2.59030424999,10.6657422996
1.6,3.9087003233,2.59030424999,10.6657422996
1.60256410256,3.8880910039,2.59090922148,10.6123256674
1.60512820513,3.88188789451,2.59099422314,10.597062368
1.60769230769,3.88267701911,2.59090032027,10.600884856
1.61025641026,3.8858321852,2.59079118369,10.6116965951
1.61282051282,3.88875707561,2.59071614272,10.6225192619
1.61538461538,3.89027078627,2.59066095482,10.6299837026
1.61794871795,3.89011967762,2.59058460825,10.6331246397
1.62051282051,3.88859939001,2.59044394565,10.6324409785
1.62307692308,3.88627185614,2.59020857597,10.6291858276
1.62564102564,3.88376312613,2.58986825311,10.6248526746
1.62820512821,3.88162880354,2.58943447889,10.6208264545
1.63076923077,3.88027487323,2.58893780832,10.6181705101
1.63333333333,3.87992268474,2.58842220259,10.6175226917
1.6358974359,3.88060783722,2.58793770857,10.6190761175
1.63846153846,3.88220369497,2.58753265754,10.6226224099
1.64102564103,3.884461245,2.58724642451,10.6276375391
1.64358974359,3.88705799071,2.58710357122,10.6333927226
1.64615384615,3.88964955862,2.58710994127,10.6390751293
1.64871794872,3.89191867747,2.58725102627,10.6439054165
1.65128205128,3.89361717185,2.58749271054,10.6472413888
1.65384615385,3.89459759498,2.5877843401,10.6486593128
1.65641025641,3.89483210814,2.58806394004,10.6480066825
1.65897435897,3.8944171967,2.58826529701,10.6454225053
1.66153846154,3.89356379539,2.58832649818,10.64132348
1.6641025641,3.89257337812,2.58819934903,10.6363567693
1.66666666667,3.89180155033,2.58785886994,10.6313223964
1.66923076923,3.89161166445,2.58731180845,10.6270706143
1.67179487179,3.8923219616,2.58660283596,10.6243818654
1.67435897436,3.89415072562,2.58581687698,10.6238391614
1.67692307692,3.89716491773,2.5850758928,10.6257048806
1.67948717949,3.90123874311,2.58452842735,10.6298161487
1.68205128205,3.90602958316,2.58433028237,10.6355152218
1.68461538462,3.91097970995,2.58461471006,10.6416337211
1.68717948718,3.91535318187,2.58545032878,10.6465522406
1.68974358974,3.91831830228,2.58678440942,10.6483596624
1.69230769231,3.91908700552,2.58836817967,10.6451391533
1.69487179487,3.91712351733,2.5896595565,10.6354093977
1.69743589744,3.91243561934,2.58969803612,10.6187484264
1.7,3.90596282988,2.58694825781,10.5966201834
1.7,3.90596282988,2.58694825781,10.5966201834
1.70256410256,3.92345440887,2.58807334493,10.6389988524
1.70512820513,3.92886344509,2.58761513448,10.6453045678
1.70769230769,3.92928587677,2.58677310467,10.6365617269
1.71025641026,3.92876478226,2.58617671256,10.6248840927
1.71282051282,3.92924144124,2.58607346013,10.6162061298
1.71538461538,3.93130023972,2.5864682229,10.6124292601
1.71794871795,3.93473558865,2.58723038807,10.6130659992
1.72051282051,3.93896717828,2.58817407068,10.6164545427
1.72307692308,3.94332804289,2.58911417377,10.6206106806
1.72564102564,3.94724806266,2.58990149361,10.6237796507
1.72820512821,3.95035368187,2.59044080084,10.6247462455
1.73076923077,3.95250277488,2.590695987,10.6229567124
1.73333333333,3.9537717437,2.59068596641,10.6185008212
1.7358974359,3.95441008341,2.59047436788,10.6119971235
1.73846153846,3.95477580359,2.59015542,10.6044191128
1.74102564103,3.95526324689,2.58983797711,10.5968948021
1.74358974359,3.9562329976,2.58962936234,10.5905071851
1.74615384615,3.95795172568,2.58962054745,10.5861180912
1.74871794872,3.9605479641,2.58987403581,10.5842330019
1.75128205128,3.96398796945,2.59041557737,10.584919405
1.75384615385,3.96807396825,2.59123048183,10.5877861774
1.75641025641,3.97246524369,2.59226483525,10.5920263167
1.75897435897,3.97672066985,2.59343143821,10.5965201323
1.76153846154,3.98035945269,2.59461986082,10.5999908091
1.7641025641,3.98293498959,2.59570971437,10.6011991425
1.76666666667,3.9841149114,2.59658608124,10.5991592242
1.76923076923,3.9837585233,2.59715596978,10.5933519267
1.77179487179,3.98198101322,2.59736456295,10.583908133
1.77435897436,3.97919194871,2.59720978866,10.5717287116
1.77692307692,3.97609373559,2.59675326167,10.5585031619
1.77948717949,3.97362386399,2.59612493229,10.5465836096
1.78205128205,3.97282291985,2.59551797339,10.5386654413
1.78461538462,3.97460849186,2.59516988265,10.537220454
1.78717948718,3.97943325682,2.59532592397,10.543623239
1.78974358974,3.98680367802,2.59618219615,10.5569068852
1.79230769231,3.99463390403,2.59780743751,10.5720801422
1.79487179487,3.99840760741,2.60004337919,10.5779345108
1.79743589744,3.99011865535,2.60237895116,10.5542650153
1.8,3.95695965619,2.60377586891,10.4684198777
1.8,3.95695965619,2.60377586891,10.4684198777
1.80256410256,3.98139615642,2.60402448714,10.5365806019
1.80512820513,3.98745130351,2.60374108964,10.5543222515
1.80769230769,3.9847710749,2.60337146965,10.5475897277
1.81025641026,3.97923475034,2.60317356367,10.5324409669
1.81282051282,3.97402736396,2.60326986669,10.5178059636
1.81538461538,3.97049842552,2.60368624086,10.5077045369
1.81794871795,3.96883391289,2.60438415295,10.5029909868
1.82051282051,3.96856689252,2.60528783941,10.5026889249
1.82307692308,3.96895047846,2.60630621388,10.5049752973
1.82564102564,3.96921519499,2.60734932504,10.5078686236
1.82820512821,3.96873116222,2.60833966532,10.5096725552
1.83076923077,3.96709387796,2.60921905021,10.5092219112
1.83333333333,3.96415072388,2.60995195419,10.5059743408
1.8358974359,3.9599836777,2.61052613408,10.4999866968
1.83846153846,3.95486206797,2.61095120127,10.4918111001
1.84102564103,3.94917756166,2.61125562149,10.4823415674
1.84358974359,3.94337192959,2.61148249108,10.4726379633
1.84615384615,3.93786648853,2.61168438634,10.463749953
1.84871794872,3.93300047338,2.61191759854,10.4565595574
1.85128205128,3.92898394682,2.6122361225,10.451656863
1.85384615385,3.92586920844,2.61268582056,10.4492593968
1.85641025641,3.92354301901,2.6132992038,10.4491816334
1.85897435897,3.92174031061,2.61409123807,10.4508570532
1.86153846154,3.92007840678,2.61505650045,10.4534110996
1.8641025641,3.91810913171,2.61616790609,10.4557793011
1.86666666667,3.9153845414,2.61737713484,10.4568607236
1.86923076923,3.91153036413,2.61861684832,10.4556928101
1.87179487179,3.90631959174,2.61980482365,10.4516295727
1.87435897436,3.89973701754,2.62085023726,10.4445010196
1.87692307692,3.89202387094,2.62166247956,10.4347276531
1.87948717949,3.88369005299,2.62216300442,10.4233598684
1.88205128205,3.87547983146,2.62230072943,10.4120081062
1.88461538462,3.86827520831,2.62207131424,10.4026256623
1.88717948718,3.86291952641,2.62154021776,10.3971020631
1.88974358974,3.8599422371,2.62086888017,10.3966208031
1.89230769231,3.85916410386,2.62034309071,10.4007308535
1.89487179487,3.85916047212,2.62040341661,10.4060765101
1.89743589744,3.85655858917,2.62168088396,10.4047246246
1.9,3.8451433125,2.62504917269,10.3820216886
1.9,3.8451433125,2.62504917269,10.3820216886
1.90256410256,3.84006442386,2.62559714207,10.3774485217
1.90512820513,3.83545325154,2.62650735088,10.3769699996
1.90769230769,3.8309136416,2.62738373211,10.3773069926
1.91025641026,3.8262924366,2.62804852498,10.3767789645
1.91282051282,3.82158359897,2.62846606248,10.3747722636
1.91538461538,3.81685692549,2.62868380535,10.371328108
1.91794871795,3.81220756038,2.62878833198,10.3668337014
1.92051282051,3.80772278507,2.6288740034,10.3618006084
1.92307692308,3.80346283489,2.62902221891,10.356715755
1.92564102564,3.79945276369,2.62928938437,10.3519517312
1.92820512821,3.79568264918,2.62970188002,10.3477242824
1.93076923077,3.79211370302,2.6302564431,10.3440859781
1.93333333333,3.78868812121,2.63092449662,10.340946085
1.9358974359,3.78534078151,2.63165907966,10.3381077008
1.93846153846,3.78201116624,2.63240317723,10.3353142627
1.94102564103,3.77865416019,2.63309840774,10.3322986359
1.94358974359,3.77524864449,2.63369319586,10.3288291126
1.94615384615,3.77180307919,2.6341497273,10.3247477805
1.94871794872,3.76835753809,2.63444914253,10.3199978413
1.95128205128,3.7649819314,2.63459457665,10.3146375536
1.95384615385,3.76177042261,2.63461179436,10.3088395438
1.95641025641,3.75883231783,2.63454731134,10.30287528
1.95897435897,3.75627997688,2.6344640437,10.2970855521
1.96153846154,3.75421456711,2.63443469337,10.2918388641
1.9641025641,3.7527107522,2.63453326004,10.2874807386
1.96666666667,3.75180167946,2.63482526523,10.2842780503
1.96923076923,3.75146590081,2.63535746768,10.2823636509
1.97179487179,3.75161813384,2.63614802579,10.2816876809
1.97435897436,3.75210604075,2.63717820749,10.281983069
1.97692307692,3.75271547448,2.63838685516,10.282753766
1.97948717949,3.75318691266,2.63966889289,10.2832952418
1.98205128205,3.75324607135,2.64087924815,10.282757711
1.98461538462,3.75265196207,2.64184369809,10.2802635062
1.98717948718,3.75126592701,2.64237840034,10.2750910769
1.98974358974,3.74914545844,2.64232026684,10.2669393506
1.99230769231,3.74666688028,2.64157085687,10.2562877321
1.99487179487,3.74468124051,2.6401569161,10.244868765
1.99743589744,3.74470803513,2.6383105875,10.2362721057
2,3.74917165534,2.63657067475,10.2366990728
2,3.74917165534,2.63657067475,10.2366990728
2.00256410256,3.75986153748,2.63961511813,10.2528674531
2.00512820513,3.76088211388,2.64096395802,10.2459722596
2.00769230769,3.75883987988,2.64155553917,10.2326099088
2.01025641026,3.75728809748,2.64191321233,10.2213967655
2.01282051282,3.75772329834,2.64228694002,10.215639246
2.01538461538,3.7603577617,2.64275480843,10.2153912323
2.01794871795,3.76469958369,2.64329845378,10.2189897053
2.02051282051,3.76996981661,2.64385761505,10.2241500946
2.02307692308,3.77538401829,2.64436683759,10.2286960122
2.02564102564,3.78032341418,2.64477732572,10.2309921172
2.02820512821,3.78441873624,2.64506716246,10.2301430841
2.03076923077,3.78756766512,2.64524300406,10.2260158146
2.03333333333,3.78990466383,2.64533595081,10.2191361108
2.0358974359,3.79173985304,2.64539379728,10.2105050972
2.03846153846,3.79348144042,2.64547143466,10.2013747672
2.04102564103,3.79555407801,2.64562087315,10.1930161694
2.04358974359,3.79832338386,2.64588214618,10.1865079174
2.04615384615,3.80203472605,2.64627617901,10.1825668733
2.04871794872,3.80677222915,2.64680047991,10.1814370092
2.05128205128,3.81244182521,2.64742820817,10.1828465679
2.05384615385,3.8187800333,2.64811079863,10.1860377383
2.05641025641,3.82538801352,2.64878393076,10.1898671551
2.05897435897,3.83178830362,2.64937628676,10.192969646
2.06153846154,3.83749950798,2.64982029513,10.193971808
2.0641025641,3.84212207097,2.65006390619,10.1917361835
2.06666666667,3.84542612854,2.65008234512,10.1856110169
2.06923076923,3.8474302939,2.64988864797,10.1756547573
2.07179487179,3.84845809503,2.64954151402,10.1627985974
2.07435897436,3.84915664396,2.64914854914,10.1489043859
2.07692307692,3.85045997937,2.64886236683,10.1366692262
2.07948717949,3.85347738651,2.64886643633,10.1293220678
2.08205128205,3.85928485981,2.64934734581,10.1300517347
2.08461538462,3.86859573614,2.65045065825,10.1411002961
2.08717948718,3.88128438819,2.65221889324,10.1624505358
2.08974358974,3.89573472962,2.65451168374,10.1900312901
2.09230769231,3.90798314557,2.65690761399,10.2133587713
2.09487179487,3.91062332405,2.65858004896,10.2125239551
2.09743589744,3.89143832577,2.65811666284,10.1544225004
2.1,3.83172309186,2.6531945948,9.98809753956
2.1,3.83172309186,2.6531945948,9.98809753956
2.10256410256,3.90827645448,2.65488003342,10.1754743905
2.10512820513,3.92754173746,2.65431702436,10.2112493819
2.10769230769,3.92151182121,2.65320514164,10.1810469518
2.11025641026,3.90909853175,2.6524342692,10.1354728192
2.11282051282,3.90001445544,2.65237801046,10.1004824799
2.11538461538,3.89784991385,2.65306720834,10.0856024815
2.11794871795,3.9024507722,2.65432712409,10.0902938121
2.12051282051,3.91169606697,2.65589100275,10.1087185941
2.12307692308,3.92276775097,2.65748510415,10.1331519612
2.12564102564,3.93299816639,2.65888269689,10.1562648196
2.12820512821,3.94037416903,2.65993087608,10.1724872129
2.13076923077,3.94377013916,2.66055760915,10.1786451042
2.13333333333,3.94297542713,2.66076635514,10.1740456276
2.1358974359,3.93857509413,2.66062359424,10.1601677128
2.13846153846,3.931736121,2.66024236406,10.140096852
2.14102564103,3.92394457061,2.65976338558,10.1178248441
2.14358974359,3.9167325015,2.65933481827,10.0975176745
2.14615384615,3.91142674316,2.65909190753,10.0828371934
2.14871794872,3.90894495576,2.65913834079,10.0763848548
2.15128205128,3.90965770942,2.65953151713,10.0793183418
2.15384615385,3.91332863088,2.66027378001,10.0911743306
2.15641025641,3.91913797748,2.66131086766,10.1099129083
2.15897435897,3.92578831131,2.66253763582,10.1321812862
2.16153846154,3.93168425835,2.66380995909,10.1537765698
2.1641025641,3.93517165026,2.66496105942,10.1702695591
2.16666666667,3.93481465877,2.66582054137,10.1777339424
2.16923076923,3.92968284504,2.66623501018,10.1735078103
2.17179487179,3.91961335894,2.6660899191,10.1568970806
2.17435897436,3.90540683557,2.66533271234,10.1297130898
2.17692307692,3.88890884889,2.66399685457,10.0965191369
2.17948717949,3.87292209457,2.66222454755,10.0644430161
2.18205128205,3.86088778704,2.66028282798,10.0423944084
2.18461538462,3.85626806761,2.65856428788,10.0395074028
2.18717948718,3.86155453357,2.65756234684,10.0626096705
2.18974358974,3.87682131025,2.6578154564,10.112501696
2.19230769231,3.89773440059,2.65982712416,10.1788129832
2.19487179487,3.91292235924,2.66398637215,10.2331876793
2.19743589744,3.90060665079,2.67052783312,10.2205382865
2.2,3.82438336382,2.67957761244,10.0480902585
2.2,3.82438336382,2.67957761244,10.0480902585
2.20256410256,3.8282797261,2.66611009013,10.0748576988
2.20512820513,3.83727859919,2.66277860027,10.1163418899
2.20769230769,3.84283487981,2.66367163148,10.1479159396
2.21025641026,3.84185203023,2.66547276278,10.1607056944
2.21282051282,3.83454050353,2.6666284408,10.1554895663
2.21538461538,3.82282319154,2.66668424187,10.1380243661
2.21794871795,3.80920294885,2.66580612352,10.1157141261
2.22051282051,3.79601344017,2.66444533621,10.0954167966
2.22307692308,3.78498075153,2.6631085252,10.0821672118
2.22564102564,3.77702939916,2.6622092836,10.0786141354
2.22820512821,3.77227256363,2.66198739209,10.0849946531
2.23076923077,3.77013257,2.66248467879,10.0994909907
2.23333333333,3.7695438282,2.66356476261,10.1188322591
2.2358974359,3.76919664144,2.66496182881,10.1390191327
2.23846153846,3.76778648374,2.66634355752,10.1560656025
2.24102564103,3.76423954115,2.66737579114,10.1666698392
2.24358974359,3.75789150472,2.66778034314,10.168745567
2.24615384615,3.74860279661,2.66738095868,10.1617650931
2.24871794872,3.73679960422,2.66613475073,10.1468842688
2.25128205128,3.72343629077,2.66414720189,10.1268376242
2.25384615385,3.70988094389,2.66166855591,10.1056088429
2.25641025641,3.69773201759,2.65906914876,10.087898198
2.25897435897,3.68858021617,2.65679212561,10.0784254574
2.26153846154,3.68373596201,2.65528491421,10.0811249212
2.2641025641,3.68394898302,2.65491573315,10.0983090576
2.26666666667,3.68915274834,2.65588695074,10.1298980854
2.26923076923,3.6982726749,2.65816086487,10.1728332872
2.27179487179,3.70914322057,2.66141319209,10.2208099146
2.27435897436,3.7185851731,2.66502488244,10.2644802332
2.27692307692,3.72270063753,2.66811647633,10.2922894824
2.27948717949,3.71744941824,2.66962633082,10.292120344
2.28205128205,3.69957668513,2.66844084208,10.2539392317
2.28461538462,3.66796800689,2.66360669718,10.1736648772
2.28717948718,3.62551402781,2.65469441049,10.0585201365
2.28974358974,3.58157325796,2.64242753024,9.93418064934
2.29230769231,3.5551276401,2.62968095306,9.85407431608
2.29487179487,3.57873174983,2.62269434159,9.91111475791
2.29743589744,3.70336267941,2.63152844235,10.2517559833
2.3,4.00428384867,2.66763411824,11.0914862555
2.3,4.00428384867,2.66763411824,11.0914862555
2.30256410256,3.63710880684,2.6084368207,9.98528360756
2.30512820513,3.53832554584,2.61311862973,9.73455207835
2.30769230769,3.57258616231,2.6447675443,9.89338199168
2.31025641026,3.64685522611,2.67468929778,10.1597450778
2.31282051282,3.70153789678,2.68881138297,10.3477012077
2.31538461538,3.70283862302,2.6824364642,10.3569661466
2.31794871795,3.6362492366,2.65480560991,10.1479462558
2.32051282051,3.50106880481,2.60611339268,9.72260829656
2.32307692308,3.30586115799,2.53624559035,9.10970309179
2.32564102564,3.06475956142,2.44436752451,8.3532384114
2.32820512821,2.79453155377,2.32892050734,7.50358326573
2.33076923077,2.51232052638,2.18789971652,6.61085394621
2.33333333333,2.23398417097,2.01946553057,5.72036206351
2.3358974359,1.97295347541,1.82301839278,4.86996126355
2.33846153846,1.73953950033,1.60080396398,4.0891055213
2.34102564103,1.54061872167,1.35979200294,3.3992647391
2.34358974359,1.37963127704,1.11293175945,2.81499448987
2.34615384615,1.25683000649,0.878287648006,2.34461296972
2.34871794872,1.16972173071,0.674991398231,1.98964753343
2.35128205128,1.11364576267,0.517093099144,1.74338878344
2.35384615385,1.08243820096,0.408759047275,1.59025358752
2.35641025641,1.06913410613,0.343867247573,1.50754051866
2.35897435897,1.06666321367,0.309729966001,1.46937892567
2.36153846154,1.06849839015,0.292029586606,1.45117839809
2.3641025641,1.06921959144,0.278403259537,1.43302511688
2.36666666667,1.06495963497,0.260011195635,1.40151484111
2.36923076923,1.05370165012,0.231731873248,1.35027220593
2.37179487179,1.03540162403,0.191853004698,1.2795799423
2.37435897436,1.01191301224,0.141797103965,1.19541047705
2.37692307692,0.986693936729,0.0859843498824,1.10797731557
2.37948717949,0.964281046163,0.0315251860854,1.02979387085
2.38205128205,0.949517666005,-0.0128734003433,0.973169920182
2.38461538462,0.946527418817,-0.0393110907433,0.947166412382
2.38717948718,0.957428047625,-0.0440392934874,0.954355493008
2.38974358974,0.980783727931,-0.0300502897293,0.988152104534
2.39230769231,1.00979770662,-0.00706858326466,1.0315295229
2.39487179487,1.0302506586,0.0108027621763,1.05739051035
2.39743589744,1.01819370474,0.00674050764252,1.03030994243
2.4,0.937408587277,-0.0435870067952,0.90928603184
2.4,0.937408587277,-0.0435870067952,0.90928603184
2.40256410256,0.956718147882,-0.0530941922621,0.925466488312
2.40512820513,0.967022852611,-0.0530635259743,0.939540382927
2.40769230769,0.972036759862,-0.0478416146174,0.952100470951
2.41025641026,0.974240033478,-0.0402530999109,0.963406048216
2.41282051282,0.975193329659,-0.0321336838994,0.973535163654
2.41538461538,0.975794321447,-0.0246170084131,0.982474321698
2.41794871795,0.976483256269,-0.0183210984969,0.990175400275
2.42051282051,0.977404039574,-0.0134909097,0.996593390886
2.42307692308,0.978526935048,-0.0101160167735,1.00171112203
2.42564102564,0.97973856939,-0.00802777153615,1.00555374857
2.42820512821,0.980904527139,-0.00697612939293,1.00819454082
2.43076923077,0.981909418514,-0.00668658868826,1.00975330698
2.43333333333,0.982678900717,-0.00689905981259,1.01038896458
2.4358974359,0.983187730662,-0.00739154226942,1.01028797135
2.43846153846,0.983457524549,-0.00799186298958,1.00965038387
2.44102564103,0.983547497228,-0.00858055021005,1.00867521454
2.44358974359,0.98354105175,-0.00908745925835,1.00754654581
2.44615384615,0.983530687039,-0.00948426283482,1.00642158748
2.44871794872,0.983603289052,-0.00977450004468,1.00542157194
2.45128205128,0.983827468337,-0.0099825805397,1.0046260969
2.45384615385,0.984244204357,-0.0101429335516,1.00407125644
2.45641025641,0.984861654441,-0.010290319732,1.00375164791
2.45897435897,0.985654582735,-0.0104521338116,1.00362609761
2.46153846154,0.986568461983,-0.0106432897091,1.00362670655
2.4641025641,0.987527898483,-0.0108639993261,1.00367057257
2.46666666667,0.988448628046,-0.0111004581503,1.00367329696
2.46923076923,0.989251928272,-0.0113281688276,1.0035631322
2.47179487179,0.989879889944,-0.011517391205,1.00329437739
2.47435897436,0.990309587851,-0.0116400039586,1.00285837998
2.47692307692,0.990563788816,-0.0116768738466,1.00229025795
2.47948717949,0.990715432196,-0.0116246144325,1.00166921338
2.48205128205,0.990882715652,-0.0115003436736,1.00111006203
2.48461538462,0.991211216405,-0.0113427185644,1.00074335237
2.48717948718,0.991839075761,-0.0112071890171,1.00068119069
2.48974358974,0.992840872112,-0.0111531787411,1.00096563377
2.49230769231,0.994145405158,-0.0112208683721,1.00149626574
2.49487179487,0.995422211561,-0.0113953644063,1.00193334975
2.49743589744,0.995931229734,-0.0115557759416,1.00157271988
2.5,0.994329628961,-0.0114046629916,0.999188280427
2.5,0.994329628961,-0.0114046629916,0.999188280427
2.50256410256,0.995883796839,-0.0114515400743,0.999958093352
2.50512820513,0.996905871821,-0.0114598969648,1.00019387815
2.50769230769,0.997627233804,-0.0114474406661,1.00012770977
2.51025641026,0.998201724635,-0.0114255112714,0.999913856979
2.51282051282,0.998725256363,-0.0114008039378,0.999648471606
2.51538461538,0.999251854339,-0.0113767308497,0.999385696142
2.51794871795,0.99980655462,-0.0113544953364,0.999150611623
2.52051282051,1.00039555093,-0.0113339260079,0.998949422975
2.52307692308,1.00101396226,-0.0113141070605,0.998777254617
2.52564102564,1.00165156788,-0.0112938354464,0.998623904769
2.52820512821,1.00229683268,-0.0112719328357,0.998477882595
2.53076923077,1.002939521,-0.0112474383941,0.998329028056
2.53333333333,1.00357217361,-0.0112197065481,0.998169990007
2.5358974359,1.00419069766,-0.0111884318563,0.997996813827
2.53846153846,1.00479429571,-0.0111536208694,0.997808865517
2.54102564103,1.00538493556,-0.0111155285449,0.997608294961
2.54358974359,1.00596653831,-0.0110745744693,0.997399216686
2.54615384615,1.00654403814,-0.0110312519022,0.9971867622
2.54871794872,1.00712244296,-0.0109860404823,0.996976133662
2.55128205128,1.00770600084,-0.010939331321,0.99677176436
2.55384615385,1.0082975531,-0.010891371108,0.996576667165
2.55641025641,1.00889813055,-0.0108422297455,0.996392027828
2.55897435897,1.00950682551,-0.0107917939005,0.996217075699
2.56153846154,1.0101209475,-0.0107397867081,0.996049240142
2.5641025641,1.01073644703,-0.0106858117078,0.995884576615
2.56666666667,1.01134856698,-0.0106294169452,0.995718422095
2.56923076923,1.01195265743,-0.0105701730499,0.995546215225
2.57179487179,1.01254506543,-0.010507756999,0.995364392241
2.57435897436,1.01312398681,-0.0104420311732,0.995171245476
2.57692307692,1.01369014328,-0.0103731051898,0.994967606892
2.57948717949,1.01424712372,-0.010301365821,0.994757194821
2.58205128205,1.0148012042,-0.0102274580685,0.99454643777
2.58461538462,1.0153604375,-0.0101521981991,0.994343564852
2.58717948718,1.01593277825,-0.0100763972935,0.994156728092
2.58974358974,1.01652298595,-0.0100005717113,0.993990897542
2.59230769231,1.01712802383,-0.00992451483081,0.993843245862
2.59487179487,1.01773064718,-0.00984670232654,0.993696714686
2.59743589744,1.01829085092,-0.0097635004968,0.993511430787
2.6,1.01873482167,-0.00966814236602,0.993213615712
2.6,1.01873482167,-0.00966814236602,0.993213615712
2.60256410256,1.0193379919,-0.00958255059798,0.993077333674
2.60512820513,1.01991088209,-0.00949323868908,0.992914970032
2.60769230769,1.02046504513,-0.00940095884008,0.992738038817
2.61025641026,1.02100813728,-0.00930620346342,0.99255421283
2.61282051282,1.02154490163,-0.00920927307331,0.992368292896
2.61538461538,1.0220779731,-0.00911033146368,0.992183001278
2.61794871795,1.02260852596,-0.0090094497597,0.991999619872
2.62051282051,1.02313678356,-0.00890664079234,0.991818492661
2.62307692308,1.023662409,-0.0088018851348,0.991639410681
2.62564102564,1.02418479376,-0.00869515004335,0.991461896595
2.62820512821,1.02470326074,-0.00858640245497,0.99128540476
2.63076923077,1.02521719641,-0.00847561710646,0.991109451489
2.63333333333,1.02572612585,-0.00836278075302,0.990933689032
2.6358974359,1.02622974325,-0.00824789337718,0.99075793561
2.63846153846,1.02672790909,-0.00813096719204,0.99058217262
2.64102564103,1.02722062413,-0.00801202415576,0.990406518986
2.64358974359,1.0277079891,-0.00789109262711,0.990231191412
2.64615384615,1.02819015781,-0.00776820370481,0.990056458105
2.64871794872,1.02866729006,-0.00764338770631,0.989882592373
2.65128205128,1.02913950977,-0.00751667115409,0.989709831272
2.65384615385,1.02960687226,-0.00738807454962,0.98953834334
2.65641025641,1.03006934364,-0.00725761112678,0.989368208218
2.65897435897,1.0305267939,-0.00712528668682,0.989199409803
2.66153846154,1.03097900419,-0.00699110052723,0.989031843378
2.6641025641,1.03142568753,-0.00685504738512,0.988865335975
2.66666666667,1.03186652098,-0.00671712022403,0.98869967803
2.66923076923,1.03230118607,-0.00657731359932,0.988534663229
2.67179487179,1.03272941324,-0.00643562724278,0.988370132215
2.67435897436,1.03315102451,-0.0062920694111,0.988206014679
2.67692307692,1.03356596779,-0.00614665944528,0.988042363127
2.67948717949,1.03397433469,-0.00599942888847,0.987879370465
2.68205128205,1.03437635281,-0.00585042040893,0.987717362332
2.68461538462,1.03477234187,-0.00569968367137,0.987556753923
2.68717948718,1.03516262224,-0.00554726719522,0.987397959871
2.68974358974,1.03554736309,-0.00539320513149,0.987241244539
2.69230769231,1.03592635595,-0.00523749778117,0.987086498926
2.69487179487,1.03629869866,-0.00508008456734,0.986932929152
2.69743589744,1.03666237311,-0.00492080805802,0.986778640343
2.7,1.03701369926,-0.00475936751528,0.986620098509
2.7,1.03701369926,-0.00475936751528,0.986620098509
2.70256410256,1.03736537538,-0.00459685077744,0.986469941285
2.70512820513,1.03770912057,-0.00443259706116,0.986320038939
2.70769230769,1.03804517784,-0.00426666165694,0.98617073373
2.71025641026,1.03837370813,-0.00409908529749,0.986022279293
2.71282051282,1.03869480577,-0.00392989822367,0.985874857707
2.71538461538,1.03900851208,-0.00375912344711,0.985728594374
2.71794871795,1.03931482731,-0.00358677931255,0.985583570875
2.72051282051,1.03961372087,-0.00341288145567,0.985439835942
2.72307692308,1.03990514019,-0.00323744424596,0.985297414703
2.72564102564,1.04018901803,-0.00306048179748,0.985156316322
2.72820512821,1.04046527862,-0.00288200862409,0.985016540202
2.73076923077,1.04073384247,-0.00270204000902,0.984878080862
2.73333333333,1.04099463017,-0.0025205921526,0.98474093164
2.7358974359,1.04124756518,-0.00233768215534,0.98460508735
2.73846153846,1.04149257571,-0.00215332788753,0.984470546013
2.74102564103,1.0417295958,-0.00196754778996,0.984337309801
2.74358974359,1.04195856581,-0.00178036064442,0.984205385306
2.74615384615,1.04217943222,-0.0015917853462,0.984074783265
2.74871794872,1.04239214703,-0.0014018407048,0.983945517847
2.75128205128,1.04259666685,-0.00121054529282,0.983817605633
2.75384615385,1.04279295162,-0.00101791735693,0.983691064375
2.75641025641,1.0429809633,-0.000823974798694,0.983565911676
2.75897435897,1.04316066448,-0.000628735226885,0.983442163669
2.76153846154,1.0433320171,-0.000432216077077,0.983319833814
2.7641025641,1.04349498127,-0.000234434787941,0.983198931909
2.76666666667,1.04364951457,-3.54090179046e-05,0.983079463412
2.76923076923,1.04379557155,0.000164843120325,0.982961429174
2.77179487179,1.04393310392,0.000366302835861,0.982844825663
2.77435897436,1.0440620613,0.000568950480837,0.982729645786
2.77692307692,1.04418239273,0.00077276545723,0.982615880375
2.77948717949,1.04429404908,0.000977726255793,0.982503520442
2.78205128205,1.04439698636,0.00118381067963,0.982392560263
2.78461538462,1.04449117025,0.00139099631097,0.982283001384
2.78717948718,1.04457658169,0.00159926128562,0.982174857612
2.78974358974,1.04465322394,0.0018085854458,0.982068161075
2.79230769231,1.04472113096,0.00201895194794,0.981962969412
2.79487179487,1.04478037744,0.00223034940815,0.981859374153
2.79743589744,1.04483109048,0.00244277467412,0.981757510372
2.8,1.04487346302,0.00265623631829,0.981657567649
2.8,1.04487346302,0.00265623631829,0.981657567649
2.80256410256,1.04490421028,0.00287054464442,0.981556542762
2.80512820513,1.04492769393,0.00308584743969,0.981458499307
2.80769230769,1.0449429321,0.00330209139438,0.981362533479
2.81025641026,1.04494935185,0.00351923782864,0.981268122528
2.81282051282,1.04494666597,0.00373725787623,0.98117500934
2.81538461538,1.04493477582,0.00395612877499,0.981083111302
2.81794871795,1.04491369655,0.00417583109731,0.98099245023
2.82051282051,1.04488350154,0.00439634676798,0.980903100316
2.82307692308,1.04484428305,0.00461765772975,0.980815151305
2.82564102564,1.04479612642,0.00483974513057,0.980728684266
2.82820512821,1.04473909497,0.00506258891898,0.980643757572
2.83076923077,1.04467322363,0.00528616774672,0.980560400887
2.83333333333,1.04459851885,0.0055104590897,0.980478615175
2.8358974359,1.04451496316,0.0057354395103,0.980398376945
2.83846153846,1.04442252242,0.00596108499489,0.980319645169
2.84102564103,1.04432115467,0.00618737131207,0.980242369494
2.84358974359,1.04421081895,0.0064142743469,0.980166498604
2.84615384615,1.04409148335,0.00664177037723,0.980091987765
2.84871794872,1.04396313143,0.00686983626748,0.980018804826
2.85128205128,1.04382576638,0.00709844956469,0.979946934116
2.85384615385,1.04367941257,0.00732758849071,0.979876377936
2.85641025641,1.04352411446,0.00755723183258,0.979807155498
2.85897435897,1.04335993287,0.00778735874149,0.979739299409
2.86153846154,1.0431869389,0.00801794845796,0.979672849989
2.8641025641,1.04300520612,0.00824897998856,0.979607847918
2.86666666667,1.0428148017,0.00848043176574,0.979544325928
2.86923076923,1.04261577751,0.00871228132899,0.979482300442
2.87179487179,1.04240816234,0.00894450507129,0.979421764285
2.87435897436,1.04219195666,0.00917707810035,0.979362681798
2.87692307692,1.04196713159,0.00940997426904,0.979304987888
2.87948717949,1.04173363389,0.00964316643405,0.979248592746
2.88205128205,1.0414913991,0.00987662700604,0.979193394206
2.88461538462,1.041240375,0.0101103288581,0.979139299867
2.88717948718,1.04098055813,0.010344246663,0.979086261381
2.88974358974,1.04071204589,0.0105783587316,0.979034323438
2.89230769231,1.04043510725,0.0108126494291,0.978983690259
2.89487179487,1.04015027538,0.0110471122459,0.978934812557
2.89743589744,1.03985846533,0.0112817536025,0.978888498174
2.9,1.03956112066,0.0115165974683,0.978846049786
2.9,1.03956112066,0.0115165974683,0.978846049786
2.90256410256,1.03924523333,0.0117512645421,0.978795166039
2.90512820513,1.03892643325,0.011986121854,0.978750522659
2.90769230769,1.03860169781,0.012221062238,0.978709200968
2.91025641026,1.03826928339,0.0124560167771,0.978669492089
2.91282051282,1.03792834287,0.0126909421435,0.978630534237
2.91538461538,1.03757862289,0.0129258108898,0.97859202578
2.91794871795,1.0372202305,0.013160604237,0.978554004033
2.92051282051,1.03685345908,0.0133953069434,0.978516680426
2.92307692308,1.03647866451,0.0136299038769,0.978480323289
2.92564102564,1.03609618303,0.0138643779532,0.978445180161
2.92820512821,1.03570628291,0.0140987091344,0.978411432161
2.93076923077,1.03530914264,0.014332874221,0.978379173594
2.93333333333,1.03490484944,0.0145668472023,0.978348410619
2.9358974359,1.03449341182,0.0148005999629,0.978319073424
2.93846153846,1.03407478143,0.0150341031734,0.97829103701
2.94102564103,1.0336488794,0.0152673272236,0.978264146313
2.94358974359,1.03321562354,0.0155002430846,0.97823824205
2.94615384615,1.03277495317,0.0157328230125,0.978213184279
2.94871794872,1.03232684909,0.0159650410342,0.978188871352
2.95128205128,1.03187134692,0.016196873177,0.978165252528
2.95384615385,1.03140854266,0.0164282974286,0.978142333193
2.95641025641,1.03093859004,0.0166592934374,0.978120172243
2.95897435897,1.03046168978,0.0168898419787,0.978098871848
2.96153846154,1.02997807179,0.0171199242367,0.978078560435
2.9641025641,1.02948797172,0.0173495209665,0.978059370386
2.96666666667,1.02899160418,0.017578611619,0.978041412564
2.96923076923,1.02848913546,0.0178071735251,0.978024750438
2.97179487179,1.02798065948,0.0180351812525,0.978009377213
2.97435897436,1.02746618095,0.0182626062571,0.977995199992
2.97692307692,1.02694561088,0.0184894169679,0.977982035669
2.97948717949,1.02641878002,0.0187155794512,0.977969623857
2.98205128205,1.02588547628,0.0189410588095,0.97795766282
2.98461538462,1.02534551338,0.0191658214813,0.977945874998
2.98717948718,1.02479883802,0.0193898386142,0.977934109361
2.98974358974,1.02424568413,0.0196130906873,0.977922488482
2.99230769231,1.0236867829,0.0198355735706,0.977911608815
2.99487179487,1.02312363847,0.0200573062059,0.977902803356
2.99743589744,1.02255887928,0.0202783401027,0.977898476465
3,1.02199669637,0.0204987708378,0.977902521281
3,1.02199669637,0.0204987708378,0.977902521281
3.00256410256,1.02140133299,0.0207177368915,0.977880602596
3.00512820513,1.02081444984,0.0209361014704,0.977872568376
3.00769230769,1.0202282615,0.0211536593007,0.977870805124
3.01025641026,1.01963823776,0.0213702889216,0.977870842458
3.01282051282,1.01904213409,0.021585924897,0.977870415249
3.01538461538,1.01843922369,0.0218005365347,0.977868720914
3.01794871795,1.01782970429,0.0220141121048,0.977865846146
3.02051282051,1.01721425519,0.0222266476344,0.977862338991
3.02307692308,1.01659372114,0.0224381394401,0.977858903835
3.02564102564,1.01596890176,0.0226485796485,0.977856198468
3.02820512821,1.01534042664,0.0228579540356,0.977854714067
3.03076923077,1.01470869806,0.0230662415955,0.977854720542
3.03333333333,1.01407388495,0.0232734153233,0.977856261357
3.0358974359,1.01343595326,0.0234794437705,0.97785918354
3.03846153846,1.01279471983,0.023684292997,0.977863190264
3.04102564103,1.01214991841,0.0238879286121,0.977867904988
3.04358974359,1.01150126794,0.0240903176562,0.977872937822
3.04615384615,1.01084853549,0.0242914301361,0.977877946358
3.04871794872,1.01019158713,0.0244912400814,0.977882684911
3.05128205128,1.00953042249,0.0246897260419,0.977887037696
3.05384615385,1.00886518985,0.0248868709981,0.977891033131
3.05641025641,1.00819618059,0.0250826617009,0.977894838091
3.05897435897,1.00752380342,0.0252770875025,0.977898732551
3.06153846154,1.00684854059,0.0254701387804,0.977903066735
3.0641025641,1.00617088975,0.0256618050974,0.97790820446
3.06666666667,1.00549129709,0.0258520732737,0.977914458082
3.06923076923,1.00481008884,0.0260409255835,0.977922021996
3.07179487179,1.00412741009,0.0262283383193,0.977930913358
3.07435897436,1.00344318135,0.026414280995,0.977940930277
3.07692307692,1.00275708518,0.0265987164876,0.977951639392
3.07948717949,1.00206859686,0.0267816024418,0.977962406366
3.08205128205,1.00137707446,0.0269628942834,0.977972484475
3.08461538462,1.00068192595,0.0271425502113,0.977981178112
3.08717948718,0.999982871947,0.0273205385567,0.97798809963
3.08974358974,0.999280325103,0.0274968479167,0.977993539633
3.09230769231,0.998575908192,0.0276715004888,0.977998972407
3.09487179487,0.997873135102,0.0278445690463,0.978007719868
3.09743589744,0.997178280362,0.0280161980048,0.978025798989
3.1,0.996501464619,0.0281866290321,0.978062979357
3.1,0.996501464619,0.0281866290321,0.978062979357
3.10256410256,0.99575923399,0.0283541201076,0.978037224793
3.10512820513,0.995046470296,0.0285204058783,0.978041762462
3.10769230769,0.994345841054,0.0286851250984,0.978059323884
3.11025641026,0.993647180295,0.028848074104,0.978079746557
3.11282051282,0.992945361465,0.0290091547957,0.978097861012
3.11538461538,0.992238610977,0.0291683347297,0.978111816275
3.11794871795,0.991527204546,0.0293256174668,0.978121786117
3.12051282051,0.990812492151,0.0294810214659,0.978129002099
3.12307692308,0.990096201079,0.0296345659687,0.978135063093
3.12564102564,0.989379970217,0.0297862624831,0.978141474617
3.12820512821,0.988665072405,0.0299361106224,0.978149374971
3.13076923077,0.987952285336,0.0300840972083,0.978159408836
3.13333333333,0.987241875148,0.0302301976799,0.978171712635
3.1358974359,0.986533660529,0.0303743789831,0.978185979636
3.13846153846,0.985827128831,0.0305166032405,0.978201576407
3.14102564103,0.985121579312,0.0306568316185,0.978217685923
3.14358974359,0.984416272373,0.0307950279242,0.978233456259
3.14615384615,0.983710567225,0.0309311615702,0.97824813746
3.14871794872,0.983004034176,0.0310652096501,0.978261192862
3.15128205128,0.982296531341,0.0311971579636,0.97827237476
3.15384615385,0.981588239257,0.0313270009243,0.978281758009
3.15641025641,0.980879650575,0.0314547403688,0.978289728775
3.15897435897,0.980171515622,0.0315803833703,0.978296929333
3.16153846154,0.97946474835,0.0317039392412,0.978304163446
3.1641025641,0.978760300796,0.0318254159823,0.978312270534
3.16666666667,0.978059017902,0.031944816513,0.978321980485
3.16923076923,0.97736148816,0.0320621350839,0.978333764628
3.17179487179,0.976667909251,0.0321773543455,0.978347702035
3.17435897436,0.975977991495,0.0322904436071,0.978363383997
3.17692307692,0.975290925595,0.0324013588878,0.978379883134
3.17948717949,0.974605444844,0.0325100454211,0.978395817314
3.18205128205,0.973920015604,0.0326164433331,0.978409542161
3.18461538462,0.973233193553,0.0327204972806,0.978419509617
3.18717948718,0.972544186858,0.03282217089,0.978424833684
3.18974358974,0.971853671086,0.0329214669066,0.978426108099
3.19230769231,0.971164904364,0.033018454024,0.978426524392
3.19487179487,0.970485194921,0.0331133014217,0.978433342403
3.19743589744,0.969827776857,0.0332063220805,0.978459769009
3.2,0.96921415361,0.0332980259511,0.978527304459
3.2,0.96921415361,0.0332980259511,0.978527304459
3.20256410256,0.9684715153,0.0333851636906,0.978461425861
3.20512820513,0.967793073209,0.0334708998424,0.978457469612
3.20769230769,0.967144099466,0.0335546433138,0.978480033651
3.21025641026,0.966504129852,0.0336360670263,0.978508243676
3.21282051282,0.965862739745,0.0337150222216,0.978531444278
3.21538461538,0.96521619347,0.0337914722362,0.978545782235
3.21794871795,0.964564852558,0.0338654429097,0.978551564871
3.22051282051,0.963911235704,0.0339369869444,0.978551283848
3.22307692308,0.963258630427,0.0340061597615,0.978548202138
3.22564102564,0.962610163705,0.0340730046352,0.978545409364
3.22820512821,0.961968246077,0.0341375451266,0.978545258114
3.23076923077,0.961334310981,0.03419978306,0.978549101235
3.23333333333,0.960708778309,0.0342597004905,0.978557257543
3.2358974359,0.96009117843,0.0343172643122,0.978569140806
3.23846153846,0.959480380161,0.0343724323411,0.978583494247
3.24102564103,0.95887487342,0.0344251598882,0.978598680278
3.24358974359,0.95827306454,0.034475406015,0.978612982538
3.24615384615,0.957673549457,0.0345231388289,0.978624884772
3.24871794872,0.957075337248,0.0345683393443,0.978633298466
3.25128205128,0.956478003717,0.0346110035876,0.9786377186
3.25384615385,0.955881762002,0.0346511427824,0.978638294285
3.25641025641,0.955287444388,0.0346887815941,0.978635808456
3.25897435897,0.954696396776,0.034723954564,0.978631568225
3.26153846154,0.954110294509,0.0347567010018,0.978627214913
3.2641025641,0.953530895472,0.034787058752,0.978624470182
3.26666666667,0.952959753665,0.0348150573912,0.978624842129
3.26923076923,0.952397923662,0.0348407115599,0.978629322588
3.27179487179,0.951845693628,0.0348640152748,0.978638114334
3.27435897436,0.951302391819,0.0348849382175,0.978650434282
3.27692307692,0.950766318712,0.0349034251417,0.978664446185
3.27948717949,0.950234864179,0.0349193996911,0.978677383777
3.28205128205,0.949704876351,0.0349327740774,0.97868593269
3.28461538462,0.949173356072,0.0349434662291,0.978686946919
3.28717948718,0.948638558072,0.0349514261963,0.978678583004
3.28974358974,0.948101587264,0.0349566737827,0.978661942531
3.29230769231,0.947568585769,0.0349593495666,0.978643320966
3.29487179487,0.947053613568,0.0349597816542,0.978637168238
3.29743589744,0.946582332882,0.0349585706276,0.978669873932
3.3,0.946196613663,0.0349566951344,0.978784497339
3.3,0.946196613663,0.0349566951344,0.978784497339
3.30256410256,0.945566043629,0.0349483751235,0.978639346845
3.30512820513,0.945056276152,0.0349390855576,0.978613012793
3.30769230769,0.944602244682,0.0349279063122,0.978637832584
3.31025641026,0.944165519563,0.0349143239587,0.978673850929
3.31282051282,0.943726429679,0.0348981044182,0.978700617124
3.31538461538,0.943277811325,0.034879192988,0.978710677982
3.31794871795,0.942820171253,0.0348576382474,0.978704544213
3.32051282051,0.942358064294,0.0348335363167,0.978686922146
3.32307692308,0.94189749942,0.0348069921509,0.978664016706
3.32564102564,0.941444201615,0.0347780948253,0.978641725655
3.32820512821,0.941002570359,0.0347469040621,0.978624559128
3.33076923077,0.940575189035,0.0347134455159,0.978615132577
3.33333333333,0.940162753005,0.0346777125846,0.978614095278
3.3358974359,0.939764297621,0.0346396727487,0.97862037063
3.33846153846,0.939377620853,0.0345992766678,0.978631598505
3.34102564103,0.938999808738,0.0345564684904,0.978644684003
3.34358974359,0.938627785299,0.0345111960591,0.978656370984
3.34615384615,0.938258822057,0.0344634199241,0.978663772838
3.34871794872,0.937890955745,0.0344131203066,0.978664806991
3.35128205128,0.937523276293,0.0343603013836,0.978658493706
3.35384615385,0.937156060623,0.0343049925014,0.978645093808
3.35641025641,0.936790741283,0.0342472461542,0.978626074002
3.35897435897,0.936429712404,0.0341871328091,0.978603902517
3.36153846154,0.936075988929,0.0341247329053,0.978581691876
3.3641025641,0.935732748583,0.034060126618,0.978562719624
3.36666666667,0.935402799443,0.0339933822484,0.978549871942
3.36923076923,0.935088029536,0.0339245443942,0.978545069087
3.37179487179,0.934788908272,0.0338536233528,0.978548745695
3.37435897436,0.934504123074,0.0337805875249,0.978559473023
3.37692307692,0.93423044797,0.033705360912,0.978573824262
3.37948717949,0.933962954433,0.0336278281412,0.978586598116
3.38205128205,0.93369568821,0.0335478498069,0.978591529908
3.38461538462,0.933422949343,0.033465291307,0.978582633509
3.38717948718,0.93314132607,0.0333800687727,0.978556331479
3.38974358974,0.932852646773,0.0332922161539,0.978514544828
3.39230769231,0.93256802759,0.0332019780022,0.978468927898
3.39487179487,0.932313206805,0.0331099329351,0.978446447907
3.39743589744,0.932135370579,0.0330171530098,0.978496522762
3.4,0.932111688079,0.0329254039898,0.978699944796
3.4,0.932111688079,0.0329254039898,0.978699944796
3.40256410256,0.93164053169,0.0328246886075,0.978425309282
3.40512820513,0.931384007569,0.0327242515334,0.978367875697
3.40769230769,0.931224846265,0.0326226918272,0.978404363445
3.41025641026,0.931093724746,0.0325192035327,0.978461899153
3.41282051282,0.930955093291,0.0324134004382,0.978503113793
3.41538461538,0.930795928144,0.0323051746295,0.978514316615
3.41794871795,0.930617027041,0.032194585895,0.978496343216
3.42051282051,0.930426488953,0.0320817782908,0.978457700513
3.42307692308,0.930235043537,0.0319669200892,0.978409656833
3.42564102564,0.930052920033,0.0318501635085,0.978362950778
3.42820512821,0.929887969493,0.0317316208689,0.978325817992
3.43076923077,0.929744778452,0.0316113540432,0.978303060364
3.43333333333,0.929624536333,0.03148937428,0.978295907709
3.4358974359,0.929525443082,0.0313656496613,0.97830244735
3.43846153846,0.929443467708,0.0312401176554,0.97831842253
3.44102564103,0.929373292618,0.0311127004403,0.978338225996
3.44358974359,0.929309302813,0.0309833209151,0.978355940561
3.44615384615,0.929246503219,0.0308519175897,0.97836630389
3.44871794872,0.929181271616,0.0307184568368,0.978365500216
3.45128205128,0.929111878818,0.0305829413099,0.978351707131
3.45384615385,0.929038731964,0.030445413664,0.978325351039
3.45641025641,0.928964320966,0.0303059550794,0.97828905034
3.45897435897,0.928892872348,0.0301646784705,0.978247250815
3.46153846154,0.928829738928,0.0300217166871,0.978205583173
3.4641025641,0.928780577962,0.0298772064716,0.978169998148
3.46666666667,0.928750394577,0.0297312694466,0.978145759992
3.46923076923,0.928742551527,0.0295839919521,0.978136404656
3.47179487179,0.928757870464,0.0294354061444,0.978142794407
3.47435897436,0.928793974166,0.0292854753903,0.978162426073
3.47692307692,0.92884504329,0.0291340876403,0.978189175568
3.47948717949,0.928902185483,0.0289810611518,0.97821368679
3.48205128205,0.928954638827,0.0288261676525,0.978224638437
3.48461538462,0.928992055807,0.0286691788313,0.978211147761
3.48717948718,0.929008138194,0.0285099429277,0.978166595694
3.48974358974,0.929005917416,0.0283484991741,0.978094183259
3.49230769231,0.929004999193,0.0281852388823,0.978014554644
3.49487179487,0.929051115393,0.0280211228424,0.97797584773
3.49743589744,0.929228350292,0.0278579649679,0.978066558358
3.5,0.929674432574,0.0276987908363,0.978431630043
3.5,0.929674432574,0.0276987908363,0.978431630043
3.50256410256,0.929324733123,0.0275266885339,0.977951012755
3.50512820513,0.929347746415,0.0273571159858,0.977853517592
3.50769230769,0.92953669003,0.0271879238242,0.977922049257
3.51025641026,0.929769305994,0.0270178229447,0.978028194365
3.51282051282,0.929982879617,0.0268461520179,0.978106028912
3.51538461538,0.930154413572,0.0266726818142,0.978131327807
3.51794871795,0.930285282863,0.0264974566341,0.978105470227
3.52051282051,0.930389738924,0.0263206703336,0.978043379109
3.52307692308,0.930486673692,0.0261425734339,0.977964877685
3.52564102564,0.930594097088,0.0259634075866,0.977888890554
3.52820512821,0.930725823924,0.0257833636996,0.977829961378
3.53076923077,0.930889908856,0.0256025600768,0.977796603865
3.53333333333,0.931088410592,0.0254210369447,0.977791047313
3.5358974359,0.931318109157,0.0252387637459,0.977809982532
3.53846153846,0.931571842613,0.0250556556141,0.977845958619
3.54102564103,0.931840172215,0.0248715955629,0.977889125561
3.54358974359,0.932113127593,0.0246864591131,0.977929062318
3.54615384615,0.932381826124,0.0245001383828,0.97795647456
3.54871794872,0.932639803266,0.024312563028,0.977964590847
3.55128205128,0.932883933212,0.024123715859,0.977950130643
3.55384615385,0.933114861816,0.0239336414495,0.97791376211
3.55641025641,0.933336916328,0.0237424465981,0.977860012257
3.55897435897,0.933557499088,0.0235502921143,0.977796636572
3.56153846154,0.933786014898,0.0233573760929,0.977733499887
3.5641025641,0.934032424402,0.023163909619,0.97768106479
3.56666666667,0.93430555838,0.0229700867366,0.977648628513
3.56923076923,0.934611370477,0.0227760514919,0.977642493803
3.57179487179,0.934951348457,0.0225818659317,0.977664303873
3.57435897436,0.935321346675,0.0223874840626,0.977709816141
3.57692307692,0.935711145071,0.022192737949,0.977768434035
3.57948717949,0.936105082535,0.0219973433392,0.97782386076
3.58205128205,0.936484155141,0.0218009334926,0.977856283494
3.58461538462,0.93683001231,0.021603131296,0.977846541101
3.58717948718,0.93713132654,0.0214036713785,0.977782773024
3.58974358974,0.937393054978,0.0212025857898,0.97767009164
3.59230769231,0.937649153666,0.0210004687417,0.977543864932
3.59487179487,0.937979347893,0.0207988373852,0.977487240964
3.59743589744,0.938530604686,0.020600605267,0.977653590214
3.6,0.939543996061,0.0204106803201,0.978294586406
3.6,0.939543996061,0.0204106803201,0.978294586406
3.60256410256,0.939171514774,0.0202012921523,0.977486225092
3.60512820513,0.939437627896,0.0199979535785,0.977333347678
3.60769230769,0.939983896785,0.0197972795721,0.977464719425
3.61025641026,0.940598414711,0.0195971640978,0.977660660103
3.61282051282,0.941172504897,0.019396464135,0.97780831754
3.61538461538,0.941666351592,0.0191947203316,0.977866157325
3.61794871795,0.94208239621,0.0189919228082,0.977836464938
3.62051282051,0.942445404317,0.01878832259,0.977744732504
3.62307692308,0.942788182966,0.0185842858982,0.977624878252
3.62564102564,0.943142001608,0.018380187468,0.977509322707
3.62820512821,0.943530843534,0.0181763387494,0.977423021529
3.63076923077,0.943968688528,0.0179729466554,0.977380630846
3.63333333333,0.944459101141,0.0177700982461,0.977386056844
3.6358974359,0.944996472722,0.0175677664245,0.977433717282
3.63846153846,0.945568339059,0.0173658314613,0.97751091853
3.64102564103,0.946158269228,0.0171641130764,0.977600827632
3.64358974359,0.946748894953,0.0169624079229,0.977685594816
3.64615384615,0.947324723527,0.0167605276458,0.977749257792
3.64871794872,0.947874451056,0.0165583332013,0.977780135108
3.65128205128,0.94839256652,0.0163557617609,0.977772491708
3.65384615385,0.94888011087,0.0161528432708,0.977727335829
3.65641025641,0.949344529111,0.0159497045705,0.977652282216
3.65897435897,0.949798627042,0.0157465599169,0.9775604926
3.66153846154,0.950258718051,0.0155436878375,0.977468780303
3.6641025641,0.950742119093,0.0153413954893,0.977395041722
3.66666666667,0.951264228703,0.015139973141,0.977355253416
3.66923076923,0.951835493627,0.014939643019,0.977360349393
3.67179487179,0.952458644364,0.0147405085208,0.977413369151
3.67435897436,0.953126653674,0.0145425116393,0.977507342954
3.67692307692,0.953821945785,0.0143454083072,0.977624456712
3.67948717949,0.9545174578,0.0141487732449,0.977737114819
3.68205128205,0.955180228516,0.0139520478526,0.977811595168
3.68461538462,0.955778263583,0.0137546468711,0.977815066548
3.68717948718,0.95629149968,0.0135561421511,0.977726814513
3.68974358974,0.956727764092,0.0133565449829,0.977554597775
3.69230769231,0.957144699801,0.0131567116939,0.9773571331
3.69487179487,0.957678699956,0.0129588992026,0.977273782611
3.69743589744,0.958581969263,0.0127674945131,0.977562593328
3.7,0.960268903618,0.0125899278728,0.978647914663
3.7,0.960268903618,0.0125899278728,0.978647914663
3.70256410256,0.959601277535,0.0123829510219,0.977330744194
3.70512820513,0.960004568628,0.0121870564251,0.977095754321
3.70769230769,0.960873406067,0.0119968634996,0.977330266875
3.71025641026,0.961849847338,0.0118089605098,0.977671564648
3.71282051282,0.962750294097,0.0116214433574,0.977933184962
3.71538461538,0.963507475309,0.0114334919141,0.978046386282
3.71794871795,0.964125529226,0.0112450093153,0.978014808231
3.72051282051,0.964646339876,0.0110563291267,0.977880470007
3.72307692308,0.965125407922,0.0108679871798,0.977699376943
3.72564102564,0.965615659872,0.0106805524644,0.977525129619
3.72820512821,0.966157723785,0.0104945110488,0.977399054716
3.73076923077,0.966775323777,0.0103101968586,0.977345501454
3.73333333333,0.967474569757,0.0101277627359,0.977371072216
3.7358974359,0.968246043002,0.00994718457461,0.977466680665
3.73846153846,0.969068702313,0.0097682907358,0.977611455374
3.74102564103,0.969914759656,0.00959080863712,0.977777631704
3.74358974359,0.970754798335,0.00941442050865,0.977935699398
3.74615384615,0.971562530892,0.00923882082296,0.978059198055
3.74871794872,0.972318718098,0.00906376874843,0.978128677386
3.75128205128,0.973013894535,0.00888913002942,0.978134463871
3.75384615385,0.973649670415,0.00871490387131,0.978078000144
3.75641025641,0.97423850345,0.00854123166772,0.977971648181
3.75897435897,0.974801958734,0.00836838577962,0.977836972056
3.76153846154,0.975367598725,0.00819673813167,0.977701640788
3.7641025641,0.975964769615,0.00802671020991,0.977595216491
3.76666666667,0.97661967447,0.00785870817064,0.9775442178
3.76923076923,0.977350247721,0.00769304918324,0.977566973245
3.77179487179,0.978161469704,0.00752988773245,0.977668903991
3.77435897436,0.979041884128,0.007369153251,0.977839000083
3.77692307692,0.979962205465,0.00721051300655,0.978048379074
3.77948717949,0.980877027447,0.00705337659185,0.978251940626
3.78205128205,0.98173076798,0.0068969608105,0.978394255431
3.78461538462,0.98246910993,0.00674043656349,0.978420951506
3.78717948718,0.983057321423,0.00658318296955,0.978296985677
3.78974358974,0.98350696341,0.00642517858634,0.978033312772
3.79230769231,0.983912616427,0.00626756444149,0.977723589826
3.79487179487,0.984500382618,0.00611341549716,0.977592677296
3.79743589744,0.98569004325,0.0059687484581,0.978058824023
3.8,0.988172876086,0.00584375911578,0.979811547277
3.8,0.988172876086,0.00584375911578,0.979811547277
3.80256410256,0.986816910362,0.00567721710949,0.977759396491
3.80512820513,0.987178661142,0.00552783099056,0.977402521865
3.80769230769,0.988284767251,0.00538750469385,0.977782451762
3.81025641026,0.989559192272,0.00525110949686,0.978331250936
3.81282051282,0.990706015131,0.00511578598177,0.978756506341
3.81538461538,0.991616353838,0.0049802931541,0.978949959695
3.81794871795,0.992296273632,0.00484445942048,0.978916705521
3.82051282051,0.99281272913,0.00470874417278,0.978722067184
3.82307692308,0.993254788405,0.00457390177433,0.978453457268
3.82564102564,0.993707585221,0.00444073592149,0.978194722521
3.82820512821,0.994236644018,0.00430993290306,0.97801066743
3.83076923077,0.994880420527,0.00418196324029,0.977939644396
3.83333333333,0.995649099243,0.00405704133305,0.977992292307
3.8358974359,0.996527887312,0.00393513216775,0.978154699211
3.83846153846,0.997483242698,0.00381599342909,0.978394458625
3.84102564103,0.99847067284,0.00369924103945,0.978668282907
3.84358974359,0.999442938319,0.00358442651141,0.978930030975
3.84615384615,1.0003576944,0.0034711155434,0.979138201517
3.84871794872,1.00118380161,0.00335895882351,0.979262136738
3.85128205128,1.00190573489,0.00324774777853,0.979286375526
3.85384615385,1.00252571911,0.00313744981603,0.979212788816
3.85641025641,1.00306341717,0.00302821938159,0.979060323797
3.85897435897,1.00355319505,0.00292038294699,0.978862377475
3.86153846154,1.00403918684,0.00281439800198,0.978662013992
3.8641025641,1.00456858057,0.0027107884035,0.978505433967
3.86666666667,1.00518374465,0.00261006113181,0.978434297996
3.86923076923,1.00591401243,0.00251261257407,0.97847770035
3.87179487179,1.00676814117,0.00241863570984,0.97864478276
3.87435897436,1.00772865972,0.0023280427199,0.978919172077
3.87692307692,1.00874951786,0.00224042031246,0.979256619472
3.87948717949,1.00975864823,0.00215503739172,0.9795874127
3.88205128205,1.0106672503,0.00207092686636,0.979825326869
3.88461538462,1.01138780421,0.00198706608231,0.979885072991
3.88717948718,1.0118630205,0.00190268440359,0.979710397504
3.88974358974,1.01210813005,0.00181773221955,0.979315179823
3.89230769231,1.01226911715,0.00173355166434,0.978840068885
3.89487179487,1.0126996965,0.00165378985839,0.978627393507
3.89743589744,1.01406003375,0.00158557646809,0.979317275227
3.9,1.01744040715,0.00154092113233,0.981968066014
3.9,1.01744040715,0.00154092113233,0.981968066014
3.90256410256,1.01498220807,0.00144596258244,0.978988927164
3.90512820513,1.01507186832,0.00137289896702,0.978464886733
3.90769230769,1.01626868706,0.00131122778198,0.979012610556
3.91025641026,1.01771830146,0.00125441222132,0.979810996551
3.91282051282,1.01898015174,0.00119889862916,0.980435936054
3.91538461538,1.0198903923,0.00114320773966,0.980728986039
3.91794871795,1.02045563333,0.00108718916778,0.980695541006
3.92051282051,1.02077318788,0.00103144635147,0.980428370292
3.92307692308,1.02097378938,0.000976911466166,0.980052663583
3.92564102564,1.02118303462,0.000924545890484,0.979689004512
3.92820512821,1.02149809754,0.000875145141404,0.979430969311
3.93076923077,1.02197654907,0.000829230739401,0.979334324594
3.93333333333,1.02263440875,0.000787013196393,0.979415075417
3.9358974359,1.02345084356,0.000748410549502,0.979653891895
3.93846153846,1.02437721987,0.000713106632511,0.980004719714
3.94102564103,1.02534850445,0.000680633507523,0.980405656988
3.94358974359,1.02629530055,0.000650463622971,0.980790456992
3.94615384615,1.02715509519,0.000622099282813,0.981099293424
3.94871794872,1.02788158421,0.000595149557296,0.981287701914
3.95128205128,1.02845123133,0.000569387414459,0.981332888624
3.95384615385,1.02886650784,0.000544782296132,0.981236873876
3.95641025641,1.02915554992,0.000521505505434,0.981026215827
3.95897435897,1.02936826007,0.000499907722938,0.980748336333
3.96153846154,1.02956917007,0.000480469959936,0.980464748228
3.9641025641,1.02982767226,0.000463731530035,0.980241760346
3.96666666667,1.03020651678,0.000450201298919,0.980139513717
3.96923076923,1.03074976186,0.000440261476461,0.980200479458
3.97179487179,1.03147165497,0.000434076245951,0.980438826008
3.97435897436,1.03234821242,0.000431520151367,0.980832340409
3.97692307692,1.03331355529,0.000432143014692,0.981318865487
3.97948717949,1.03426334955,0.000435189169111,0.981799491847
3.98205128205,1.03506798869,0.000439689414265,0.982151020695
3.98461538462,1.03559844687,0.000444645282766,0.982250490626
3.98717948718,1.03576802112,0.000449328073549,0.982014838564
3.98974358974,1.0355934711,0.000453720051799,0.981459042203
3.99230769231,1.03527935496,0.000459130167071,0.980776368342
3.99487179487,1.03532965023,0.000469013964436,0.980444628639
3.99743589744,1.03669103861,0.000489998876539,0.981362621332
4,1.04093252363,0.000533027174614,0.98502121445
4,1.04093252363,0.000533027174614,0.98502121445
4.00256410256,1.03716172513,0.000529167306553,0.981104554352
4.00512820513,1.03676783947,0.000546759650368,0.980387212292
4.00769230769,1.03785264439,0.000575123393339,0.981076632508
4.01025641026,1.03928683763,0.000607857864234,0.982106006857
4.01282051282,1.04048461042,0.000641672850815,0.982921603013
4.01538461538,1.04122439014,0.000675346113024,0.983313632517
4.01794871795,1.04150975708,0.000708905408399,0.98328500686
4.02051282051,1.04146491584,0.000743028574928,0.982952683966
4.02307692308,1.04125947803,0.000778624602095,0.982476661745
4.02564102564,1.04105768882,0.000816557795553,0.9820120297
4.02820512821,1.04098760594,0.000857484246448,0.981679843931
4.03076923077,1.04112611556,0.000901776224703,0.98155294519
4.03333333333,1.04149604557,0.000949513818201,0.981653193996
4.0358974359,1.04207201277,0.00100052485621,0.981956951134
4.03846153846,1.04279201616,0.00105445527054,0.982405986213
4.04102564103,1.04357216494,0.00111085362366,0.982921351259
4.04358974359,1.04432230543,0.0011692559759,0.98341811069
4.04615384615,1.04496068712,0.00122926040532,0.983819173325
4.04871794872,1.04542618431,0.00129058386112,0.984066826425
4.05128205128,1.04568696536,0.00135309714806,0.984130926087
4.05384615385,1.04574487791,0.00141683641736,0.984013052668
4.05641025641,1.045635194,0.00148199154828,0.98374629422
4.05897435897,1.04542173547,0.00154887341537,0.983390675256
4.06153846154,1.04518777549,0.00161786350978,0.983024602522
4.0641025641,1.04502348836,0.00168935093461,0.982733053739
4.06666666667,1.0450110956,0.0017636634818,0.982593589639
4.06923076923,1.04520923223,0.00184100116722,0.982661623947
4.07179487179,1.04563843323,0.00192138191239,0.982956740278
4.07435897436,1.04627001602,0.00200460961255,0.983452199247
4.07692307692,1.04702101091,0.00209027435708,0.984070133441
4.07948717949,1.04775816726,0.00217779314076,0.98468528219
4.08205128205,1.04831443908,0.00226649753477,0.985140472437
4.08461538462,1.04852173005,0.00235577330691,0.985277406306
4.08717948718,1.0482640534,0.0024452566435,0.984986670311
4.08974358974,1.04755563853,0.00253509234891,0.984281235472
4.09230769231,1.04664889185,0.00262625908524,0.98339807193
4.09487179487,1.04617749565,0.00272095943285,0.982932855977
4.09743589744,1.04734030434,0.00282304610873,0.984013101735
4.1,1.05213207378,0.00293839015946,0.988515403981
4.1,1.05213207378,0.00293839015946,0.988515403981
4.10256410256,1.04724888436,0.00302565011302,0.983934030128
4.10512820513,1.04628638343,0.00312746360449,0.983049514904
4.10769230769,1.04705788036,0.00323597517392,0.983804338486
4.11025641026,1.04825764857,0.00334687097927,0.984970301699
4.11282051282,1.04920372169,0.00345823533381,0.985906295421
4.11538461538,1.0496331901,0.00356961114953,0.986365532846
4.11794871795,1.04954319977,0.00368131409036,0.98634583786
4.12051282051,1.049071281,0.00379396820636,0.985976983661
4.12307692308,1.04840905935,0.00390821334157,0.985439476561
4.12564102564,1.04774382675,0.00402454011305,0.984909580828
4.12820512821,1.04722287572,0.00414321789487,0.984525781272
4.13076923077,1.04693592472,0.00426428877061,0.984372281184
4.13333333333,1.04691138836,0.00438760519381,0.98447553409
4.1358974359,1.04712267073,0.00451289231053,0.98481020866
4.13846153846,1.04750108597,0.00463981882365,0.985311386986
4.14102564103,1.04795243492,0.00476806360059,0.985890197305
4.14358974359,1.04837469226,0.00489736898034,0.986450483143
4.14615384615,1.04867468343,0.00502757555512,0.986904511665
4.14871794872,1.04878205616,0.00515863662637,0.987186124967
4.15128205128,1.04865927643,0.00529061325676,0.987260138835
4.15384615385,1.04830680397,0.00542365278438,0.987127194415
4.15641025641,1.04776302754,0.00555795496157,0.986823669089
4.15897435897,1.04709896563,0.0056937307399,0.9864166537
4.16153846154,1.04640816327,0.00583115931945,0.98599440417
4.1641025641,1.04579264085,0.00597034945861,0.985653076375
4.16666666667,1.04534617613,0.00611131108179,0.985480954056
4.16923076923,1.04513662581,0.00625394268472,0.985541780364
4.17179487179,1.04518941833,0.00639803865887,0.98585920453
4.17435897436,1.04547477449,0.00654331829463,0.986404755999
4.17692307692,1.04590163807,0.00668947496498,0.987092159258
4.17948717949,1.04632172364,0.0068362401651,0.987781203401
4.18205128205,1.04654751385,0.00698345311156,0.98829478142
4.18461538462,1.04638846405,0.00713112270906,0.988453114993
4.18717948718,1.0457100969,0.00727946456501,0.988129581478
4.18974358974,1.04452109516,0.00742889034329,0.987332960662
4.19230769231,1.04309392587,0.00757991861917,0.986321319683
4.19487179487,1.04212495437,0.00773296483892,0.985753155425
4.19743589744,1.04294043203,0.00788795638541,0.986881814581
4.2,1.04775516632,0.00804372142183,0.991799612422
4.2,1.04775516632,0.00804372142183,0.991799612422
4.20256410256,1.04229244928,0.00819517694136,0.986993766645
4.20512820513,1.04085813797,0.00835220727175,0.986020851013
4.20769230769,1.0412212979,0.00851074742802,0.986759423696
4.21025641026,1.04204577228,0.00866908758076,0.98794005106
4.21282051282,1.04262981482,0.00882690228695,0.988897085433
4.21538461538,1.0426987287,0.00898454367429,0.989371030083
4.21794871795,1.04224366333,0.00914258016699,0.989354949451
4.22051282051,1.04140014803,0.00930152531095,0.988978791392
4.22307692308,1.04036036943,0.00946170302596,0.988425897037
4.22564102564,1.0393136268,0.00962320697884,0.987876382606
4.22820512821,1.03840982731,0.00978592196647,0.987472486337
4.23076923077,1.03774131055,0.00994958216455,0.987301382445
4.23333333333,1.03733871938,0.0101138458567,0.987391372826
4.2358974359,1.03717706169,0.0102783702683,0.987717775963
4.23846153846,1.03718853527,0.01044287428,0.988215241312
4.24102564103,1.03727911538,0.0106071812266,0.988793626175
4.24358974359,1.03734633254,0.0107712383477,0.989354980879
4.24615384615,1.03729609519,0.010935113241,0.989809596814
4.24871794872,1.03705683979,0.0110989705331,0.990089480684
4.25128205128,1.03658971834,0.0112630338519,0.990158027084
4.25384615385,1.03589396089,0.0114275392169,0.990015070263
4.25641025641,1.03500697823,0.0115926864253,0.989696904745
4.25897435897,1.03399919737,0.0117585951248,0.989271273207
4.26153846154,1.03296405031,0.0119252720868,0.988827728802
4.2641025641,1.03200396374,0.0120925956237,0.988464187893
4.26666666667,1.03121362523,0.0122603218497,0.988270897894
4.26923076923,1.03066222892,0.0124281153166,0.988313453736
4.27179487179,1.03037683125,0.0125956032927,0.98861690521
4.27435897436,1.03032937482,0.012762448735,0.989153406212
4.27692307692,1.03043036624,0.0129284322132,0.989836265712
4.27948717949,1.03053262115,0.013093528207,0.990523669027
4.28205128205,1.03044891729,0.0132579566066,0.991035746748
4.28461538462,1.02998782402,0.0134221855959,0.991189077476
4.28717948718,1.02901240441,0.0135868562605,0.990853119269
4.28974358974,1.02752691327,0.0137525905502,0.990033473511
4.29230769231,1.02579704252,0.0139196317731,0.988987293686
4.29487179487,1.02450969228,0.0140872538727,0.988376560338
4.29743589744,1.02497867434,0.0142528768411,0.989465352288
4.3,1.02940318155,0.0144108784211,0.994367652948
4.3,1.02940318155,0.0144108784211,0.994367652948
4.30256410256,1.02386427679,0.0145767922257,0.989648344321
4.30512820513,1.02217063184,0.0147432860299,0.988663681786
4.30769230769,1.02220082262,0.014908107274,0.989351142222
4.31025641026,1.02268274776,0.0150707431623,0.990475496075
4.31282051282,1.02294679245,0.0152315736532,0.991387968089
4.31538461538,1.02272920004,0.0153913002426,0.99183445794
4.31794871795,1.02201916854,0.0155506023835,0.991806478031
4.32051282051,1.02094359396,0.0157099592057,0.991428862029
4.32307692308,1.01968378681,0.0158695844807,0.99087869395
4.32564102564,1.01841889257,0.0160294361205,0.990330303918
4.32820512821,1.01729115182,0.0161892714483,0.989921572954
4.33076923077,1.01638853979,0.0163487258697,0.98973718545
4.33333333333,1.0157407302,0.016507397023,0.989804864211
4.3358974359,1.01532473221,0.0166649204642,0.990101019256
4.33846153846,1.0150769544,0.0168210271352,0.990562637781
4.34102564103,1.0149088539,0.0169755772474,0.991102638985
4.34358974359,1.01472373353,0.0171285693424,0.991626313704
4.34615384615,1.01443265415,0.0172801266688,0.992046865056
4.34871794872,1.01396783436,0.0174304653793,0.992298462557
4.35128205128,1.0132923137,0.017579850406,0.992345618424
4.35384615385,1.01240506062,0.0177285454338,0.99218809104
4.35641025641,1.0113411106,0.0178767634705,0.991860916813
4.35897435897,1.0101667246,0.0180246243145,0.991429567908
4.36153846154,1.00896996246,0.0181721248104,0.9909806296
4.3641025641,1.00784747055,0.0183191270428,0.990608787247
4.36666666667,1.00688868733,0.0184653682928,0.990401309138
4.36923076923,1.00615907514,0.0186104944399,0.99042160773
4.37179487179,1.00568439126,0.018754115422,0.990693858054
4.37435897436,1.00543841544,0.0188958775307,0.99119104831
4.37692307692,1.005336956,0.0190355431153,0.991829233962
4.37948717949,1.00524136107,0.0191730642285,0.992471162877
4.38205128205,1.00497516592,0.0193086331497,0.992942835333
4.38461538462,1.00435791219,0.0194426893273,0.993066958985
4.38717948718,1.00326057899,0.0195758580778,0.992717655134
4.38974358974,1.00168747093,0.0197087898628,0.991901168904
4.39230769231,0.999889812003,0.0198418592377,0.990867732235
4.39487179487,0.998516699472,0.0199746720581,0.990260124813
4.39743589744,0.998809476043,0.020105329664,0.991304874401
4.4,1.00284598326,0.0202294395243,0.996052434227
4.4,1.00284598326,0.0202294395243,0.996052434227
4.40256410256,0.997406744727,0.0203542455493,0.991387787501
4.40512820513,0.9956591656,0.0204810315238,0.990406131638
4.40769230769,0.995565081481,0.0206062156449,0.991069148544
4.41025641026,0.995903626951,0.0207284045381,0.992157491863
4.41282051282,0.99603336731,0.0208474758218,0.993032013331
4.41538461538,0.995702878644,0.0209639179473,0.993443696008
4.41794871795,0.994903512557,0.0210784011163,0.99338598892
4.42051282051,0.99375847328,0.0211915241656,0.992983632054
4.42307692308,0.992442726275,0.0213036866564,0.99241245515
4.42564102564,0.991128648784,0.0214150472852,0.99184502817
4.42820512821,0.989952724197,0.0215255398567,0.991417435797
4.43076923077,0.98899897346,0.0216349247549,0.991212842781
4.43333333333,0.988295208139,0.0217428581749,0.991257911365
4.4358974359,0.98781858113,0.0218489647383,0.99152852652
4.43846153846,0.987507302376,0.0219529024569,0.991961679149
4.44102564103,0.987275778342,0.0220544125633,0.992470751856
4.44358974359,0.98703082538,0.0221533502807,0.992961846352
4.44615384615,0.986686998471,0.0222496957396,0.993349186018
4.44871794872,0.986179468236,0.0223435466382,0.993568021548
4.45128205128,0.985473270475,0.0224350957942,0.993583862122
4.45384615385,0.984568143872,0.0225245975478,0.993397248915
4.45641025641,0.983498562876,0.0226123273073,0.993043682275
4.45897435897,0.982328964168,0.0226985386285,0.992588708293
4.46153846154,0.98114455647,0.0227834222744,0.992118564963
4.4641025641,0.98003849486,0.0228670717327,0.99172718258
4.46666666667,0.979096592121,0.022949459581,0.991500727445
4.46923076923,0.978381131032,0.0230304286769,0.991501272418
4.47179487179,0.977915732883,0.0231097012358,0.991751572311
4.47435897436,0.977673628891,0.0231869073618,0.992223316519
4.47692307692,0.977572072555,0.0232616326948,0.992831625798
4.47948717949,0.977476022366,0.0233334828979,0.993438954478
4.48205128205,0.977214615688,0.0234021612549,0.993871953918
4.48461538462,0.976614345974,0.0234675550739,0.993955247386
4.48717948718,0.97555324689,0.0235298268825,0.993566461062
4.48974358974,0.974040778266,0.0235895068006,0.992717250265
4.49230769231,0.972328500207,0.023647581138,0.991665454477
4.49487179487,0.971057013044,0.0237055659475,0.991063909164
4.49743589744,0.971445032198,0.0237655382325,0.992151836857
4.5,0.975526858418,0.0238300670455,0.996995134398
4.5,0.975526858418,0.0238300670455,0.996995134398
4.50256410256,0.969974105408,0.0238700163709,0.991987674192
4.50512820513,0.968291494783,0.0239192113425,0.990946060581
4.50769230769,0.968332394501,0.023969949029,0.991663803309
4.51025641026,0.9688145607,0.0240181583525,0.992824342118
4.51282051282,0.969067708105,0.0240622084688,0.993740787894
4.51538461538,0.968832646559,0.0241019368672,0.99414889469
4.51794871795,0.968105299048,0.0241379418079,0.99404635484
4.52051282051,0.967019335323,0.0241711010029,0.993571942454
4.52307692308,0.965761573946,0.0242022636514,0.992918463685
4.52564102564,0.964514724318,0.0242320713224,0.992273905301
4.52820512821,0.963422458981,0.024260874714,0.991785606208
4.53076923077,0.962572225201,0.0242887215489,0.991542709689
4.53333333333,0.961991623588,0.0243153953225,0.991572587249
4.5358974359,0.961654600221,0.024340486866,0.991847358057
4.53846153846,0.961494117492,0.0243634824121,0.992297061101
4.54102564103,0.961418387586,0.0243838540695,0.992826470282
4.54358974359,0.96132817128,0.0244011415535,0.993332975778
4.54615384615,0.961133063437,0.0244150173351,0.993723388146
4.54871794872,0.960765105322,0.0244253304942,0.99392795471
4.55128205128,0.9601884826,0.0244321270703,0.993910310935
4.55384615385,0.959404486576,0.024435646429,0.993672522558
4.55641025641,0.958451335005,0.0244362942904,0.993254807391
4.55897435897,0.957398867503,0.0244345939473,0.992729958801
4.56153846154,0.956338549318,0.024431118305,0.992192925993
4.5641025641,0.95536963598,0.0244264070342,0.991746439341
4.56666666667,0.954582770031,0.0244208754729,0.9914840021
4.56923076923,0.954042699809,0.0244147247552,0.991472002977
4.57179487179,0.953772228957,0.0244078655155,0.991733137128
4.57435897436,0.95373992409,0.0243998698565,0.992233756273
4.57692307692,0.953854526734,0.0243899677262,0.992878201732
4.57948717949,0.95396943444,0.0243771046419,0.993513607285
4.58205128205,0.953901034656,0.0243600789003,0.993949091898
4.58461538462,0.95346509369,0.02433777979,0.993993695437
4.58717948718,0.952535821829,0.0243095557301,0.993517843645
4.58974358974,0.951132654405,0.0242757530491,0.992543561769
4.59230769231,0.949540207317,0.0242384779652,0.991369089352
4.59487179487,0.948467284265,0.0242026311343,0.990733981795
4.59743589744,0.949251231672,0.0241772094499,0.992031217391
4.6,0.954114355998,0.0241766940178,0.997573261374
4.6,0.954114355998,0.0241766940178,0.997573261374
4.60256410256,0.947867420552,0.024109900202,0.991493277274
4.60512820513,0.946252738689,0.024064893396,0.990260110431
4.60769230769,0.946684971498,0.0240276584817,0.991161622291
4.61025641026,0.947624659115,0.0239899191115,0.99258385774
4.61282051282,0.948271673352,0.0239476146301,0.993688912606
4.61538461538,0.94832148392,0.023899474093,0.99415885273
4.61794871795,0.947776073527,0.0238458895917,0.993997094224
4.62051282051,0.946801849884,0.023788090357,0.993379194051
4.62307692308,0.945627415294,0.0237275623546,0.992545539748
4.62564102564,0.944474567279,0.0236656589579,0.991728966816
4.62820512821,0.943516416306,0.0236033630863,0.991110872046
4.63076923077,0.942857019474,0.0235411729805,0.990799930774
4.63333333333,0.942527441636,0.0234790888594,0.990828065793
4.6358974359,0.942493668207,0.0234166778751,0.991158855342
4.63846153846,0.942672306548,0.0233531933432,0.991704107331
4.64102564103,0.942950525572,0.0232877238311,0.992344866661
4.64358974359,0.943207195866,0.0232193495013,0.99295366223
4.64615384615,0.943332705384,0.0231472868716,0.993415339918
4.64871794872,0.943245438406,0.0230710077731,0.993644367601
4.65128205128,0.942903418213,0.0229903225879,0.993597037909
4.65384615385,0.942310126594,0.0229054211262,0.993277534239
4.65641025641,0.941514026014,0.022816866735,0.992737365176
4.65897435897,0.940601822989,0.0227255410524,0.99206821225
4.66153846154,0.939686023882,0.0226325391989,0.99138877566
4.6641025641,0.938887847071,0.0225390191101,0.990826742302
4.66666666667,0.938317068116,0.0224460147125,0.990497540198
4.66923076923,0.938050887269,0.0223542305167,0.990482083129
4.67179487179,0.938114421369,0.0222638438915,0.990806249018
4.67435897436,0.938465934848,0.0221743491592,0.991425375345
4.67692307692,0.93899043732,0.0220844833467,0.992217594609
4.67948717949,0.939505787868,0.0219922768994,0.992990372563
4.68205128205,0.939785958897,0.0218952761603,0.993505151699
4.68461538462,0.939606625089,0.021790992525,0.993525542203
4.68717948718,0.938818755723,0.0216776513586,0.992895042328
4.68974358974,0.93745640129,0.0215553442511,0.991650809964
4.69230769231,0.935885378086,0.0214277213384,0.990180546962
4.69487179487,0.935000067111,0.0213043569415,0.989430097499
4.69743589744,0.936476056346,0.0212037812062,0.991169901269
4.7,0.943086868161,0.0211566961305,0.998328981085
4.7,0.943086868161,0.0211566961305,0.998328981085
4.70256410256,0.93520069123,0.0209860436207,0.990137663455
4.70512820513,0.933529308203,0.0208537062787,0.988518702664
4.70769230769,0.934586995366,0.0207386085736,0.989780951384
4.71025641026,0.936302445075,0.0206272459196,0.991731130747
4.71282051282,0.937603293252,0.0205122133408,0.993233827709
4.71538461538,0.93808592226,0.0203904360005,0.993861804153
4.71794871795,0.937759439941,0.0202616387837,0.993624863398
4.72051282051,0.936853433372,0.0201271607137,0.99276625828
4.72307692308,0.935679793635,0.0199890725186,0.991616363801
4.72564102564,0.934539605643,0.0198495355383,0.990494076258
4.72820512821,0.933666794847,0.0197103585621,0.989647139805
4.73076923077,0.933200920346,0.0195727277456,0.989223340362
4.73333333333,0.933182201738,0.0194370919686,0.989265245799
4.7358974359,0.933562564745,0.0193031828974,0.989721910294
4.73846153846,0.934227188438,0.0191701413629,0.990471699725
4.74102564103,0.935021734607,0.0190367153229,0.991351133943
4.74358974359,0.935781137605,0.0189014930233,0.992185380709
4.74615384615,0.936356530718,0.0187631383165,0.992816775119
4.74871794872,0.936637582883,0.0186206015013,0.993128477266
4.75128205128,0.936568217324,0.0184732859216,0.993061119911
4.75384615385,0.936154381409,0.0183211559489,0.992621036925
4.75641025641,0.935463234832,0.0181647753386,0.991879402224
4.75897435897,0.934613820902,0.0180052671594,0.990962347929
4.76153846154,0.933759983547,0.0178441894273,0.990032869448
4.7641025641,0.933066990346,0.0176833263771,0.989266064187
4.76666666667,0.93268401966,0.017524405473,0.988819989576
4.76923076923,0.932715367707,0.017368764791,0.988805165131
4.77179487179,0.933193929152,0.017217012288,0.98925648228
4.77435897436,0.934061202545,0.0170687341061,0.990112024698
4.77692307692,0.9351587697,0.0169223199553,0.991204040933
4.77948717949,0.936236895844,0.0167749788982,0.992268050094
4.78205128205,0.936986595124,0.0166230226868,0.992976800396
4.78461538462,0.93710220382,0.016462505774,0.993006539361
4.78717948718,0.936382201341,0.0162903434219,0.992143793581
4.78974358974,0.934876716873,0.0161060883472,0.990441595052
4.79230769231,0.933090857236,0.0159146143756,0.988434830285
4.79487179487,0.93225368934,0.0157299514013,0.987425127478
4.79743589744,0.934663408302,0.0155802222104,0.989846435462
4.8,0.944119920098,0.0155126200693,0.999723184967
4.8,0.944119920098,0.0155126200693,0.999723184967
4.80256410256,0.933494359093,0.0152666070521,0.988336100204
4.80512820513,0.931536396341,0.015070037608,0.986104912854
4.80769230769,0.933378577444,0.0149004841134,0.987888213529
4.81025641026,0.936128592548,0.0147414836999,0.990629395138
4.81282051282,0.938289343685,0.0145825729606,0.992744915395
4.81538461538,0.93929795569,0.0144181409627,0.993637954818
4.81794871795,0.939168263983,0.0142461122999,0.993321173282
4.82051282051,0.938222283729,0.0140667952802,0.992133290641
4.82307692308,0.936897136145,0.0138819402068,0.99053523966
4.82564102564,0.935614878947,0.0136939755826,0.988972662399
4.82820512821,0.93470365919,0.0135053962136,0.987792544112
4.83076923077,0.934359577964,0.0133183000768,0.987202801784
4.83333333333,0.934639627676,0.0131340832123,0.987264667374
4.8358974359,0.935477033878,0.0129532978275,0.98790872889
4.83846153846,0.936711304825,0.0127756634793,0.988966515324
4.84102564103,0.938126263219,0.0126002037972,0.99021053449
4.84358974359,0.939490305793,0.0124254694544,0.991396695744
4.84615384615,0.940594107676,0.0122498051267,0.992304072536
4.84871794872,0.941281959668,0.0120716225709,0.992767982712
4.85128205128,0.941473897842,0.0118896497353,0.992703387488
4.85384615385,0.941176756086,0.0117031330047,0.992116632979
4.85641025641,0.940483243479,0.0115119740203,0.991104581167
4.85897435897,0.939559119592,0.0113167841249,0.989841200165
4.86153846154,0.938619512084,0.0111188405553,0.988552706625
4.8641025641,0.937896392172,0.0109199324503,0.987483376104
4.86666666667,0.937600194807,0.0107220948436,0.986855160212
4.86923076923,0.937879541636,0.0105272465601,0.986825272356
4.87179487179,0.93878399604,0.0103367716106,0.987446926927
4.87435897436,0.940235750816,0.0101511081046,0.988639439799
4.87692307692,0.942017120274,0.00996942726092,0.990174921063
4.87948717949,0.943781679793,0.00978949391519,0.991689813927
4.88205128205,0.945097867084,0.0096078025444,0.992730556742
4.88461538462,0.94553483068,0.00942009233462,0.992843668144
4.88717948718,0.944801282387,0.00922238086431,0.991721578339
4.88974358974,0.942949081696,0.00901273398566,0.989416552738
4.89230769231,0.940654251361,0.00879409542092,0.986636077359
4.89487179487,0.939589094614,0.00857853124332,0.985134098604
4.89743589744,0.942900055729,0.0083928929853,0.9882135327
4.9,0.955806936858,0.00828452228603,1.00135648094
4.9,0.955806936858,0.00828452228603,1.00135648094
4.90256410256,0.942402594869,0.00803384837951,0.986939748654
4.90512820513,0.939997155071,0.00779939386162,0.984004457494
4.90769230769,0.942454055635,0.00758598054264,0.98615151443
4.91025641026,0.946112957958,0.00739008739288,0.989560500817
4.91282051282,0.949066423891,0.00720485461117,0.99223730158
4.91538461538,0.950584208181,0.00702309673716,0.9934151231
4.91794871795,0.950666066093,0.00683885116533,0.993089069574
4.92051282051,0.949705169496,0.00664805515824,0.991665686092
4.92307692308,0.948245418185,0.0064487217788,0.989710114984
4.92564102564,0.94681712656,0.00624079965905,0.987774750067
4.92820512821,0.945836759225,0.00602581034011,0.986294511425
4.93076923077,0.945557582454,0.00580633465226,0.985535101341
4.93333333333,0.946059291911,0.00558542790355,0.985581840031
4.9358974359,0.947265870375,0.0053660518167,0.986357917856
4.93846153846,0.948982122672,0.00515060290964,0.987662138766
4.94102564103,0.950940528392,0.00494059124886,0.989217467779
4.94358974359,0.952851246394,0.00473648954285,0.990722933325
4.94615384615,0.954449298507,0.00453774227615,0.991902673295
4.94871794872,0.955534153237,0.00434290580946,0.992547151627
4.95128205128,0.955998123696,0.00414988428018,0.992542810209
4.95384615385,0.955841187398,0.00395622871048,0.991887658899
4.95641025641,0.955171028946,0.00375947188205,0.990691544426
4.95897435897,0.954188300055,0.00355747397958,0.989161076944
4.96153846154,0.95315828477,0.00334875103886,0.987570431022
4.9641025641,0.952371351135,0.0031327505478,0.986220475836
4.96666666667,0.952095763983,0.00291003020194,0.985389927331
4.96923076923,0.952527626925,0.00268229318265,0.985283453092
4.97179487179,0.953743915008,0.00245224257275,0.985982898614
4.97435897436,0.95566575296,0.0022232409491,0.987409041649
4.97692307692,0.958040287292,0.00199879412946,0.989302519276
4.97948717949,0.960450693983,0.00178190899485,0.991233810374
4.98205128205,0.962365056861,0.00157439084124,0.992653394209
4.98461538462,0.963236045192,0.00137613880919,0.992994443926
4.98717948718,0.962664512416,0.00118447590432,0.991841651743
4.98974358974,0.960641331371,0.000993539896289,0.989181020675
4.99230769231,0.957882974743,0.000793814259244,0.985746695481
4.99487179487,0.956277542895,0.000572075033071,0.983482143449
4.99743589744,0.95945913465,0.000312461291948,0.986134233458
5,0.97352964998,0,1
