x,rho,u,p
-5,3.85714299417,2.62936899458,10.3333299808
-4.99743589744,3.85714299416,2.62936899458,10.3333299808
-4.99487179487,3.85714299416,2.62936899458,10.3333299808
-4.99230769231,3.85714299416,2.62936899458,10.3333299808
-4.98974358974,3.85714299416,2.62936899458,10.3333299808
-4.98717948718,3.85714299416,2.62936899458,10.3333299808
-4.98461538462,3.85714299416,2.62936899458,10.3333299808
-4.98205128205,3.85714299416,2.62936899458,10.3333299808
-4.97948717949,3.85714299416,2.62936899458,10.3333299808
-4.97692307692,3.85714299416,2.62936899458,10.3333299808
-4.97435897436,3.85714299416,2.62936899458,10.3333299808
-4.97179487179,3.85714299416,2.62936899458,10.3333299808
-4.96923076923,3.85714299416,2.62936899458,10.3333299808
-4.96666666667,3.85714299416,2.62936899458,10.3333299808
-4.9641025641,3.85714299416,2.62936899458,10.3333299808
-4.96153846154,3.85714299416,2.62936899458,10.3333299808
-4.95897435897,3.85714299416,2.62936899458,10.3333299808
-4.95641025641,3.85714299416,2.62936899458,10.3333299808
-4.95384615385,3.85714299416,2.62936899458,10.3333299808
-4.95128205128,3.85714299416,2.62936899458,10.3333299808
-4.94871794872,3.85714299416,2.62936899458,10.3333299808
-4.94615384615,3.85714299416,2.62936899458,10.3333299808
-4.94358974359,3.85714299416,2.62936899458,10.3333299808
-4.94102564103,3.85714299416,2.62936899458,10.3333299808
-4.93846153846,3.85714299416,2.62936899458,10.3333299808
-4.9358974359,3.85714299416,2.62936899458,10.3333299808
-4.93333333333,3.85714299416,2.62936899458,10.3333299808
-4.93076923077,3.85714299416,2.62936899458,10.3333299808
-4.92820512821,3.85714299416,2.62936899458,10.3333299808
-4.92564102564,3.85714299416,2.62936899458,10.3333299808
-4.92307692308,3.85714299416,2.62936899458,10.3333299808
-4.92051282051,3.85714299416,2.62936899458,10.3333299808
-4.91794871795,3.85714299416,2.62936899458,10.3333299808
-4.91538461538,3.85714299416,2.62936899458,10.3333299808
-4.91282051282,3.85714299416,2.62936899458,10.3333299808
-4.91025641026,3.85714299416,2.62936899458,10.3333299808
-4.90769230769,3.85714299416,2.62936899458,10.3333299808
-4.90512820513,3.85714299416,2.62936899458,10.3333299808
-4.90256410256,3.85714299416,2.62936899458,10.3333299808
-4.9,3.85714299417,2.62936899458,10.3333299808
-4.9,3.85714299417,2.62936899458,10.3333299808
-4.89743589744,3.85714299417,2.62936899458,10.3333299808
-4.89487179487,3.85714299417,2.62936899458,10.3333299808
-4.89230769231,3.85714299417,2.62936899458,10.3333299808
-4.88974358974,3.85714299417,2.62936899458,10.3333299808
-4.88717948718,3.85714299417,2.62936899458,10.3333299808
-4.88461538462,3.85714299417,2.62936899458,10.3333299808
-4.88205128205,3.85714299417,2.62936899458,10.3333299808
-4.87948717949,3.85714299417,2.62936899458,10.3333299808
-4.87692307692,3.85714299417,2.62936899458,10.3333299808
-4.87435897436,3.85714299417,2.62936899458,10.3333299808
-4.87179487179,3.85714299417,2.62936899458,10.3333299808
-4.86923076923,3.85714299417,2.62936899458,10.3333299808
-4.86666666667,3.85714299417,2.62936899458,10.3333299808
-4.8641025641,3.85714299417,2.62936899458,10.3333299808
-4.86153846154,3.85714299417,2.62936899458,10.3333299808
-4.85897435897,3.85714299417,2.62936899458,10.3333299808
-4.85641025641,3.85714299417,2.62936899458,10.3333299808
-4.85384615385,3.85714299417,2.62936899458,10.3333299808
-4.85128205128,3.85714299417,2.62936899458,10.3333299808
-4.84871794872,3.85714299417,2.62936899458,10.3333299808
-4.84615384615,3.85714299416,2.62936899458,10.3333299808
-4.84358974359,3.85714299416,2.62936899458,10.3333299808
-4.84102564103,3.85714299416,2.62936899458,10.3333299808
-4.83846153846,3.85714299416,2.62936899458,10.3333299808
-4.8358974359,3.85714299416,2.62936899458,10.3333299808
-4.83333333333,3.85714299416,2.62936899458,10.3333299808
-4.83076923077,3.85714299416,2.62936899458,10.3333299808
-4.82820512821,3.85714299416,2.62936899458,10.3333299808
-4.82564102564,3.85714299416,2.62936899458,10.3333299808
-4.82307692308,3.85714299416,2.62936899458,10.3333299808
-4.82051282051,3.85714299417,2.62936899458,10.3333299808
-4.81794871795,3.85714299417,2.62936899458,10.3333299808
-4.81538461538,3.85714299417,2.62936899458,10.3333299808
-4.81282051282,3.85714299417,2.62936899458,10.3333299808
-4.81025641026,3.85714299416,2.62936899458,10.3333299808
-4.80769230769,3.85714299416,2.62936899458,10.3333299808
-4.80512820513,3.85714299416,2.62936899458,10.3333299808
-4.80256410256,3.85714299417,2.62936899458,10.3333299808
-4.8,3.85714299417,2.62936899458,10.3333299808
-4.8,3.85714299417,2.62936899458,10.3333299808
-4.79743589744,3.85714299417,2.62936899458,10.3333299808
-4.79487179487,3.85714299417,2.62936899458,10.3333299808
-4.79230769231,3.85714299417,2.62936899458,10.3333299808
-4.78974358974,3.85714299417,2.62936899458,10.3333299808
-4.78717948718,3.85714299417,2.62936899458,10.3333299808
-4.78461538462,3.85714299417,2.62936899458,10.3333299808
-4.78205128205,3.85714299417,2.62936899458,10.3333299808
-4.77948717949,3.85714299417,2.62936899458,10.3333299808
-4.77692307692,3.85714299417,2.62936899458,10.3333299808
-4.77435897436,3.85714299417,2.62936899458,10.3333299808
-4.77179487179,3.85714299417,2.62936899458,10.3333299808
-4.76923076923,3.85714299417,2.62936899458,10.3333299808
-4.76666666667,3.85714299417,2.62936899458,10.3333299808
-4.7641025641,3.85714299417,2.62936899458,10.3333299808
-4.76153846154,3.85714299417,2.62936899458,10.3333299808
-4.75897435897,3.85714299417,2.62936899458,10.3333299808
-4.75641025641,3.85714299417,2.62936899458,10.3333299808
-4.75384615385,3.85714299417,2.62936899458,10.3333299808
-4.75128205128,3.85714299417,2.62936899458,10.3333299808
-4.74871794872,3.85714299417,2.62936899458,10.3333299808
-4.74615384615,3.85714299417,2.62936899458,10.3333299808
-4.74358974359,3.85714299417,2.62936899458,10.3333299808
-4.74102564103,3.85714299417,2.62936899458,10.3333299808
-4.73846153846,3.85714299417,2.62936899458,10.3333299808
-4.7358974359,3.85714299417,2.62936899458,10.3333299808
-4.73333333333,3.85714299417,2.62936899458,10.3333299808
-4.73076923077,3.85714299417,2.62936899458,10.3333299808
-4.72820512821,3.85714299417,2.62936899458,10.3333299808
-4.72564102564,3.85714299417,2.62936899458,10.3333299808
-4.72307692308,3.85714299417,2.62936899458,10.3333299808
-4.72051282051,3.85714299417,2.62936899458,10.3333299808
-4.71794871795,3.85714299417,2.62936899458,10.3333299808
-4.71538461538,3.85714299417,2.62936899458,10.3333299808
-4.71282051282,3.85714299417,2.62936899458,10.3333299808
-4.71025641026,3.85714299417,2.62936899458,10.3333299808
-4.70769230769,3.85714299417,2.62936899458,10.3333299808
-4.70512820513,3.85714299417,2.62936899458,10.3333299808
-4.70256410256,3.85714299417,2.62936899458,10.3333299808
-4.7,3.85714299417,2.62936899458,10.3333299808
-4.7,3.85714299417,2.62936899458,10.3333299808
-4.69743589744,3.85714299417,2.62936899458,10.3333299808
-4.69487179487,3.85714299417,2.62936899458,10.3333299808
-4.69230769231,3.85714299417,2.62936899458,10.3333299808
-4.68974358974,3.85714299417,2.62936899458,10.3333299808
-4.68717948718,3.85714299417,2.62936899458,10.3333299808
-4.68461538462,3.85714299417,2.62936899458,10.3333299808
-4.68205128205,3.85714299418,2.62936899458,10.3333299808
-4.67948717949,3.85714299418,2.62936899458,10.3333299808
-4.67692307692,3.85714299418,2.62936899458,10.3333299808
-4.67435897436,3.85714299417,2.62936899458,10.3333299808
-4.67179487179,3.85714299417,2.62936899458,10.3333299808
-4.66923076923,3.85714299418,2.62936899458,10.3333299808
-4.66666666667,3.85714299418,2.62936899458,10.3333299808
-4.6641025641,3.85714299418,2.62936899458,10.3333299808
-4.66153846154,3.85714299418,2.62936899458,10.3333299808
-4.65897435897,3.85714299418,2.62936899458,10.3333299808
-4.65641025641,3.85714299418,2.62936899458,10.3333299808
-4.65384615385,3.85714299418,2.62936899458,10.3333299808
-4.65128205128,3.85714299417,2.62936899458,10.3333299808
-4.64871794872,3.85714299417,2.62936899458,10.3333299808
-4.64615384615,3.85714299417,2.62936899458,10.3333299808
-4.64358974359,3.85714299417,2.62936899458,10.3333299808
-4.64102564103,3.85714299417,2.62936899458,10.3333299808
-4.63846153846,3.85714299417,2.62936899458,10.3333299808
-4.6358974359,3.85714299417,2.62936899458,10.3333299808
-4.63333333333,3.85714299417,2.62936899458,10.3333299808
-4.63076923077,3.85714299417,2.62936899458,10.3333299808
-4.62820512821,3.85714299417,2.62936899458,10.3333299808
-4.62564102564,3.85714299417,2.62936899458,10.3333299808
-4.62307692308,3.85714299417,2.62936899458,10.3333299808
-4.62051282051,3.85714299417,2.62936899458,10.3333299808
-4.61794871795,3.85714299417,2.62936899458,10.3333299808
-4.61538461538,3.85714299417,2.62936899458,10.3333299808
-4.61282051282,3.85714299417,2.62936899458,10.3333299808
-4.61025641026,3.85714299417,2.62936899458,10.3333299808
-4.60769230769,3.85714299417,2.62936899458,10.3333299808
-4.60512820513,3.85714299417,2.62936899458,10.3333299808
-4.60256410256,3.85714299417,2.62936899458,10.3333299808
-4.6,3.85714299418,2.62936899458,10.3333299808
-4.6,3.85714299418,2.62936899458,10.3333299808
-4.59743589744,3.85714299417,2.62936899458,10.3333299808
-4.59487179487,3.85714299417,2.62936899458,10.3333299808
-4.59230769231,3.85714299418,2.62936899458,10.3333299808
-4.58974358974,3.85714299418,2.62936899458,10.3333299808
-4.58717948718,3.85714299418,2.62936899458,10.3333299808
-4.58461538462,3.85714299418,2.62936899458,10.3333299808
-4.58205128205,3.85714299418,2.62936899458,10.3333299808
-4.57948717949,3.85714299418,2.62936899458,10.3333299808
-4.57692307692,3.85714299418,2.62936899458,10.3333299808
-4.57435897436,3.85714299418,2.62936899458,10.3333299808
-4.57179487179,3.85714299418,2.62936899458,10.3333299808
-4.56923076923,3.85714299418,2.62936899458,10.3333299808
-4.56666666667,3.85714299418,2.62936899458,10.3333299808
-4.5641025641,3.85714299418,2.62936899458,10.3333299808
-4.56153846154,3.85714299418,2.62936899458,10.3333299808
-4.55897435897,3.85714299418,2.62936899458,10.3333299808
-4.55641025641,3.85714299418,2.62936899458,10.3333299808
-4.55384615385,3.85714299418,2.62936899458,10.3333299808
-4.55128205128,3.85714299418,2.62936899458,10.3333299808
-4.54871794872,3.85714299418,2.62936899458,10.3333299808
-4.54615384615,3.85714299418,2.62936899458,10.3333299808
-4.54358974359,3.85714299418,2.62936899458,10.3333299808
-4.54102564103,3.85714299418,2.62936899458,10.3333299808
-4.53846153846,3.85714299417,2.62936899458,10.3333299808
-4.5358974359,3.85714299417,2.62936899458,10.3333299808
-4.53333333333,3.85714299417,2.62936899458,10.3333299808
-4.53076923077,3.85714299417,2.62936899459,10.3333299808
-4.52820512821,3.85714299417,2.62936899459,10.3333299808
-4.52564102564,3.85714299417,2.62936899459,10.3333299808
-4.52307692308,3.85714299417,2.62936899459,10.3333299808
-4.52051282051,3.85714299417,2.62936899459,10.3333299808
-4.51794871795,3.85714299417,2.62936899459,10.3333299808
-4.51538461538,3.85714299417,2.62936899459,10.3333299808
-4.51282051282,3.85714299417,2.62936899459,10.3333299808
-4.51025641026,3.85714299417,2.62936899459,10.3333299808
-4.50769230769,3.85714299417,2.62936899459,10.3333299808
-4.50512820513,3.85714299417,2.62936899459,10.3333299808
-4.50256410256,3.85714299417,2.62936899458,10.3333299808
-4.5,3.85714299418,2.62936899458,10.3333299808
-4.5,3.85714299418,2.62936899458,10.3333299808
-4.49743589744,3.85714299418,2.62936899458,10.3333299808
-4.49487179487,3.85714299418,2.62936899458,10.3333299808
-4.49230769231,3.85714299418,2.62936899458,10.3333299808
-4.48974358974,3.85714299418,2.62936899458,10.3333299808
-4.48717948718,3.85714299419,2.62936899458,10.3333299808
-4.48461538462,3.85714299419,2.62936899458,10.3333299808
-4.48205128205,3.85714299419,2.62936899458,10.3333299808
-4.47948717949,3.85714299419,2.62936899458,10.3333299808
-4.47692307692,3.85714299419,2.62936899458,10.3333299808
-4.47435897436,3.85714299419,2.62936899458,10.3333299808
-4.47179487179,3.85714299419,2.62936899458,10.3333299808
-4.46923076923,3.85714299419,2.62936899458,10.3333299808
-4.46666666667,3.85714299419,2.62936899458,10.3333299808
-4.4641025641,3.85714299419,2.62936899458,10.3333299808
-4.46153846154,3.85714299419,2.62936899458,10.3333299808
-4.45897435897,3.85714299419,2.62936899458,10.3333299808
-4.45641025641,3.85714299419,2.62936899458,10.3333299808
-4.45384615385,3.85714299419,2.62936899458,10.3333299808
-4.45128205128,3.85714299419,2.62936899458,10.3333299808
-4.44871794872,3.85714299419,2.62936899458,10.3333299808
-4.44615384615,3.85714299419,2.62936899458,10.3333299808
-4.44358974359,3.85714299418,2.62936899459,10.3333299808
-4.44102564103,3.85714299418,2.62936899459,10.3333299808
-4.43846153846,3.85714299418,2.62936899459,10.3333299808
-4.4358974359,3.85714299418,2.62936899459,10.3333299808
-4.43333333333,3.85714299418,2.62936899459,10.3333299808
-4.43076923077,3.85714299418,2.62936899459,10.3333299808
-4.42820512821,3.85714299418,2.62936899459,10.3333299808
-4.42564102564,3.85714299417,2.62936899459,10.3333299808
-4.42307692308,3.85714299417,2.62936899459,10.3333299808
-4.42051282051,3.85714299417,2.62936899459,10.3333299808
-4.41794871795,3.85714299417,2.62936899459,10.3333299808
-4.41538461538,3.85714299418,2.62936899459,10.3333299808
-4.41282051282,3.85714299418,2.62936899459,10.3333299808
-4.41025641026,3.85714299418,2.62936899459,10.3333299808
-4.40769230769,3.85714299418,2.62936899459,10.3333299808
-4.40512820513,3.85714299418,2.62936899459,10.3333299808
-4.40256410256,3.85714299418,2.62936899459,10.3333299808
-4.4,3.85714299418,2.62936899459,10.3333299808
-4.4,3.85714299418,2.62936899459,10.3333299808
-4.39743589744,3.85714299419,2.62936899458,10.3333299808
-4.39487179487,3.85714299419,2.62936899458,10.3333299808
-4.39230769231,3.85714299419,2.62936899458,10.3333299808
-4.38974358974,3.8571429942,2.62936899458,10.3333299808
-4.38717948718,3.8571429942,2.62936899458,10.3333299809
-4.38461538462,3.8571429942,2.62936899458,10.3333299809
-4.38205128205,3.8571429942,2.62936899458,10.3333299809
-4.37948717949,3.85714299421,2.62936899458,10.3333299809
-4.37692307692,3.85714299421,2.62936899458,10.3333299809
-4.37435897436,3.85714299421,2.62936899458,10.3333299809
-4.37179487179,3.85714299421,2.62936899458,10.3333299809
-4.36923076923,3.85714299421,2.62936899458,10.3333299809
-4.36666666667,3.85714299421,2.62936899458,10.3333299809
-4.3641025641,3.85714299421,2.62936899458,10.3333299809
-4.36153846154,3.85714299421,2.62936899458,10.3333299809
-4.35897435897,3.85714299421,2.62936899458,10.3333299809
-4.35641025641,3.85714299421,2.62936899458,10.3333299809
-4.35384615385,3.85714299421,2.62936899458,10.3333299809
-4.35128205128,3.8571429942,2.62936899458,10.3333299808
-4.34871794872,3.8571429942,2.62936899459,10.3333299808
-4.34615384615,3.8571429942,2.62936899459,10.3333299808
-4.34358974359,3.8571429942,2.62936899459,10.3333299808
-4.34102564103,3.85714299419,2.62936899459,10.3333299808
-4.33846153846,3.85714299419,2.62936899459,10.3333299808
-4.3358974359,3.85714299419,2.62936899459,10.3333299808
-4.33333333333,3.85714299419,2.6293689946,10.3333299808
-4.33076923077,3.85714299418,2.6293689946,10.3333299808
-4.32820512821,3.85714299418,2.6293689946,10.3333299808
-4.32564102564,3.85714299418,2.6293689946,10.3333299807
-4.32307692308,3.85714299417,2.6293689946,10.3333299807
-4.32051282051,3.85714299417,2.6293689946,10.3333299807
-4.31794871795,3.85714299417,2.6293689946,10.3333299807
-4.31538461538,3.85714299417,2.6293689946,10.3333299807
-4.31282051282,3.85714299417,2.6293689946,10.3333299807
-4.31025641026,3.85714299418,2.6293689946,10.3333299807
-4.30769230769,3.85714299418,2.6293689946,10.3333299808
-4.30512820513,3.85714299418,2.6293689946,10.3333299808
-4.30256410256,3.85714299417,2.6293689946,10.3333299807
-4.3,3.85714299416,2.6293689946,10.3333299807
-4.3,3.85714299416,2.6293689946,10.3333299807
-4.29743589744,3.85714299418,2.62936899459,10.3333299808
-4.29487179487,3.85714299419,2.62936899459,10.3333299808
-4.29230769231,3.8571429942,2.62936899459,10.3333299808
-4.28974358974,3.8571429942,2.62936899459,10.3333299808
-4.28717948718,3.8571429942,2.62936899459,10.3333299808
-4.28461538462,3.8571429942,2.62936899459,10.3333299808
-4.28205128205,3.85714299421,2.62936899458,10.3333299809
-4.27948717949,3.85714299422,2.62936899458,10.3333299809
-4.27692307692,3.85714299422,2.62936899458,10.3333299809
-4.27435897436,3.85714299422,2.62936899458,10.3333299809
-4.27179487179,3.85714299423,2.62936899459,10.3333299809
-4.26923076923,3.85714299423,2.62936899459,10.3333299809
-4.26666666667,3.85714299422,2.62936899459,10.3333299809
-4.2641025641,3.85714299422,2.62936899459,10.3333299809
-4.26153846154,3.85714299422,2.62936899459,10.3333299809
-4.25897435897,3.85714299421,2.62936899459,10.3333299808
-4.25641025641,3.85714299421,2.6293689946,10.3333299808
-4.25384615385,3.8571429942,2.6293689946,10.3333299808
-4.25128205128,3.8571429942,2.6293689946,10.3333299808
-4.24871794872,3.85714299419,2.62936899461,10.3333299807
-4.24615384615,3.85714299419,2.62936899461,10.3333299807
-4.24358974359,3.85714299418,2.62936899462,10.3333299807
-4.24102564103,3.85714299418,2.62936899462,10.3333299807
-4.23846153846,3.85714299417,2.62936899462,10.3333299807
-4.2358974359,3.85714299416,2.62936899463,10.3333299806
-4.23333333333,3.85714299416,2.62936899463,10.3333299806
-4.23076923077,3.85714299415,2.62936899464,10.3333299806
-4.22820512821,3.85714299414,2.62936899464,10.3333299805
-4.22564102564,3.85714299413,2.62936899464,10.3333299805
-4.22307692308,3.85714299412,2.62936899464,10.3333299805
-4.22051282051,3.85714299411,2.62936899465,10.3333299805
-4.21794871795,3.8571429941,2.62936899465,10.3333299804
-4.21538461538,3.8571429941,2.62936899465,10.3333299804
-4.21282051282,3.85714299411,2.62936899465,10.3333299804
-4.21025641026,3.85714299411,2.62936899465,10.3333299805
-4.20769230769,3.85714299412,2.62936899466,10.3333299805
-4.20512820513,3.85714299412,2.62936899466,10.3333299805
-4.20256410256,3.8571429941,2.62936899466,10.3333299804
-4.2,3.85714299404,2.62936899465,10.3333299803
-4.2,3.85714299404,2.62936899465,10.3333299803
-4.19743589744,3.8571429941,2.62936899465,10.3333299804
-4.19487179487,3.85714299412,2.62936899465,10.3333299805
-4.19230769231,3.85714299412,2.62936899465,10.3333299805
-4.18974358974,3.85714299411,2.62936899464,10.3333299805
-4.18717948718,3.85714299411,2.62936899464,10.3333299805
-4.18461538462,3.85714299412,2.62936899464,10.3333299805
-4.18205128205,3.85714299413,2.62936899464,10.3333299805
-4.17948717949,3.85714299413,2.62936899464,10.3333299805
-4.17692307692,3.85714299414,2.62936899464,10.3333299805
-4.17435897436,3.85714299415,2.62936899465,10.3333299806
-4.17179487179,3.85714299415,2.62936899465,10.3333299806
-4.16923076923,3.85714299415,2.62936899465,10.3333299805
-4.16666666667,3.85714299414,2.62936899465,10.3333299805
-4.1641025641,3.85714299413,2.62936899466,10.3333299805
-4.16153846154,3.85714299412,2.62936899466,10.3333299804
-4.15897435897,3.85714299411,2.62936899467,10.3333299804
-4.15641025641,3.85714299409,2.62936899467,10.3333299803
-4.15384615385,3.85714299408,2.62936899468,10.3333299803
-4.15128205128,3.85714299407,2.62936899469,10.3333299802
-4.14871794872,3.85714299406,2.62936899469,10.3333299802
-4.14615384615,3.85714299406,2.6293689947,10.3333299802
-4.14358974359,3.85714299405,2.62936899471,10.3333299801
-4.14102564103,3.85714299404,2.62936899472,10.3333299801
-4.13846153846,3.85714299403,2.62936899473,10.3333299801
-4.1358974359,3.85714299402,2.62936899474,10.33332998
-4.13333333333,3.85714299401,2.62936899475,10.33332998
-4.13076923077,3.85714299399,2.62936899475,10.3333299799
-4.12820512821,3.85714299397,2.62936899476,10.3333299798
-4.12564102564,3.85714299394,2.62936899476,10.3333299798
-4.12307692308,3.85714299392,2.62936899476,10.3333299797
-4.12051282051,3.85714299391,2.62936899477,10.3333299797
-4.11794871795,3.8571429939,2.62936899477,10.3333299796
-4.11538461538,3.8571429939,2.62936899477,10.3333299796
-4.11282051282,3.85714299392,2.62936899477,10.3333299797
-4.11025641026,3.85714299395,2.62936899477,10.3333299798
-4.10769230769,3.85714299397,2.62936899477,10.3333299798
-4.10512820513,3.85714299398,2.62936899477,10.3333299799
-4.10256410256,3.85714299393,2.62936899477,10.3333299797
-4.1,3.85714299378,2.62936899476,10.3333299793
-4.1,3.85714299378,2.62936899476,10.3333299793
-4.09743589744,3.85714299393,2.62936899476,10.3333299798
-4.09487179487,3.85714299398,2.62936899475,10.3333299799
-4.09230769231,3.85714299399,2.62936899473,10.33332998
-4.08974358974,3.85714299399,2.62936899472,10.33332998
-4.08717948718,3.85714299399,2.62936899471,10.33332998
-4.08461538462,3.85714299401,2.6293689947,10.3333299801
-4.08205128205,3.85714299404,2.62936899469,10.3333299802
-4.07948717949,3.85714299408,2.62936899469,10.3333299803
-4.07692307692,3.85714299412,2.62936899468,10.3333299804
-4.07435897436,3.85714299416,2.62936899468,10.3333299805
-4.07179487179,3.85714299419,2.62936899467,10.3333299806
-4.06923076923,3.8571429942,2.62936899466,10.3333299807
-4.06666666667,3.85714299421,2.62936899466,10.3333299807
-4.0641025641,3.85714299422,2.62936899465,10.3333299808
-4.06153846154,3.85714299422,2.62936899464,10.3333299808
-4.05897435897,3.85714299422,2.62936899463,10.3333299808
-4.05641025641,3.85714299423,2.62936899462,10.3333299808
-4.05384615385,3.85714299424,2.62936899461,10.3333299809
-4.05128205128,3.85714299426,2.62936899461,10.3333299809
-4.04871794872,3.85714299429,2.6293689946,10.333329981
-4.04615384615,3.85714299432,2.6293689946,10.3333299811
-4.04358974359,3.85714299436,2.62936899459,10.3333299813
-4.04102564103,3.8571429944,2.62936899458,10.3333299814
-4.03846153846,3.85714299444,2.62936899458,10.3333299815
-4.0358974359,3.85714299447,2.62936899457,10.3333299816
-4.03333333333,3.85714299449,2.62936899455,10.3333299817
-4.03076923077,3.85714299451,2.62936899453,10.3333299818
-4.02820512821,3.85714299453,2.62936899451,10.3333299819
-4.02564102564,3.85714299454,2.62936899449,10.333329982
-4.02307692308,3.85714299456,2.62936899446,10.3333299821
-4.02051282051,3.85714299459,2.62936899442,10.3333299823
-4.01794871795,3.85714299465,2.62936899438,10.3333299825
-4.01538461538,3.85714299474,2.62936899434,10.3333299829
-4.01282051282,3.85714299486,2.62936899431,10.3333299833
-4.01025641026,3.85714299501,2.62936899426,10.3333299838
-4.00769230769,3.85714299516,2.62936899422,10.3333299843
-4.00512820513,3.85714299527,2.62936899418,10.3333299847
-4.00256410256,3.85714299525,2.62936899412,10.3333299848
-4,3.85714299498,2.62936899405,10.3333299842
-4,3.85714299498,2.62936899405,10.3333299842
-3.99743589744,3.85714299544,2.629368994,10.3333299856
-3.99487179487,3.85714299566,2.62936899392,10.3333299864
-3.99230769231,3.85714299577,2.62936899383,10.3333299869
-3.98974358974,3.85714299588,2.62936899373,10.3333299873
-3.98717948718,3.85714299601,2.62936899365,10.3333299878
-3.98461538462,3.85714299618,2.62936899356,10.3333299885
-3.98205128205,3.85714299638,2.62936899348,10.3333299892
-3.97948717949,3.85714299661,2.62936899339,10.33332999
-3.97692307692,3.85714299684,2.62936899331,10.3333299908
-3.97435897436,3.85714299707,2.62936899322,10.3333299916
-3.97179487179,3.85714299728,2.62936899312,10.3333299924
-3.96923076923,3.85714299749,2.62936899302,10.3333299932
-3.96666666667,3.85714299768,2.62936899292,10.3333299939
-3.9641025641,3.85714299786,2.6293689928,10.3333299947
-3.96153846154,3.85714299804,2.62936899269,10.3333299954
-3.95897435897,3.85714299824,2.62936899257,10.3333299962
-3.95641025641,3.85714299845,2.62936899245,10.333329997
-3.95384615385,3.85714299868,2.62936899232,10.3333299979
-3.95128205128,3.85714299893,2.6293689922,10.3333299988
-3.94871794872,3.85714299921,2.62936899207,10.3333299999
-3.94615384615,3.85714299952,2.62936899194,10.333330001
-3.94358974359,3.85714299984,2.62936899181,10.3333300021
-3.94102564103,3.85714300017,2.62936899167,10.3333300034
-3.93846153846,3.85714300051,2.62936899152,10.3333300046
-3.9358974359,3.85714300084,2.62936899137,10.3333300058
-3.93333333333,3.85714300116,2.6293689912,10.3333300071
-3.93076923077,3.85714300146,2.62936899102,10.3333300083
-3.92820512821,3.85714300177,2.62936899083,10.3333300096
-3.92564102564,3.85714300208,2.62936899063,10.3333300109
-3.92307692308,3.85714300241,2.62936899041,10.3333300122
-3.92051282051,3.85714300278,2.62936899017,10.3333300137
-3.91794871795,3.85714300322,2.62936898993,10.3333300154
-3.91538461538,3.85714300374,2.62936898968,10.3333300174
-3.91282051282,3.85714300434,2.62936898943,10.3333300196
-3.91025641026,3.85714300501,2.62936898916,10.333330022
-3.90769230769,3.8571430057,2.62936898889,10.3333300244
-3.90512820513,3.85714300629,2.62936898861,10.3333300267
-3.90256410256,3.8571430066,2.62936898831,10.3333300282
-3.9,3.85714300635,2.62936898796,10.3333300283
-3.9,3.85714300635,2.62936898796,10.3333300283
-3.89743589744,3.85714300774,2.62936898765,10.3333300328
-3.89487179487,3.85714300861,2.62936898726,10.333330036
-3.89230769231,3.85714300927,2.62936898685,10.3333300386
-3.88974358974,3.85714300992,2.62936898644,10.3333300412
-3.88717948718,3.85714301063,2.62936898602,10.333330044
-3.88461538462,3.85714301145,2.6293689856,10.3333300471
-3.88205128205,3.85714301235,2.62936898517,10.3333300504
-3.87948717949,3.85714301332,2.62936898474,10.333330054
-3.87692307692,3.85714301432,2.6293689843,10.3333300577
-3.87435897436,3.85714301533,2.62936898383,10.3333300615
-3.87179487179,3.85714301633,2.62936898335,10.3333300652
-3.86923076923,3.85714301733,2.62936898285,10.333330069
-3.86666666667,3.85714301831,2.62936898232,10.3333300728
-3.8641025641,3.8571430193,2.62936898176,10.3333300766
-3.86153846154,3.85714302031,2.62936898119,10.3333300806
-3.85897435897,3.85714302136,2.6293689806,10.3333300847
-3.85641025641,3.85714302247,2.62936897999,10.3333300889
-3.85384615385,3.85714302365,2.62936897936,10.3333300935
-3.85128205128,3.85714302492,2.62936897872,10.3333300983
-3.84871794872,3.85714302626,2.62936897806,10.3333301033
-3.84615384615,3.85714302769,2.62936897738,10.3333301087
-3.84358974359,3.85714302917,2.62936897668,10.3333301142
-3.84102564103,3.85714303071,2.62936897596,10.33333012
-3.83846153846,3.85714303228,2.6293689752,10.3333301259
-3.8358974359,3.85714303388,2.62936897441,10.333330132
-3.83333333333,3.85714303548,2.62936897358,10.3333301382
-3.83076923077,3.85714303709,2.6293689727,10.3333301445
-3.82820512821,3.85714303873,2.62936897178,10.3333301509
-3.82564102564,3.85714304041,2.6293689708,10.3333301576
-3.82307692308,3.85714304218,2.62936896978,10.3333301646
-3.82051282051,3.85714304408,2.6293689687,10.3333301721
-3.81794871795,3.85714304616,2.62936896758,10.3333301801
-3.81538461538,3.85714304847,2.62936896642,10.3333301889
-3.81282051282,3.857143051,2.62936896522,10.3333301984
-3.81025641026,3.85714305375,2.62936896397,10.3333302085
-3.80769230769,3.85714305657,2.62936896269,10.333330219
-3.80512820513,3.85714305926,2.62936896135,10.3333302292
-3.80256410256,3.8571430614,2.62936895993,10.3333302382
-3.8,3.85714306236,2.6293689584,10.3333302441
-3.8,3.85714306236,2.6293689584,10.3333302441
-3.79743589744,3.85714306692,2.62936895688,10.33333026
-3.79487179487,3.85714307044,2.62936895519,10.3333302732
-3.79230769231,3.8571430736,2.62936895339,10.3333302855
-3.78974358974,3.8571430768,2.62936895153,10.3333302981
-3.78717948718,3.85714308024,2.62936894963,10.3333303115
-3.78461538462,3.85714308399,2.62936894767,10.3333303258
-3.78205128205,3.85714308802,2.62936894565,10.3333303411
-3.77948717949,3.8571430923,2.62936894357,10.3333303573
-3.77692307692,3.85714309676,2.6293689414,10.3333303741
-3.77435897436,3.85714310135,2.62936893913,10.3333303916
-3.77179487179,3.85714310605,2.62936893675,10.3333304095
-3.76923076923,3.85714311085,2.62936893425,10.333330428
-3.76666666667,3.85714311577,2.62936893163,10.333330447
-3.7641025641,3.85714312084,2.62936892889,10.3333304666
-3.76153846154,3.85714312611,2.62936892602,10.3333304871
-3.75897435897,3.85714313163,2.62936892303,10.3333305084
-3.75641025641,3.85714313744,2.62936891991,10.3333305309
-3.75384615385,3.85714314358,2.62936891666,10.3333305545
-3.75128205128,3.85714315008,2.62936891328,10.3333305794
-3.74871794872,3.85714315695,2.62936890976,10.3333306057
-3.74615384615,3.85714316419,2.62936890609,10.3333306333
-3.74358974359,3.85714317179,2.62936890227,10.3333306623
-3.74102564103,3.85714317972,2.62936889826,10.3333306926
-3.73846153846,3.85714318796,2.62936889407,10.3333307242
-3.7358974359,3.8571431965,2.62936888966,10.333330757
-3.73333333333,3.85714320533,2.62936888503,10.3333307911
-3.73076923077,3.85714321446,2.62936888016,10.3333308265
-3.72820512821,3.85714322393,2.62936887503,10.3333308634
-3.72564102564,3.85714323382,2.62936886963,10.333330902
-3.72307692308,3.85714324422,2.62936886395,10.3333309426
-3.72051282051,3.85714325524,2.62936885797,10.3333309854
-3.71794871795,3.85714326701,2.62936885171,10.333331031
-3.71538461538,3.85714327963,2.62936884515,10.3333310795
-3.71282051282,3.85714329317,2.62936883828,10.3333311311
-3.71025641026,3.85714330757,2.62936883111,10.3333311859
-3.70769230769,3.85714332261,2.62936882361,10.3333312431
-3.70512820513,3.85714333783,2.62936881574,10.3333313017
-3.70256410256,3.8571433524,2.62936880745,10.3333313594
-3.7,3.85714336499,2.62936879864,10.3333314129
-3.7,3.85714336499,2.62936879864,10.3333314129
-3.69743589744,3.85714338571,2.62936878955,10.3333314894
-3.69487179487,3.85714340484,2.62936877978,10.3333315625
-3.69230769231,3.85714342386,2.62936876946,10.3333316363
-3.68974358974,3.85714344364,2.62936875865,10.3333317133
-3.68717948718,3.85714346462,2.62936874737,10.3333317946
-3.68461538462,3.85714348697,2.62936873559,10.3333318808
-3.68205128205,3.85714351071,2.62936872329,10.3333319721
-3.67948717949,3.85714353577,2.6293687104,10.3333320683
-3.67692307692,3.85714356208,2.62936869687,10.3333321693
-3.67435897436,3.85714358959,2.62936868265,10.3333322751
-3.67179487179,3.85714361829,2.62936866769,10.3333323857
-3.66923076923,3.85714364822,2.62936865195,10.3333325012
-3.66666666667,3.85714367946,2.62936863539,10.3333326221
-3.6641025641,3.85714371216,2.62936861798,10.3333327487
-3.66153846154,3.85714374645,2.62936859967,10.3333328816
-3.65897435897,3.85714378251,2.62936858044,10.3333330212
-3.65641025641,3.8571438205,2.62936856025,10.3333331682
-3.65384615385,3.85714386058,2.62936853905,10.3333333231
-3.65128205128,3.85714390287,2.6293685168,10.3333334863
-3.64871794872,3.85714394748,2.62936849345,10.3333336583
-3.64615384615,3.85714399449,2.62936846892,10.3333338395
-3.64358974359,3.85714404396,2.62936844316,10.33333403
-3.64102564103,3.85714409594,2.62936841608,10.3333342304
-3.63846153846,3.85714415047,2.62936838759,10.3333344407
-3.6358974359,3.85714420761,2.62936835761,10.3333346614
-3.63333333333,3.85714426747,2.62936832604,10.333334893
-3.63076923077,3.85714433019,2.62936829279,10.333335136
-3.62820512821,3.85714439598,2.62936825776,10.3333353911
-3.62564102564,3.85714446509,2.62936822086,10.3333356593
-3.62307692308,3.85714453786,2.62936818198,10.3333359417
-3.62051282051,3.85714461469,2.62936814105,10.3333362395
-3.61794871795,3.85714469598,2.62936809798,10.3333365541
-3.61538461538,3.85714478211,2.62936805267,10.3333368868
-3.61282051282,3.85714487336,2.62936800503,10.3333372385
-3.61025641026,3.85714496981,2.62936795494,10.3333376098
-3.60769230769,3.8571450712,2.62936790226,10.3333380002
-3.60512820513,3.85714517674,2.62936784683,10.3333384081
-3.60256410256,3.85714528493,2.62936778842,10.3333388297
-3.6,3.85714539323,2.6293677267,10.3333392588
-3.6,3.85714539323,2.6293677267,10.3333392588
-3.59743589744,3.85714552271,2.62936766205,10.3333397524
-3.59487179487,3.85714565364,2.62936759349,10.3333402575
-3.59230769231,3.85714578933,2.62936752117,10.3333407834
-3.58974358974,3.85714593183,2.62936744506,10.3333413359
-3.58717948718,3.85714608234,2.62936736505,10.333341919
-3.58461538462,3.85714624152,2.62936728093,10.3333425348
-3.58205128205,3.85714640971,2.62936719245,10.3333431848
-3.57948717949,3.85714658713,2.62936709933,10.3333438702
-3.57692307692,3.85714677399,2.62936700126,10.3333445921
-3.57435897436,3.85714697057,2.62936689793,10.3333453518
-3.57179487179,3.85714717724,2.62936678903,10.3333461512
-3.56923076923,3.85714739452,2.62936667424,10.333346992
-3.56666666667,3.85714762305,2.62936655324,10.3333478769
-3.5641025641,3.85714786356,2.6293664257,10.3333488086
-3.56153846154,3.85714811688,2.62936629129,10.33334979
-3.55897435897,3.85714838389,2.62936614965,10.3333508243
-3.55641025641,3.8571486655,2.62936600039,10.333351915
-3.55384615385,3.85714896261,2.62936584313,10.3333530653
-3.55128205128,3.85714927614,2.62936567741,10.3333542788
-3.54871794872,3.85714960696,2.62936550278,10.3333555589
-3.54615384615,3.85714995596,2.62936531872,10.3333569092
-3.54358974359,3.85715032402,2.62936512469,10.3333583331
-3.54102564103,3.85715071201,2.6293649201,10.3333598344
-3.53846153846,3.8571511209,2.62936470434,10.3333614171
-3.5358974359,3.85715155171,2.62936447673,10.3333630852
-3.53333333333,3.85715200558,2.62936423658,10.3333648435
-3.53076923077,3.85715248383,2.62936398315,10.333366697
-3.52820512821,3.85715298794,2.62936371567,10.3333686514
-3.52564102564,3.8571535196,2.62936343335,10.3333707131
-3.52307692308,3.85715408069,2.62936313536,10.333372889
-3.52051282051,3.85715467331,2.62936282082,10.3333751867
-3.51794871795,3.85715529963,2.62936248882,10.3333776141
-3.51538461538,3.85715596189,2.62936213842,10.3333801796
-3.51282051282,3.85715666219,2.6293617686,10.333382891
-3.51025641026,3.85715740233,2.62936137826,10.3333857559
-3.50769230769,3.85715818349,2.6293609662,10.3333887801
-3.50512820513,3.85715900594,2.6293605311,10.3333919672
-3.50256410256,3.85715986852,2.62936007145,10.3333953174
-3.5,3.85716076813,2.62935958553,10.3333988257
-3.5,3.85716076813,2.62935958553,10.3333988257
-3.49743589744,3.85716174961,2.62935907291,10.3334026164
-3.49487179487,3.85716277561,2.62935853023,10.3334065918
-3.49230769231,3.85716385531,2.6293579565,10.3334107805
-3.48974358974,3.85716499549,2.62935735028,10.3334152047
-3.48717948718,3.85716620137,2.62935670983,10.333419883
-3.48461538462,3.85716747727,2.62935603315,10.3334248315
-3.48205128205,3.85716882707,2.62935531803,10.3334300656
-3.47948717949,3.85717025459,2.62935456207,10.3334356008
-3.47692307692,3.85717176386,2.62935376274,10.3334414537
-3.47435897436,3.85717335929,2.62935291736,10.3334476418
-3.47179487179,3.85717504574,2.62935202309,10.3334541845
-3.46923076923,3.85717682863,2.62935107697,10.3334611029
-3.46666666667,3.85717871388,2.62935007586,10.3334684202
-3.4641025641,3.85718070794,2.62934901646,10.333476161
-3.46153846154,3.85718281774,2.62934789527,10.333484352
-3.45897435897,3.85718505068,2.62934670857,10.3334930216
-3.45641025641,3.85718741456,2.62934545242,10.3335021997
-3.45384615385,3.85718991757,2.62934412259,10.333511918
-3.45128205128,3.85719256833,2.6293427146,10.3335222099
-3.44871794872,3.85719537584,2.62934122364,10.3335331104
-3.44615384615,3.85719834953,2.62933964459,10.3335446566
-3.44358974359,3.85720149936,2.62933797198,10.3335568877
-3.44102564103,3.85720483584,2.62933619996,10.3335698449
-3.43846153846,3.85720837018,2.62933432231,10.3335835724
-3.4358974359,3.85721211433,2.62933233241,10.3335981173
-3.43333333333,3.85721608116,2.62933022319,10.3336135301
-3.43076923077,3.85722028454,2.62932798717,10.3336298648
-3.42820512821,3.85722473946,2.62932561638,10.3336471796
-3.42564102564,3.8572294621,2.62932310239,10.3336655372
-3.42307692308,3.85723446991,2.62932043622,10.3336850048
-3.42051282051,3.8572397816,2.62931760837,10.3337056541
-3.41794871795,3.85724541707,2.62931460871,10.3337275618
-3.41538461538,3.85725139731,2.62931142653,10.3337508086
-3.41282051282,3.85725774417,2.62930805036,10.3337754794
-3.41025641026,3.85726448,2.62930446799,10.333801662
-3.40769230769,3.85727162714,2.62930066637,10.3338294461
-3.40512820513,3.85727920734,2.62929663146,10.3338589219
-3.40256410256,3.85728724087,2.62929234817,10.3338901774
-3.4,3.8572957455,2.62928780016,10.3339232968
-3.4,3.8572957455,2.62928780016,10.3339232968
-3.39743589744,3.85730483666,2.62928297289,10.3339586289
-3.39487179487,3.85731446794,2.62927784444,10.3339960884
-3.39230769231,3.85732468688,2.62927239729,10.3340358457
-3.38974358974,3.85733553812,2.62926661208,10.3340780666
-3.38717948718,3.85734706521,2.62926046764,10.334122917
-3.38461538462,3.857359312,2.62925394114,10.3341705668
-3.38205128205,3.85737232383,2.62924700807,10.3342211932
-3.37948717949,3.8573861484,2.62923964226,10.3342749833
-3.37692307692,3.85740083639,2.62923181583,10.3343321361
-3.37435897436,3.85741644205,2.62922349915,10.334392864
-3.37179487179,3.85743302348,2.62921466073,10.3344573942
-3.36923076923,3.857450643,2.62920526714,10.3345259695
-3.36666666667,3.85746936726,2.62919528288,10.3345988495
-3.3641025641,3.85748926749,2.62918467023,10.3346763109
-3.36153846154,3.85751041958,2.62917338913,10.3347586482
-3.35897435897,3.85753290426,2.62916139697,10.3348461751
-3.35641025641,3.85755680728,2.62914864848,10.3349392246
-3.35384615385,3.8575822196,2.6291350955,10.3350381501
-3.35128205128,3.85760923763,2.62912068684,10.3351433267
-3.34871794872,3.85763796357,2.62910536804,10.3352551523
-3.34615384615,3.85766850575,2.62908908121,10.3353740488
-3.34358974359,3.85770097906,2.62907176481,10.3355004641
-3.34102564103,3.85773550544,2.62905335345,10.3356348736
-3.33846153846,3.85777221439,2.62903377765,10.3357777821
-3.3358974359,3.85781124357,2.62901296364,10.3359297262
-3.33333333333,3.85785273942,2.62899083309,10.336091276
-3.33076923077,3.85789685775,2.6289673029,10.3362630379
-3.32820512821,3.85794376441,2.62894228493,10.3364456564
-3.32564102564,3.85799363587,2.6289156857,10.3366398168
-3.32307692308,3.85804665981,2.62888740613,10.3368462471
-3.32051282051,3.85810303556,2.62885734122,10.3370657203
-3.31794871795,3.85816297454,2.62882537968,10.3372990558
-3.31538461538,3.85822670046,2.62879140364,10.3375471212
-3.31282051282,3.8582944494,2.62875528816,10.3378108331
-3.31025641026,3.85836646969,2.62871690088,10.3380911577
-3.30769230769,3.85844302144,2.62867610152,10.3383891104
-3.30512820513,3.85852437588,2.62863274136,10.3387057553
-3.30256410256,3.85861081426,2.6285866627,10.3390422027
-3.3,3.85870262636,2.62853769821,10.3393996069
-3.3,3.85870262636,2.62853769821,10.3393996069
-3.29743589744,3.85880032253,2.62848567277,10.3397797364
-3.29487179487,3.85890407453,2.62843040386,10.3401834574
-3.29230769231,3.8590142763,2.62837169629,10.3406122734
-3.28974358974,3.8591313339,2.62830934289,10.3410677451
-3.28717948718,3.85925566909,2.62824312439,10.3415515009
-3.28461538462,3.85938772248,2.62817280917,10.3420652467
-3.28205128205,3.85952795617,2.6280981529,10.3426107737
-3.27948717949,3.85967685604,2.62801889808,10.3431899664
-3.27692307692,3.85983493383,2.6279347736,10.3438048095
-3.27435897436,3.86000272884,2.6278454941,10.3444573936
-3.27179487179,3.86018080954,2.6277507594,10.3451499214
-3.26923076923,3.86036977501,2.6276502538,10.3458847129
-3.26666666667,3.86057025625,2.62754364543,10.3466642103
-3.2641025641,3.86078291748,2.62743058551,10.3474909834
-3.26153846154,3.86100845733,2.62731070765,10.3483677342
-3.25897435897,3.86124761007,2.62718362711,10.3492973018
-3.25641025641,3.86150114682,2.6270489401,10.3502826671
-3.25384615385,3.86176987678,2.62690622307,10.3513269575
-3.25128205128,3.8620546485,2.62675503206,10.3524334522
-3.24871794872,3.86235635113,2.62659490201,10.3536055865
-3.24615384615,3.86267591573,2.62642534615,10.354846957
-3.24358974359,3.8630143166,2.62624585549,10.3561613262
-3.24102564103,3.86337257257,2.62605589824,10.3575526274
-3.23846153846,3.8637517483,2.62585491934,10.3590249689
-3.2358974359,3.8641529555,2.62564234009,10.3605826388
-3.23333333333,3.86457735408,2.62541755779,10.3622301084
-3.23076923077,3.8650261532,2.62517994542,10.3639720362
-3.22820512821,3.86550061214,2.62492885148,10.3658132705
-3.22564102564,3.86600204093,2.62466359982,10.3677588517
-3.22307692308,3.86653180079,2.6243834896,10.3698140138
-3.22051282051,3.86709130415,2.62408779527,10.3719841843
-3.21794871795,3.86768201439,2.6237757667,10.3742749836
-3.21538461538,3.86830544502,2.62344662932,10.3766922226
-3.21282051282,3.86896315836,2.62309958436,10.3792418984
-3.21025641026,3.86965676363,2.62273380924,10.3819301887
-3.20769230769,3.87038791431,2.6223484579,10.3847634436
-3.20512820513,3.87115830469,2.62194266132,10.3877481751
-3.20256410256,3.87196966551,2.62151552809,10.3908910442
-3.2,3.87282375868,2.62106614499,10.3941988446
-3.2,3.87282375868,2.62106614499,10.3941988446
-3.19743589744,3.87372265666,2.62059362313,10.3976792284
-3.19487179487,3.87466808367,2.62009691973,10.4013390646
-3.19230769231,3.87566201664,2.61957509545,10.4051857945
-3.18974358974,3.87670642356,2.61902719794,10.4092268674
-3.18717948718,3.87780327317,2.61845226413,10.4134697606
-3.18461538462,3.87895454057,2.61784932308,10.4179219877
-3.18205128205,3.88016220924,2.61721739953,10.4225910956
-3.17948717949,3.88142826982,2.61655551798,10.4274846523
-3.17692307692,3.88275471605,2.61586270733,10.4326102257
-3.17435897436,3.88414353817,2.61513800612,10.4379753541
-3.17179487179,3.88559671405,2.61438046818,10.4435875102
-3.16923076923,3.8871161985,2.61358916885,10.4494540592
-3.16666666667,3.88870391092,2.6127632116,10.4555822104
-3.1641025641,3.8903617216,2.61190173504,10.4619789657
-3.16153846154,3.89209143689,2.61100392034,10.4686510634
-3.15897435897,3.8938947835,2.61006899892,10.4756049189
-3.15641025641,3.89577339218,2.60909626046,10.4828465634
-3.15384615385,3.89772878084,2.6080850611,10.4903815799
-3.15128205128,3.89976233742,2.60703483178,10.4982150389
-3.14871794872,3.90187530255,2.60594508682,10.5063514328
-3.14615384615,3.90406875229,2.60481543237,10.5147946093
-3.14358974359,3.90634358083,2.60364557504,10.5235477064
-3.14102564103,3.90870048348,2.60243533034,10.5326130868
-3.13846153846,3.91113993993,2.60118463102,10.5419922733
-3.1358974359,3.91366219778,2.59989353528,10.5516858862
-3.13333333333,3.91626725648,2.59856223464,10.561693581
-3.13076923077,3.91895485166,2.59719106147,10.5720139888
-3.12820512821,3.92172443985,2.59578049619,10.5826446577
-3.12564102564,3.9245751836,2.59433117396,10.5935819971
-3.12307692308,3.92750593691,2.59284389076,10.6048212235
-3.12051282051,3.93051523099,2.59131960895,10.6163563084
-3.11794871795,3.9336012602,2.58975946206,10.6281799287
-3.11538461538,3.93676186816,2.58816475882,10.640283419
-3.11282051282,3.93999453389,2.58653698634,10.652656726
-3.11025641026,3.94329635775,2.58487781238,10.6652883646
-3.10769230769,3.94666404727,2.58318908653,10.6781653757
-3.10512820513,3.95009390246,2.58147284045,10.6912732857
-3.10256410256,3.9535818005,2.57973128676,10.7045960668
-3.1,3.95712317975,2.5779668168,10.7181160984
-3.1,3.95712317975,2.5779668168,10.7181160984
-3.09743589744,3.96071446585,2.57618180067,10.7318182947
-3.09487179487,3.96434933679,2.5743791542,10.7456793324
-3.09230769231,3.96802265862,2.57256159288,10.7596792232
-3.08974358974,3.97172893553,2.57073198329,10.7737966624
-3.08717948718,3.97546234722,2.56889332368,10.788009168
-3.08461538462,3.97921678877,2.56704872339,10.8022932316
-3.08205128205,3.98298591267,2.56520138147,10.8166244761
-3.07948717949,3.98676317226,2.56335456479,10.8309778202
-3.07692307692,3.99054186619,2.56151158592,10.8453276462
-3.07435897436,3.99431518336,2.55967578102,10.8596479702
-3.07179487179,3.99807624797,2.55785048803,10.8739126124
-3.06923076923,4.00181816415,2.55603902526,10.8880953652
-3.06666666667,4.00553405983,2.55424467077,10.9021701596
-3.0641025641,4.00921712952,2.55247064249,10.9161112254
-3.06153846154,4.01286067556,2.55072007938,10.9298932472
-3.05897435897,4.01645814762,2.54899602373,10.9434915119
-3.05641025641,4.0200031801,2.54730140472,10.9568820492
-3.05384615385,4.02348962722,2.5456390233,10.9700417622
-3.05128205128,4.02691159553,2.54401153847,10.9829485484
-3.04871794872,4.03026347368,2.54242145516,10.9955814103
-3.04615384615,4.03353995925,2.54087111354,11.0079205537
-3.04358974359,4.03673608244,2.53936267995,11.019947475
-3.04102564103,4.03984722671,2.53789813945,11.0316450361
-3.03846153846,4.0428691459,2.53647928998,11.0429975259
-3.0358974359,4.04579797825,2.53510773805,11.0539907102
-3.03333333333,4.04863025684,2.53378489616,11.0646118676
-3.03076923077,4.05136291669,2.53251198167,11.074849813
-3.02820512821,4.05399329858,2.53129001726,11.0846949084
-3.02564102564,4.05651914938,2.53011983287,11.0941390609
-3.02307692308,4.05893861927,2.52900206909,11.103175708
-3.02051282051,4.06125025576,2.52793718192,11.1117997919
-3.01794871795,4.0634529947,2.5269254488,11.1200077217
-3.01538461538,4.06554614845,2.52596697592,11.1277973252
-3.01282051282,4.06752939138,2.52506170662,11.1351677905
-3.01025641026,4.06940274293,2.5242094308,11.1421195985
-3.00769230769,4.07116654848,2.52340979533,11.1486544467
-3.00512820513,4.07282145826,2.52266231515,11.1547751667
-3.00256410256,4.07436840464,2.52196638514,11.1604856342
-3,4.07580857815,2.52132129245,11.1657906753
-3,4.07580857815,2.52132129245,11.1657906753
-2.99743589744,4.07714338115,2.52072624043,11.1706959181
-2.99487179487,4.07837435766,2.52018034579,11.1752075852
-2.99230769231,4.07950334835,2.51968261417,11.1793329452
-2.98974358974,4.08053237339,2.51923197923,11.1830799243
-2.98717948718,4.08146360939,2.51882731275,11.1864570202
-2.98461538462,4.08229936794,2.51846743392,11.1894732231
-2.98205128205,4.08304207578,2.51815111808,11.192137941
-2.97948717949,4.08369425622,2.51787710466,11.1944609311
-2.97692307692,4.08425851212,2.5176441046,11.1964522362
-2.97435897436,4.08473751005,2.51745080717,11.1981221254
-2.97179487179,4.08513396574,2.51729588619,11.19948104
-2.96923076923,4.08545063067,2.51717800581,11.2005395434
-2.96666666667,4.08569027982,2.51709582571,11.2013082751
-2.9641025641,4.0858557004,2.51704800589,11.201797909
-2.96153846154,4.08594968163,2.51703321095,11.2020191149
-2.95897435897,4.08597500546,2.51705011406,11.2019825242
-2.95641025641,4.08593443813,2.5170974004,11.2016986984
-2.95384615385,4.08583072265,2.51717377026,11.2011781009
-2.95128205128,4.08566657203,2.51727794188,11.2004310724
-2.94871794872,4.08544466328,2.51740865377,11.1994678086
-2.94615384615,4.08516763212,2.51756466685,11.1982983406
-2.94358974359,4.08483806842,2.51774476622,11.1969325185
-2.94102564103,4.08445851219,2.51794776266,11.1953799966
-2.93846153846,4.08403145031,2.5181724938,11.1936502222
-2.9358974359,4.08355931376,2.51841782513,11.1917524253
-2.93333333333,4.08304447545,2.51868265065,11.1896956111
-2.93076923077,4.08248924858,2.51896589336,11.187488555
-2.92820512821,4.08189588553,2.51926650547,11.1851397983
-2.92564102564,4.08126657727,2.51958346846,11.1826576472
-2.92307692308,4.08060345321,2.51991579288,11.1800501722
-2.92051282051,4.07990858158,2.520262518,11.1773252105
-2.91794871795,4.07918397027,2.52062271125,11.1744903691
-2.91538461538,4.0784315681,2.52099546751,11.1715530301
-2.91282051282,4.0776532666,2.52137990824,11.168520357
-2.91025641026,4.07685090221,2.52177518041,11.1653993032
-2.90769230769,4.07602625896,2.52218045536,11.1621966214
-2.90512820513,4.07518107159,2.52259492748,11.1589188745
-2.90256410256,4.07431702922,2.52301781275,11.1555724487
-2.9,4.07343577941,2.52344834716,11.1521635669
-2.9,4.07343577941,2.52344834716,11.1521635669
-2.89743589744,4.07253886723,2.52388581593,11.1486980665
-2.89487179487,4.07162781165,2.52432950912,11.1451817001
-2.89230769231,4.07070409166,2.52477873845,11.1416200584
-2.88974358974,4.06976914072,2.52523283629,11.138018559
-2.88717948718,4.06882434861,2.52569115487,11.1343824539
-2.88461538462,4.0678710632,2.52615306539,11.1307168361
-2.88205128205,4.06691059211,2.52661795724,11.127026646
-2.87948717949,4.06594420449,2.52708523719,11.123316678
-2.87692307692,4.06497313255,2.52755432861,11.1195915866
-2.87435897436,4.06399857326,2.52802467077,11.1158558926
-2.87179487179,4.06302168978,2.52849571813,11.1121139886
-2.86923076923,4.06204361305,2.52896693962,11.108370145
-2.86666666667,4.06106544314,2.52943781802,11.1046285153
-2.8641025641,4.06008825066,2.52990784936,11.1008931413
-2.86153846154,4.05911307808,2.53037654226,11.0971679577
-2.85897435897,4.058140941,2.53084341744,11.0934567975
-2.85641025641,4.05717282929,2.53130800714,11.0897633961
-2.85384615385,4.05620970828,2.53176985463,11.0860913955
-2.85128205128,4.05525251981,2.53222851377,11.0824443485
-2.84871794872,4.05430218321,2.53268354851,11.0788257224
-2.84615384615,4.05335959629,2.53313453255,11.0752389024
-2.84358974359,4.05242563613,2.5335810489,11.0716871952
-2.84102564103,4.05150115997,2.53402268961,11.0681738314
-2.83846153846,4.05058700588,2.5344590554,11.0647019689
-2.8358974359,4.04968399346,2.5348897554,11.061274695
-2.83333333333,4.04879292444,2.53531440692,11.0578950284
-2.83076923077,4.04791458319,2.53573263523,11.0545659219
-2.82820512821,4.04704973719,2.53614407338,11.0512902633
-2.82564102564,4.04619913745,2.53654836204,11.0480708772
-2.82307692308,4.04536351881,2.53694514944,11.0449105264
-2.82051282051,4.04454360021,2.53733409121,11.0418119123
-2.81794871795,4.04374008492,2.53771485041,11.0387776761
-2.81538461538,4.04295366063,2.53808709748,11.035810399
-2.81282051282,4.04218499954,2.53845051024,11.0329126022
-2.81025641026,4.04143475837,2.53880477398,11.0300867473
-2.80769230769,4.04070357831,2.53914958153,11.0273352357
-2.80512820513,4.03999208494,2.53948463336,11.0246604081
-2.80256410256,4.03930088799,2.53980963772,11.0220645439
-2.8,4.03863058119,2.54012431084,11.0195498603
-2.8,4.03863058119,2.54012431084,11.0195498603
-2.79743589744,4.03798173362,2.54042837887,11.017118488
-2.79487179487,4.03735491792,2.54072156909,11.0147725544
-2.79230769231,4.03675067602,2.54100362408,11.0125140744
-2.78974358974,4.03616953166,2.54127429508,11.0103449933
-2.78717948718,4.03561199014,2.54153334228,11.0082671856
-2.78461538462,4.03507853788,2.54178053521,11.0062824526
-2.78205128205,4.03456964188,2.54201565312,11.0043925204
-2.77948717949,4.03408574906,2.54223848541,11.0025990371
-2.77692307692,4.03362728554,2.54244883201,11.00090357
-2.77435897436,4.03319465583,2.54264650393,10.9993076022
-2.77179487179,4.03278824192,2.54283132364,10.9978125294
-2.76923076923,4.0324084024,2.5430031256,10.9964196562
-2.76666666667,4.03205547144,2.54316175675,10.9951301927
-2.7641025641,4.03172975779,2.543307077,10.9939452501
-2.76153846154,4.03143154378,2.54343895976,10.9928658375
-2.75897435897,4.03116108426,2.5435572924,10.9918928574
-2.75641025641,4.03091860556,2.54366197682,10.9910271023
-2.75384615385,4.03070430441,2.54375292989,10.9902692505
-2.75128205128,4.03051834699,2.54383008399,10.9896198621
-2.74871794872,4.03036086782,2.54389338748,10.9890793756
-2.74615384615,4.03023196884,2.54394280519,10.9886481037
-2.74358974359,4.0301317184,2.54397831885,10.9883262303
-2.74102564103,4.03006015037,2.54399992758,10.9881138063
-2.73846153846,4.0300172632,2.54400764826,10.9880107468
-2.7358974359,4.0300030191,2.544001516,10.9880168277
-2.73333333333,4.03001734321,2.54398158447,10.9881316826
-2.73076923077,4.03006012284,2.54394792627,10.9883548001
-2.72820512821,4.03013120675,2.54390063328,10.9886855212
-2.72564102564,4.03023040448,2.54383981692,10.9891230365
-2.72307692308,4.03035748574,2.54376560844,10.9896663843
-2.72051282051,4.03051217977,2.54367815913,10.9903144484
-2.71794871795,4.03069417491,2.54357764054,10.9910659562
-2.71538461538,4.03090311802,2.54346424463,10.9919194772
-2.71282051282,4.03113861408,2.54333818385,10.9928734216
-2.71025641026,4.03140022579,2.54319969127,10.9939260389
-2.70769230769,4.03168747318,2.54304902057,10.9950754168
-2.70512820513,4.03199983327,2.54288644605,10.9963194808
-2.70256410256,4.03233673979,2.54271226256,10.9976559933
-2.7,4.03269758285,2.54252678538,10.999082553
-2.7,4.03269758285,2.54252678538,10.999082553
-2.69743589744,4.03308174411,2.5423303427,11.0005967003
-2.69487179487,4.03348850564,2.54212329749,11.0021956445
-2.69230769231,4.03391714473,2.5419060192,11.0038765575
-2.68974358974,4.03436690003,2.54167889603,11.0056364649
-2.68717948718,4.03483697218,2.54144233435,11.0074722487
-2.68461538462,4.03532652474,2.54119675808,11.0093806521
-2.68205128205,4.0358346854,2.54094260785,11.0113582837
-2.67948717949,4.03636054733,2.54068034023,11.0134016236
-2.67692307692,4.03690317079,2.54041042677,11.01550703
-2.67435897436,4.03746158491,2.54013335304,11.0176707457
-2.67179487179,4.03803478961,2.53984961763,11.019888906
-2.66923076923,4.03862175768,2.53955973106,11.0221575466
-2.66666666667,4.03922143695,2.53926421464,11.0244726121
-2.6641025641,4.03983275261,2.53896359936,11.0268299648
-2.66153846154,4.04045460954,2.53865842466,11.0292253937
-2.65897435897,4.04108589481,2.53834923723,11.0316546241
-2.65641025641,4.04172548014,2.5380365898,11.0341133269
-2.65384615385,4.04237222447,2.53772103988,11.0365971284
-2.65128205128,4.04302497649,2.53740314849,11.0391016202
-2.64871794872,4.04368257728,2.53708347889,11.0416223689
-2.64615384615,4.04434386288,2.53676259538,11.0441549264
-2.64358974359,4.04500766687,2.53644106195,11.046694839
-2.64102564103,4.04567282298,2.53611944111,11.0492376581
-2.63846153846,4.04633816763,2.53579829261,11.0517789497
-2.6358974359,4.04700254248,2.53547817223,11.0543143035
-2.63333333333,4.04766479695,2.53515963056,11.0568393435
-2.63076923077,4.04832379066,2.53484321186,11.0593497364
-2.62820512821,4.04897839588,2.53452945286,11.0618412016
-2.62564102564,4.04962749992,2.53421888169,11.0643095195
-2.62307692308,4.05027000751,2.53391201672,11.0667505413
-2.62051282051,4.05090484304,2.53360936558,11.0691601967
-2.61794871795,4.05153095289,2.53331142408,11.0715345031
-2.61538461538,4.05214730761,2.53301867525,11.0738695732
-2.61282051282,4.05275290413,2.53273158841,11.0761616237
-2.61025641026,4.05334676789,2.53245061826,11.0784069825
-2.60769230769,4.05392795498,2.53217620405,11.0806020967
-2.60512820513,4.0544955542,2.53190876874,11.0827435399
-2.60256410256,4.05504868918,2.53164871829,11.0848280193
-2.6,4.05558652042,2.5313964409,11.086852383
-2.6,4.05558652042,2.5313964409,11.086852383
-2.59743589744,4.05610821012,2.53115231607,11.0888135097
-2.59487179487,4.05661300499,2.53091669268,11.0907085677
-2.59230769231,4.05710016229,2.53068990992,11.0925347828
-2.58974358974,4.05756897695,2.53047228836,11.0942895262
-2.58717948718,4.05801878212,2.53026412988,11.0959703162
-2.58461538462,4.05844894958,2.53006571759,11.0975748192
-2.58205128205,4.0588588899,2.52987731588,11.0991008502
-2.57948717949,4.05924805247,2.52969917049,11.1005463726
-2.57692307692,4.05961592543,2.52953150868,11.1019094977
-2.57435897436,4.05996203541,2.52937453941,11.1031884833
-2.57179487179,4.06028594714,2.52922845358,11.1043817324
-2.56923076923,4.06058726302,2.52909342434,11.1054877913
-2.56666666667,4.06086562248,2.52896960739,11.1065053471
-2.5641025641,4.0611207014,2.52885714138,11.107433225
-2.56153846154,4.06135221126,2.52875614827,11.1082703854
-2.55897435897,4.06155989842,2.52866673377,11.1090159209
-2.55641025641,4.06174354315,2.52858898783,11.1096690527
-2.55384615385,4.06190295877,2.52852298505,11.1102291268
-2.55128205128,4.06203799061,2.52846878521,11.1106956106
-2.54871794872,4.06214851504,2.52842643381,11.1110680882
-2.54615384615,4.06223443833,2.52839596256,11.1113462573
-2.54358974359,4.06229569563,2.52837738992,11.1115299239
-2.54102564103,4.06233224984,2.52837072169,11.1116189988
-2.53846153846,4.06234409043,2.52837595155,11.1116134929
-2.5358974359,4.06233123234,2.52839306162,11.1115135125
-2.53333333333,4.06229371478,2.52842202304,11.1113192551
-2.53076923077,4.06223160006,2.52846279655,11.1110310049
-2.52820512821,4.06214497236,2.52851533308,11.1106491278
-2.52564102564,4.0620339366,2.52857957429,11.1101740673
-2.52307692308,4.06189861717,2.5286554532,11.1096063393
-2.52051282051,4.06173915671,2.52874289474,11.108946528
-2.51794871795,4.06155571493,2.5288418163,11.1081952809
-2.51538461538,4.0613484673,2.52895212835,11.1073533042
-2.51282051282,4.06111760385,2.529073735,11.1064213581
-2.51025641026,4.06086332788,2.52920653452,11.105400252
-2.50769230769,4.06058585465,2.52935041994,11.1042908399
-2.50512820513,4.06028541012,2.52950527959,11.1030940154
-2.50256410256,4.05996222954,2.52967099769,11.1018107072
-2.5,4.05961655615,2.5298474548,11.1004418736
-2.5,4.05961655615,2.5298474548,11.1004418736
-2.49743589744,4.05924865552,2.53003452408,11.0989885495
-2.49487179487,4.05885878446,2.53023207939,11.0974517452
-2.49230769231,4.05844721375,2.53043999023,11.0958325185
-2.48974358974,4.05801421998,2.53065812371,11.0941319484
-2.48717948718,4.05756008478,2.53088634487,11.0923511317
-2.48461538462,4.05708509407,2.53112451702,11.0904911808
-2.48205128205,4.05658953744,2.53137250208,11.0885532211
-2.47948717949,4.05607370746,2.53163016085,11.0865383883
-2.47692307692,4.05553789908,2.53189735327,11.0844478265
-2.47435897436,4.05498240909,2.53217393872,11.0822826859
-2.47179487179,4.05440753555,2.53245977622,11.0800441204
-2.46923076923,4.0538135773,2.53275472467,11.0777332866
-2.46666666667,4.05320083347,2.53305864306,11.075351341
-2.4641025641,4.05256960307,2.53337139066,11.0728994392
-2.46153846154,4.05192018453,2.53369282721,11.0703787339
-2.45897435897,4.05125287536,2.53402281307,11.0677903735
-2.45641025641,4.05056797177,2.53436120939,11.065135501
-2.45384615385,4.04986576834,2.53470787826,11.0624152525
-2.45128205128,4.04914655774,2.53506268279,11.0596307562
-2.44871794872,4.04841063041,2.5354254873,11.0567831315
-2.44615384615,4.04765827436,2.53579615739,11.053873488
-2.44358974359,4.0468897749,2.53617456001,11.0509029242
-2.44102564103,4.04610541443,2.53656056364,11.0478725277
-2.43846153846,4.04530547228,2.53695403826,11.0447833734
-2.4358974359,4.04449022454,2.53735485549,11.0416365239
-2.43333333333,4.04365994388,2.53776288863,11.038433028
-2.43076923077,4.04281489946,2.53817801272,11.0351739213
-2.42820512821,4.04195535682,2.53860010457,11.0318602247
-2.42564102564,4.04108157774,2.53902904282,11.0284929451
-2.42307692308,4.04019382023,2.53946470792,11.0250730742
-2.42051282051,4.03929233842,2.53990698223,11.021601589
-2.41794871795,4.03837738252,2.54035574995,11.0180794513
-2.41538461538,4.03744919881,2.54081089717,11.0145076077
-2.41282051282,4.03650802959,2.54127231187,11.0108869894
-2.41025641026,4.03555411318,2.54173988388,11.0072185124
-2.40769230769,4.03458768393,2.5422135049,11.0035030774
-2.40512820513,4.03360897221,2.54269306846,10.9997415698
-2.40256410256,4.03261820446,2.54317846986,10.99593486
-2.4,4.03161560319,2.54366960617,10.9920838035
-2.4,4.03161560319,2.54366960617,10.9920838035
-2.39743589744,4.03060139076,2.54416637716,10.9881892494
-2.39487179487,4.02957577716,2.54466868375,10.9842520098
-2.39230769231,4.02853897385,2.54517642886,10.9802728962
-2.38974358974,4.02749118816,2.54568951716,10.9762527051
-2.38717948718,4.02643262342,2.5462078551,10.9721922174
-2.38461538462,4.02536347908,2.54673135088,10.9680921994
-2.38205128205,4.02428395083,2.54725991442,10.9639534031
-2.37948717949,4.02319423062,2.54779345733,10.9597765662
-2.37692307692,4.02209450686,2.54833189292,10.9555624126
-2.37435897436,4.02098496436,2.54887513611,10.9513116528
-2.37179487179,4.01986578454,2.54942310345,10.9470249838
-2.36923076923,4.01873714536,2.5499757131,10.9427030897
-2.36666666667,4.01759922148,2.55053288473,10.9383466419
-2.3641025641,4.01645218428,2.55109453958,10.9339562991
-2.36153846154,4.01529620193,2.55166060035,10.9295327075
-2.35897435897,4.01413143944,2.55223099121,10.9250765017
-2.35641025641,4.01295805872,2.55280563776,10.9205883039
-2.35384615385,4.01177621864,2.553384467,10.916068725
-2.35128205128,4.0105860751,2.55396740727,10.9115183644
-2.34871794872,4.00938778109,2.55455438828,10.9069378104
-2.34615384615,4.00818148674,2.55514534102,10.9023276403
-2.34358974359,4.00696733941,2.55574019775,10.8976884209
-2.34102564103,4.00574548373,2.55633889199,10.8930207085
-2.33846153846,4.00451606169,2.55694135845,10.8883250491
-2.3358974359,4.00327921269,2.55754753304,10.8836019792
-2.33333333333,4.00203507363,2.55815735282,10.8788520252
-2.33076923077,4.00078377894,2.55877075599,10.8740757044
-2.32820512821,3.9995254607,2.55938768183,10.8692735248
-2.32564102564,3.99826024864,2.5600080707,10.8644459856
-2.32307692308,3.99698827024,2.56063186402,10.8595935771
-2.32051282051,3.99570965078,2.56125900422,10.8547167812
-2.31794871795,3.99442451333,2.56188943472,10.8498160715
-2.31538461538,3.99313297888,2.5625230999,10.8448919134
-2.31282051282,3.99183516628,2.5631599451,10.8399447643
-2.31025641026,3.99053119228,2.56379991653,10.8349750735
-2.30769230769,3.98922117155,2.56444296132,10.8299832825
-2.30512820513,3.98790521662,2.56508902742,10.824969825
-2.30256410256,3.98658343788,2.56573806361,10.8199351266
-2.3,3.98525594349,2.56639001945,10.814879605
-2.3,3.98525594349,2.56639001945,10.814879605
-2.29743589744,3.98392284966,2.56704484566,10.8098036975
-2.29487179487,3.98258425375,2.5677024931,10.8047077883
-2.29230769231,3.98124026113,2.56836291387,10.7995922814
-2.28974358974,3.97989097505,2.56902606078,10.7944575734
-2.28717948718,3.97853649675,2.56969188728,10.7893040536
-2.28461538462,3.97717692573,2.5703603475,10.7841321046
-2.28205128205,3.97581235984,2.57103139622,10.7789421032
-2.27948717949,3.97444289539,2.57170498887,10.77373442
-2.27692307692,3.97306862726,2.57238108152,10.7685094203
-2.27435897436,3.97168964897,2.57305963088,10.763267464
-2.27179487179,3.97030605271,2.57374059424,10.7580089058
-2.26923076923,3.9689179294,2.5744239295,10.7527340955
-2.26666666667,3.96752536874,2.57510959514,10.7474433782
-2.2641025641,3.96612845919,2.57579755018,10.7421370941
-2.26153846154,3.96472728803,2.57648775421,10.7368155787
-2.25897435897,3.96332194138,2.57718016733,10.7314791633
-2.25641025641,3.96191250419,2.57787475014,10.7261281742
-2.25384615385,3.96049906028,2.57857146376,10.7207629339
-2.25128205128,3.95908169238,2.57927026976,10.7153837603
-2.24871794872,3.95766048212,2.57997113018,10.7099909672
-2.24615384615,3.95623551008,2.58067400753,10.7045848643
-2.24358974359,3.95480685582,2.58137886474,10.6991657574
-2.24102564103,3.95337459792,2.58208566514,10.6937339486
-2.23846153846,3.95193881399,2.58279437252,10.688289736
-2.2358974359,3.95049958076,2.58350495102,10.6828334145
-2.23333333333,3.94905697405,2.58421736523,10.6773652753
-2.23076923077,3.9476110689,2.58493158005,10.6718856064
-2.22820512821,3.94616193949,2.58564756082,10.6663946928
-2.22564102564,3.94470965929,2.58636527318,10.6608928161
-2.22307692308,3.94325430097,2.58708468317,10.6553802552
-2.22051282051,3.94179593651,2.58780575714,10.6498572859
-2.21794871795,3.94033463712,2.58852846178,10.6443241812
-2.21538461538,3.93887047326,2.58925276409,10.638781211
-2.21282051282,3.93740351457,2.58997863138,10.6332286423
-2.21025641026,3.93593382985,2.59070603124,10.6276667389
-2.20769230769,3.93446148688,2.59143493153,10.6220957611
-2.20512820513,3.93298655239,2.59216530036,10.6165159655
-2.20256410256,3.93150909177,2.59289710607,10.6109276043
-2.2,3.93002916896,2.59363031717,10.6053309253
-2.2,3.93002916896,2.59363031717,10.6053309253
-2.19743589744,3.92854686772,2.59436490304,10.5997262289
-2.19487179487,3.92706223595,2.59510083209,10.5941137174
-2.19230769231,3.92557534087,2.59583807398,10.5884936451
-2.18974358974,3.92408624807,2.59657659847,10.5828662612
-2.18717948718,3.92259502187,2.59731637541,10.5772318109
-2.18461538462,3.92110172562,2.59805737481,10.5715905359
-2.18205128205,3.91960642191,2.59879956685,10.5659426756
-2.17948717949,3.91810917272,2.59954292186,10.5602884669
-2.17692307692,3.91661003958,2.60028741036,10.5546281448
-2.17435897436,3.91510908359,2.60103300303,10.5489619429
-2.17179487179,3.91360636555,2.60177967073,10.5432900931
-2.16923076923,3.91210194591,2.6025273845,10.5376128261
-2.16666666667,3.91059588485,2.60327611552,10.5319303713
-2.1641025641,3.90908824221,2.60402583513,10.5262429564
-2.16153846154,3.90757907755,2.60477651478,10.5205508084
-2.15897435897,3.90606845012,2.6055281261,10.5148541524
-2.15641025641,3.9045564188,2.60628064078,10.5091532126
-2.15384615385,3.90304304218,2.60703403065,10.5034482117
-2.15128205128,3.90152837849,2.60778826763,10.4977393711
-2.14871794872,3.90001248564,2.60854332372,10.492026911
-2.14615384615,3.89849542123,2.609299171,10.4863110503
-2.14358974359,3.89697724257,2.61005578162,10.4805920067
-2.14102564103,3.8954580067,2.61081312779,10.4748699972
-2.13846153846,3.89393777045,2.6115711818,10.4691452374
-2.1358974359,3.89241659046,2.61232991596,10.4634179424
-2.13333333333,3.89089452323,2.61308930267,10.4576883266
-2.13076923077,3.88937162517,2.61384931434,10.4519566037
-2.12820512821,3.8878479526,2.61460992346,10.4462229871
-2.12564102564,3.88632356185,2.61537110252,10.4404876897
-2.12307692308,3.88479850916,2.61613282407,10.4347509243
-2.12051282051,3.88327285079,2.61689506067,10.4290129033
-2.11794871795,3.8817466429,2.61765778492,10.4232738384
-2.11538461538,3.8802199415,2.6184209694,10.4175339412
-2.11282051282,3.87869280234,2.6191845867,10.4117934221
-2.11025641026,3.87716528076,2.61994860936,10.4060524903
-2.10769230769,3.87563743143,2.62071300989,10.4003113533
-2.10512820513,3.87410930808,2.6214777607,10.3945702157
-2.10256410256,3.87258096311,2.62224283409,10.3888292786
-2.1,3.87105244714,2.62300820217,10.3830887383
-2.1,3.87105244714,2.62300820217,10.3830887383
-2.09743589744,3.86952385164,2.6237738382,10.3773489011
-2.09487179487,3.86799519771,2.624539713,10.3716098827
-2.09230769231,3.86646654611,2.62530579935,10.3658719063
-2.08974358974,3.86493795547,2.62607206969,10.3601351894
-2.08717948718,3.86340948301,2.62683849619,10.3543999457
-2.08461538462,3.86188118509,2.62760505081,10.3486663867
-2.08205128205,3.86035311764,2.62837170532,10.3429347227
-2.07948717949,3.85882533645,2.62913843136,10.3372051636
-2.07692307692,3.85729789739,2.62990520045,10.3314779196
-2.07435897436,3.85577085658,2.63067198397,10.3257532018
-2.07179487179,3.85424427047,2.63143875321,10.3200312221
-2.06923076923,3.85271819586,2.6322054793,10.3143121935
-2.06666666667,3.85119268996,2.63297213326,10.3085963303
-2.0641025641,3.84966781032,2.63373868597,10.3028838476
-2.06153846154,3.84814361482,2.63450510811,10.297174962
-2.05897435897,3.84662016168,2.63527137023,10.2914698909
-2.05641025641,3.84509750935,2.63603744263,10.2857688528
-2.05384615385,3.84357571658,2.63680329544,10.2800720668
-2.05128205128,3.84205484233,2.63756889855,10.2743797534
-2.04871794872,3.84053494582,2.63833422159,10.2686921338
-2.04615384615,3.83901608654,2.63909923395,10.2630094302
-2.04358974359,3.83749832425,2.63986390475,10.257331866
-2.04102564103,3.83598171912,2.64062820284,10.2516596659
-2.03846153846,3.83446633169,2.64139209676,10.2459930563
-2.0358974359,3.83295222304,2.64215555479,10.240332265
-2.03333333333,3.83143945478,2.6429185449,10.2346775219
-2.03076923077,3.82992808919,2.64368103473,10.2290290593
-2.02820512821,3.82841818928,2.64444299166,10.2233871115
-2.02564102564,3.82690981882,2.6452043827,10.2177519156
-2.02307692308,3.82540304234,2.64596517457,10.2121237112
-2.02051282051,3.82389792516,2.64672533363,10.2065027407
-2.01794871795,3.82239453327,2.64748482588,10.2008892487
-2.01538461538,3.82089293323,2.64824361695,10.1952834819
-2.01282051282,3.81939319188,2.64900167204,10.1896856886
-2.01025641026,3.81789537607,2.64975895592,10.1840961179
-2.00769230769,3.81639955218,2.65051543284,10.1785150181
-2.00512820513,3.81490578556,2.65127106649,10.1729426359
-2.00256410256,3.81341413976,2.65202581995,10.1673792138
-2,3.8119246756,2.65277965555,10.1618249885
-2,3.8119246756,2.65277965555,10.1618249885
-1.99743589744,3.81043753505,2.65353253732,10.1562804139
-1.99487179487,3.80895272304,2.65428442417,10.1507455772
-1.99230769231,3.80747032293,2.65503527845,10.1452207771
-1.98974358974,3.8059904148,2.65578506144,10.1397063049
-1.98717948718,3.80451307685,2.65653373347,10.1342024478
-1.98461538462,3.80303838643,2.65728125399,10.1287094919
-1.98205128205,3.80156642093,2.65802758168,10.1232277245
-1.97948717949,3.8000972584,2.6587726745,10.1177574357
-1.97692307692,3.79863097797,2.65951648969,10.11229892
-1.97435897436,3.79716766016,2.66025898378,10.1068524765
-1.97179487179,3.79570738711,2.66100011263,10.1014184101
-1.96923076923,3.79425024263,2.66173983134,10.0959970314
-1.96666666667,3.79279631223,2.66247809427,10.0905886572
-1.9641025641,3.79134568318,2.66321485499,10.0851936103
-1.96153846154,3.7898984444,2.66395006622,10.0798122194
-1.95897435897,3.78845468644,2.66468367982,10.0744448193
-1.95641025641,3.78701450147,2.66541564672,10.0690917509
-1.95384615385,3.78557798322,2.66614591688,10.0637533607
-1.95128205128,3.78414522703,2.66687443924,10.0584300017
-1.94871794872,3.78271632982,2.6676011617,10.0531220329
-1.94615384615,3.78129139024,2.66832603103,10.0478298199
-1.94358974359,3.7798705087,2.66904899287,10.042553735
-1.94102564103,3.77845378755,2.66976999167,10.037294158
-1.93846153846,3.77704133124,2.67048897069,10.0320514763
-1.9358974359,3.77563324648,2.6712058719,10.026826086
-1.93333333333,3.77422964246,2.671920636,10.0216183917
-1.93076923077,3.77283063103,2.67263320237,10.016428808
-1.92820512821,3.7714363269,2.67334350901,10.0112577596
-1.92564102564,3.77004684773,2.67405149253,10.0061056817
-1.92307692308,3.76866231429,2.67475708808,10.0009730206
-1.92051282051,3.76728285043,2.6754602293,9.99586023378
-1.91794871795,3.76590858297,2.67616084828,9.99076778966
-1.91538461538,3.76453964153,2.67685887542,9.9856961673
-1.91282051282,3.76317615809,2.67755423942,9.98064585542
-1.91025641026,3.76181826647,2.6782468671,9.97561735114
-1.90769230769,3.76046610144,2.67893668332,9.9706111579
-1.90512820513,3.75911979773,2.67962361078,9.96562778287
-1.90256410256,3.75777948856,2.68030756989,9.96066773345
-1.9,3.75644530397,2.6809884785,9.95573151289
-1.9,3.75644530397,2.6809884785,9.95573151289
-1.89743589744,3.75511753354,2.68166625651,9.95082005314
-1.89487179487,3.75379620452,2.68234081216,9.94593359009
-1.89230769231,3.75248149782,2.68301205966,9.94107277461
-1.88974358974,3.75117359047,2.68367990971,9.93623825232
-1.88717948718,3.74987265842,2.6843442697,9.93143067116
-1.88461538462,3.74857887879,2.68500504389,9.92665068746
-1.88205128205,3.74729243159,2.68566213344,9.92189897082
-1.87948717949,3.74601350109,2.68631543649,9.91717620781
-1.87692307692,3.74474227684,2.68696484808,9.91248310496
-1.87435897436,3.74347895436,2.68761026015,9.9078203909
-1.87179487179,3.74222373567,2.6882515614,9.90318881794
-1.86923076923,3.74097682966,2.6888886372,9.89858916334
-1.86666666667,3.73973845225,2.68952136944,9.89402223015
-1.8641025641,3.7385088266,2.69014963636,9.88948884793
-1.86153846154,3.73728818315,2.69077331237,9.88498987339
-1.85897435897,3.73607675981,2.69139226789,9.88052619095
-1.85641025641,3.73487480197,2.69200636913,9.8760987135
-1.85384615385,3.73368256278,2.69261547787,9.87170838313
-1.85128205128,3.73250030327,2.69321945131,9.86735617218
-1.84871794872,3.73132829272,2.69381814181,9.86304308437
-1.84615384615,3.73016680898,2.69441139669,9.85877015626
-1.84358974359,3.72901613896,2.694999058,9.85453845884
-1.84102564103,3.72787657911,2.69558096235,9.85034909941
-1.83846153846,3.72674843609,2.69615694063,9.84620322365
-1.8358974359,3.72563202734,2.6967268178,9.84210201781
-1.83333333333,3.72452768183,2.69729041267,9.83804671105
-1.83076923077,3.7234357407,2.69784753766,9.83403857783
-1.82820512821,3.722356558,2.69839799851,9.83007894031
-1.82564102564,3.72129050125,2.69894159405,9.82616917053
-1.82307692308,3.72023795203,2.69947811588,9.82231069256
-1.82051282051,3.71919930637,2.70000734809,9.81850498414
-1.81794871795,3.71817497493,2.70052906689,9.814753578
-1.81538461538,3.71716538304,2.70104304027,9.81105806253
-1.81282051282,3.71617097029,2.70154902757,9.80742008169
-1.81025641026,3.71519218996,2.70204677907,9.80384133407
-1.80769230769,3.71422950777,2.70253603543,9.80032357075
-1.80512820513,3.71328340035,2.7030165272,9.79686859197
-1.80256410256,3.71235435299,2.70348797414,9.79347824225
-1.8,3.71144285672,2.7039500846,9.79015440378
-1.8,3.71144285672,2.7039500846,9.79015440378
-1.79743589744,3.71054973179,2.70440256044,9.78689985265
-1.79487179487,3.70967528244,2.70484508707,9.78371600918
-1.79230769231,3.70882013661,2.70527734285,9.7806051897
-1.78974358974,3.70798493053,2.70569899186,9.77756975843
-1.78717948718,3.70717031412,2.70610968404,9.7746121426
-1.78461538462,3.70637695538,2.70650905512,9.77173484519
-1.78205128205,3.70560554417,2.70689672644,9.76894045576
-1.77948717949,3.70485679515,2.70727230464,9.76623165955
-1.77692307692,3.7041314503,2.70763538128,9.76361124527
-1.77435897436,3.70343028088,2.70798553231,9.76108211173
-1.77179487179,3.70275408918,2.70832231758,9.75864727359
-1.76923076923,3.70210370982,2.70864528013,9.75630986643
-1.76666666667,3.70148001104,2.70895394565,9.75407315144
-1.7641025641,3.70088389572,2.70924782167,9.75194051966
-1.76153846154,3.7003163024,2.70952639695,9.74991549612
-1.75897435897,3.69977820628,2.70978914071,9.74800174396
-1.75641025641,3.6992706202,2.71003550196,9.7462030685
-1.75384615385,3.69879459568,2.71026490875,9.74452342146
-1.75128205128,3.69835122407,2.71047676754,9.74296690536
-1.74871794872,3.69794163768,2.71067046251,9.741537778
-1.74615384615,3.69756701108,2.71084535497,9.74024045716
-1.74358974359,3.69722856242,2.71100078279,9.73907952541
-1.74102564103,3.69692755482,2.71113605984,9.73805973497
-1.73846153846,3.69666529777,2.71125047558,9.73718601263
-1.7358974359,3.69644314855,2.71134329458,9.73646346444
-1.73333333333,3.69626251356,2.7114137562,9.73589738029
-1.73076923077,3.69612484955,2.71146107433,9.73549323802
-1.72820512821,3.69603166472,2.71148443711,9.73525670699
-1.72564102564,3.69598451952,2.71148300682,9.73519365085
-1.72307692308,3.69598502712,2.71145591977,9.73531012939
-1.72051282051,3.69603485355,2.71140228631,9.73561239903
-1.71794871795,3.69613571719,2.71132119085,9.73610691193
-1.71538461538,3.69628938775,2.71121169201,9.73680031319
-1.71282051282,3.69649768445,2.71107282277,9.7376994359
-1.71025641026,3.6967624733,2.7109035907,9.73881129382
-1.70769230769,3.69708566341,2.71070297832,9.74014307108
-1.70512820513,3.69746920217,2.71046994333,9.74170210869
-1.70256410256,3.697915069,2.71020341912,9.74349588738
-1.7,3.69842526776,2.70990231506,9.74553200631
-1.7,3.69842526776,2.70990231506,9.74553200631
-1.69743589744,3.69900233878,2.70956556121,9.74781951102
-1.69487179487,3.69964806911,2.70919194592,9.75036559354
-1.69230769231,3.70036475055,2.70878034307,9.75317871112
-1.68974358974,3.70115465842,2.70832961264,9.75626731453
-1.68717948718,3.7020200646,2.70783860294,9.75963987746
-1.68461538462,3.70296324615,2.70730615343,9.76330491301
-1.68205128205,3.70398648972,2.70673109812,9.7672709785
-1.67948717949,3.7050920925,2.70611226958,9.77154666955
-1.67692307692,3.70628235972,2.70544850358,9.77614060442
-1.67435897436,3.70755959934,2.70473864426,9.78106139956
-1.67179487179,3.70892611425,2.70398154993,9.78631763729
-1.66923076923,3.71038419208,2.70317609944,9.79191782642
-1.66666666667,3.71193609328,2.70232119903,9.79787035675
-1.6641025641,3.71358403743,2.70141578981,9.80418344804
-1.66153846154,3.71533018822,2.7004588556,9.8108650943
-1.65897435897,3.71717663732,2.69944943132,9.8179230041
-1.65641025641,3.71912538731,2.69838661174,9.82536453743
-1.65384615385,3.72117833389,2.69726956062,9.83319663985
-1.65128205128,3.72333724759,2.69609752008,9.84142577439
-1.64871794872,3.72560375505,2.69486982039,9.85005785165
-1.64615384615,3.72797932008,2.69358588977,9.85909815881
-1.64358974359,3.7304652246,2.69224526444,9.86855128764
-1.64102564103,3.73306254948,2.69084759871,9.87842106221
-1.63846153846,3.73577215551,2.68939267505,9.8887104663
-1.6358974359,3.73859466432,2.68788041407,9.89942157116
-1.63333333333,3.74153043952,2.68631088436,9.9105554635
-1.63076923077,3.74457956788,2.68468431209,9.92211217417
-1.62820512821,3.74774184064,2.68300109026,9.93409060754
-1.62564102564,3.75101673488,2.68126178754,9.94648847167
-1.62307692308,3.75440339489,2.67946715664,9.95930220938
-1.62051282051,3.75790061346,2.67761814204,9.97252693023
-1.61794871795,3.76150681304,2.67571588703,9.98615634321
-1.61538461538,3.76522002652,2.67376174004,10.0001826902
-1.61282051282,3.7690378777,2.67175725996,10.0145966799
-1.61025641026,3.77295756103,2.66970422058,10.0293874225
-1.60769230769,3.77697582067,2.66760461393,10.0445423636
-1.60512820513,3.7810889285,2.66546065236,10.0600472186
-1.60256410256,3.78529266094,2.66327476943,10.0758859067
-1.6,3.78958227433,2.66104961933,10.0920404826
-1.6,3.78958227433,2.66104961933,10.0920404826
-1.59743589744,3.79395425779,2.65878785088,10.1084960608
-1.59487179487,3.79840162478,2.65649281722,10.1252275426
-1.59230769231,3.80291888669,2.6541676109,10.142213945
-1.58974358974,3.8075001081,2.65181552153,10.159432668
-1.58717948718,3.81213893934,2.64944001664,10.1768596151
-1.58461538462,3.81682865393,2.64704472035,10.1944693311
-1.58205128205,3.82156218988,2.64463339035,10.2122351553
-1.57948717949,3.82633219423,2.64220989358,10.2301293874
-1.57692307692,3.83113107011,2.63977818099,10.2481234621
-1.57435897436,3.83595102558,2.63734226187,10.2661881311
-1.57179487179,3.84078412364,2.634906178,10.2842936492
-1.56923076923,3.84562233285,2.63247397796,10.3024099622
-1.56666666667,3.85045757792,2.6300496919,10.3205068951
-1.5641025641,3.8552817898,2.62763730708,10.3385543379
-1.56153846154,3.8600869547,2.62524074429,10.3565224269
-1.55897435897,3.86486516178,2.62286383552,10.3743817217
-1.55641025641,3.86960864879,2.62051030287,10.3921033728
-1.55384615385,3.87430984563,2.61818373902,10.409659283
-1.55128205128,3.87896141515,2.61588758932,10.4270222568
-1.54871794872,3.88355629121,2.61362513551,10.44416614
-1.54615384615,3.88808771351,2.61139948137,10.4610659469
-1.54358974359,3.89254925899,2.60921354012,10.4776979753
-1.54102564103,3.8969348698,2.6070700238,10.4940399071
-1.53846153846,3.90123887742,2.60497143457,10.5100708959
-1.5358974359,3.90545602306,2.60292005788,10.5257716398
-1.53333333333,3.90958147402,2.60091795769,10.5411244398
-1.53076923077,3.9136108363,2.59896697346,10.5561132432
-1.52820512821,3.91754016307,2.59706871915,10.5707236726
-1.52564102564,3.92136595943,2.59522458393,10.5849430405
-1.52307692308,3.9250851832,2.59343573469,10.5987603489
-1.52051282051,3.92869524209,2.59170312031,10.6121662761
-1.51794871795,3.93219398727,2.59002747739,10.6251531492
-1.51538461538,3.93557970365,2.58840933763,10.6377149045
-1.51282051282,3.93885109693,2.58684903657,10.6498470358
-1.51025641026,3.94200727784,2.58534672355,10.661546532
-1.50769230769,3.94504774381,2.58390237295,10.6728118047
-1.50512820513,3.94797235841,2.58251579637,10.6836426066
-1.50256410256,3.95078132892,2.58118665567,10.6940399435
-1.5,3.95347518255,2.5799144768,10.7040059795
-1.5,3.95347518255,2.5799144768,10.7040059795
-1.49743589744,3.95605462668,2.5786987137,10.7135435707
-1.49487179487,3.95852059913,2.57753868785,10.7226564941
-1.49230769231,3.96087437743,2.57643359131,10.7313497122
-1.48974358974,3.96311746062,2.5753825254,10.7396289924
-1.48717948718,3.96525154242,2.57438451288,10.7475008097
-1.48461538462,3.96727848616,2.57343850927,10.7549722549
-1.48205128205,3.96920030157,2.57254341326,10.7620509498
-1.47948717949,3.97101912319,2.57169807642,10.7687449683
-1.47692307692,3.97273719037,2.57090131204,10.7750627629
-1.47435897436,3.97435682879,2.5701519034,10.7810130971
-1.47179487179,3.97588043344,2.56944861125,10.7866049826
-1.46923076923,3.97731045289,2.56879018069,10.7918476216
-1.46666666667,3.97864937489,2.56817534751,10.7967503537
-1.4641025641,3.97989971319,2.56760284386,10.8013226076
-1.46153846154,3.9810639955,2.56707140347,10.8055738566
-1.45897435897,3.98214475254,2.56657976632,10.8095135782
-1.45641025641,3.98314450811,2.56612668283,10.8131512176
-1.45384615385,3.98406577015,2.56571091762,10.8164961553
-1.45128205128,3.98491102273,2.5653312528,10.8195576769
-1.44871794872,3.9856827189,2.56498649092,10.8223449476
-1.44615384615,3.98638327437,2.56467545746,10.8248669891
-1.44358974359,3.98701506197,2.56439700301,10.8271326589
-1.44102564103,3.98758040688,2.56415000508,10.8291506338
-1.43846153846,3.98808158249,2.56393336958,10.8309293946
-1.4358974359,3.98852080709,2.56374603204,10.8324772143
-1.43333333333,3.98890024102,2.56358695849,10.8338021484
-1.43076923077,3.98922198455,2.56345514607,10.8349120271
-1.42820512821,3.98948807634,2.56334962341,10.8358144505
-1.42564102564,3.98970049243,2.56326945076,10.836516785
-1.42307692308,3.98986114586,2.56321371987,10.8370261624
-1.42051282051,3.98997188669,2.56318155365,10.8373494803
-1.41794871795,3.99003450273,2.56317210568,10.8374934049
-1.41538461538,3.99005072065,2.56318455947,10.8374643755
-1.41282051282,3.99002220764,2.5632181276,10.8372686098
-1.41025641026,3.98995057362,2.56327205059,10.8369121123
-1.40769230769,3.98983737392,2.56334559574,10.8364006833
-1.40512820513,3.98968411249,2.56343805576,10.8357399299
-1.40256410256,3.98949224563,2.56354874723,10.8349352781
-1.4,3.98926318629,2.56367700902,10.8339919872
-1.4,3.98926318629,2.56367700902,10.8339919872
-1.39743589744,3.98899823602,2.56382223388,10.8329149093
-1.39487179487,3.98869867298,2.56398381977,10.8317088199
-1.39230769231,3.98836572988,2.56416118977,10.8303783171
-1.38974358974,3.98800059079,2.56435379006,10.8289278185
-1.38717948718,3.98760439299,2.56456108902,10.8273615677
-1.38461538462,3.98717822866,2.56478257639,10.8256836411
-1.38205128205,3.98672314663,2.56501776242,10.8238979538
-1.37948717949,3.98624015398,2.56526617707,10.822008266
-1.37692307692,3.98573021772,2.56552736918,10.8200181886
-1.37435897436,3.9851942663,2.56580090576,10.8179311899
-1.37179487179,3.98463319122,2.56608637121,10.8157506003
-1.36923076923,3.98404784844,2.5663833666,10.8134796184
-1.36666666667,3.98343905989,2.56669150899,10.8111213164
-1.3641025641,3.98280761485,2.56701043075,10.8086786449
-1.36153846154,3.98215427133,2.56733977888,10.8061544384
-1.35897435897,3.98147975734,2.56767921441,10.8035514199
-1.35641025641,3.98078477223,2.56802841179,10.800872206
-1.35384615385,3.98006998789,2.56838705829,10.7981193109
-1.35128205128,3.97933604995,2.56875485342,10.7952951514
-1.34871794872,3.97858357891,2.56913150842,10.7924020507
-1.34615384615,3.97781317128,2.56951674572,10.789442243
-1.34358974359,3.97702540062,2.56991029841,10.7864178769
-1.34102564103,3.97622081857,2.5703119098,10.7833310196
-1.33846153846,3.97539995584,2.57072133294,10.7801836603
-1.3358974359,3.97456332314,2.57113833017,10.776977714
-1.33333333333,3.9737114121,2.57156267269,10.7737150243
-1.33076923077,3.9728446961,2.57199414019,10.7703973674
-1.32820512821,3.97196363112,2.57243252042,10.7670264541
-1.32564102564,3.97106865654,2.57287760886,10.7636039338
-1.32307692308,3.97016019584,2.57332920834,10.7601313966
-1.32051282051,3.96923865737,2.57378712873,10.7566103758
-1.31794871795,3.96830443498,2.57425118663,10.7530423512
-1.31538461538,3.96735790868,2.57472120504,10.7494287507
-1.31282051282,3.96639944526,2.5751970131,10.7457709529
-1.31025641026,3.96542939886,2.57567844583,10.742070289
-1.30769230769,3.96444811149,2.57616534387,10.7383280454
-1.30512820513,3.96345591358,2.57665755323,10.7345454649
-1.30256410256,3.96245312444,2.57715492509,10.7307237488
-1.3,3.96144005273,2.57765731555,10.726864059
-1.3,3.96144005273,2.57765731555,10.726864059
-1.29743589744,3.96041699598,2.57816458519,10.722967517
-1.29487179487,3.95938424535,2.57867659865,10.7190352177
-1.29230769231,3.95834208057,2.57919322535,10.7150682148
-1.28974358974,3.95729077263,2.57971433875,10.7110675291
-1.28717948718,3.95623058411,2.58023981618,10.7070341503
-1.28461538462,3.95516176963,2.58076953868,10.702969038
-1.28205128205,3.95408457609,2.58130339082,10.6988731232
-1.27948717949,3.95299924307,2.58184126056,10.6947473092
-1.27692307692,3.9519060031,2.58238303912,10.6905924731
-1.27435897436,3.95080508196,2.58292862084,10.6864094666
-1.27179487179,3.94969669899,2.58347790302,10.6821991173
-1.26923076923,3.94858106731,2.58403078583,10.6779622296
-1.26666666667,3.94745839414,2.58458717216,10.6736995855
-1.2641025641,3.946328881,2.58514696753,10.6694119459
-1.26153846154,3.94519272398,2.58571007996,10.665100051
-1.25897435897,3.94405011392,2.58627641987,10.6607646218
-1.25641025641,3.9429012367,2.58684589999,10.6564063601
-1.25384615385,3.94174627339,2.58741843524,10.6520259499
-1.25128205128,3.94058540045,2.58799394265,10.6476240582
-1.24871794872,3.93941878997,2.58857234127,10.6432013349
-1.24615384615,3.9382466098,2.58915355209,10.6387584146
-1.24358974359,3.93706902377,2.58973749794,10.6342959164
-1.24102564103,3.93588619182,2.59032410343,10.6298144449
-1.23846153846,3.93469827019,2.59091329486,10.6253145908
-1.2358974359,3.93350541156,2.59150500016,10.6207969312
-1.23333333333,3.93230776522,2.59209914882,10.6162620307
-1.23076923077,3.93110547717,2.59269567181,10.6117104414
-1.22820512821,3.92989869032,2.59329450153,10.6071427036
-1.22564102564,3.92868754456,2.59389557173,10.6025593463
-1.22307692308,3.9274721769,2.5944988175,10.5979608879
-1.22051282051,3.92625272163,2.59510417514,10.593347836
-1.21794871795,3.92502931036,2.59571158218,10.5887206885
-1.21538461538,3.9238020722,2.59632097728,10.5840799336
-1.21282051282,3.92257113381,2.59693230023,10.5794260504
-1.21025641026,3.92133661951,2.59754549184,10.574759509
-1.20769230769,3.92009865138,2.59816049397,10.5700807712
-1.20512820513,3.91885734931,2.59877724942,10.5653902903
-1.20256410256,3.91761283111,2.59939570196,10.560688512
-1.2,3.91636521257,2.60001579626,10.5559758741
-1.2,3.91636521257,2.60001579626,10.5559758741
-1.19743589744,3.91511460784,2.60063747761,10.5512528086
-1.19487179487,3.91386112945,2.60126069219,10.5465197406
-1.19230769231,3.91260488796,2.60188538699,10.5417770882
-1.18974358974,3.9113459923,2.60251150974,10.5370252632
-1.18717948718,3.91008454985,2.60313900881,10.5322646716
-1.18461538462,3.9088206665,2.60376783327,10.5274957136
-1.18205128205,3.90755444676,2.60439793276,10.5227187843
-1.17948717949,3.90628599376,2.60502925756,10.5179342733
-1.17692307692,3.90501540936,2.60566175845,10.5131425656
-1.17435897436,3.90374279421,2.60629538679,10.5083440414
-1.17179487179,3.90246824779,2.60693009442,10.5035390765
-1.16923076923,3.90119186849,2.60756583363,10.4987280425
-1.16666666667,3.89991375364,2.60820255719,10.493911307
-1.1641025641,3.89863399959,2.60884021826,10.4890892337
-1.16153846154,3.89735270176,2.60947877041,10.4842621829
-1.15897435897,3.8960699547,2.61011816756,10.4794305113
-1.15641025641,3.8947858521,2.61075836397,10.4745945726
-1.15384615385,3.8935004869,2.61139931424,10.4697547173
-1.15128205128,3.89221395131,2.61204097324,10.4649112933
-1.14871794872,3.89092633683,2.61268329612,10.4600646457
-1.14615384615,3.88963773436,2.61332623827,10.455215117
-1.14358974359,3.88834823419,2.6139697553,10.4503630478
-1.14102564103,3.88705792608,2.61461380305,10.4455087762
-1.13846153846,3.88576689928,2.6152583375,10.4406526385
-1.1358974359,3.8844752426,2.61590331483,10.4357949693
-1.13333333333,3.88318304442,2.61654869133,10.4309361012
-1.13076923077,3.88189039277,2.61719442343,10.4260763657
-1.12820512821,3.88059737532,2.61784046765,10.4212160929
-1.12564102564,3.87930407947,2.61848678058,10.4163556115
-1.12307692308,3.87801059238,2.61913331888,10.4114952493
-1.12051282051,3.87671700096,2.61978003926,10.4066353334
-1.11794871795,3.87542339199,2.62042689844,10.4017761897
-1.11538461538,3.87412985208,2.62107385314,10.396918144
-1.11282051282,3.87283646775,2.62172086009,10.3920615212
-1.11025641026,3.87154332546,2.62236787596,10.3872066462
-1.10769230769,3.87025051163,2.6230148574,10.3823538434
-1.10512820513,3.86895811268,2.62366176096,10.3775034373
-1.10256410256,3.8676662151,2.62430854314,10.3726557525
-1.1,3.8663749054,2.62495516032,10.3678111134
-1.1,3.8663749054,2.62495516032,10.3678111134
-1.09743589744,3.86508427022,2.62560156876,10.3629698453
-1.09487179487,3.86379439648,2.62624772454,10.3581322738
-1.09230769231,3.86250537114,2.62689358364,10.353298725
-1.08974358974,3.86121728143,2.62753910186,10.3484695257
-1.08717948718,3.8599302148,2.62818423478,10.3436450035
-1.08461538462,3.85864425899,2.62882893782,10.3388254871
-1.08205128205,3.85735950208,2.62947316614,10.3340113061
-1.07948717949,3.85607603247,2.63011687467,10.3292027915
-1.07692307692,3.85479393898,2.63076001808,10.3244002756
-1.07435897436,3.85351331082,2.63140255078,10.319604092
-1.07179487179,3.85223423766,2.63204442686,10.3148145762
-1.06923076923,3.85095680967,2.63268560013,10.3100320651
-1.06666666667,3.84968111751,2.63332602406,10.3052568977
-1.0641025641,3.84840725241,2.63396565177,10.3004894148
-1.06153846154,3.84713530619,2.63460443604,10.2957299592
-1.05897435897,3.84586537127,2.63524232926,10.2909788762
-1.05641025641,3.84459754073,2.63587928343,10.2862365132
-1.05384615385,3.84333190833,2.63651525014,10.2815032201
-1.05128205128,3.84206856855,2.63715018053,10.2767793495
-1.04871794872,3.84080761664,2.63778402534,10.2720652566
-1.04615384615,3.8395491486,2.6384167348,10.2673612994
-1.04358974359,3.83829326128,2.63904825868,10.2626678391
-1.04102564103,3.83704005239,2.63967854624,10.2579852396
-1.03846153846,3.83578962051,2.64030754624,10.2533138685
-1.0358974359,3.83454206514,2.64093520688,10.2486540963
-1.03333333333,3.83329748678,2.64156147583,10.2440062974
-1.03076923077,3.83205598689,2.64218630015,10.2393708496
-1.02820512821,3.83081766798,2.64280962636,10.2347481344
-1.02564102564,3.82958263362,2.64343140032,10.2301385374
-1.02307692308,3.82835098849,2.64405156728,10.2255424481
-1.02051282051,3.82712283842,2.64467007184,10.2209602601
-1.01794871795,3.8258982904,2.64528685794,10.2163923715
-1.01538461538,3.82467745267,2.64590186882,10.2118391847
-1.01282051282,3.8234604347,2.64651504701,10.2073011067
-1.01025641026,3.82224734725,2.64712633431,10.2027785494
-1.00769230769,3.82103830244,2.64773567179,10.1982719292
-1.00512820513,3.81983341373,2.64834299973,10.1937816679
-1.00256410256,3.81863279602,2.64894825762,10.1893081923
-1,3.81743656563,2.64955138416,10.1848519346
-1,3.81743656563,2.64955138416,10.1848519346
-0.997435897436,3.8162448404,2.65015231718,10.1804133322
-0.994871794872,3.81505773971,2.65075099369,10.1759928287
-0.992307692308,3.8138753845,2.6513473498,10.1715908728
-0.989743589744,3.81269789734,2.65194132074,10.1672079198
-0.987179487179,3.81152540244,2.65253284079,10.1628444305
-0.984615384615,3.81035802576,2.65312184331,10.1585008726
-0.982051282051,3.80919589499,2.65370826068,10.1541777196
-0.979487179487,3.8080391396,2.65429202427,10.1498754521
-0.976923076923,3.80688789094,2.65487306448,10.1455945572
-0.974358974359,3.8057422822,2.65545131063,10.1413355291
-0.971794871795,3.80460244853,2.656026691,10.137098869
-0.969230769231,3.80346852706,2.65659913277,10.1328850853
-0.966666666667,3.80234065693,2.65716856202,10.1286946941
-0.964102564103,3.80121897938,2.65773490367,10.124528219
-0.961538461538,3.80010363774,2.65829808149,10.1203861914
-0.958974358974,3.79899477755,2.65885801807,10.1162691509
-0.95641025641,3.79789254654,2.65941463477,10.1121776449
-0.953846153846,3.79679709475,2.6599678517,10.1081122297
-0.951282051282,3.79570857452,2.66051758773,10.1040734697
-0.948717948718,3.79462714056,2.6610637604,10.1000619385
-0.946153846154,3.79355295005,2.66160628596,10.0960782184
-0.94358974359,3.79248616262,2.66214507929,10.0921229009
-0.941025641026,3.79142694044,2.66268005389,10.088196587
-0.938461538462,3.79037544828,2.66321112187,10.084299887
-0.935897435897,3.78933185354,2.6637381939,10.0804334212
-0.933333333333,3.78829632632,2.66426117917,10.0765978198
-0.930769230769,3.78726903949,2.66477998542,10.0727937231
-0.928205128205,3.78625016871,2.66529451885,10.0690217819
-0.925641025641,3.78523989251,2.6658046841,10.0652826576
-0.923076923077,3.78423839232,2.66631038425,10.0615770221
-0.920512820513,3.78324585258,2.66681152079,10.0579055588
-0.917948717949,3.78226246074,2.66730799355,10.0542689618
-0.915384615385,3.78128840733,2.66779970073,10.0506679371
-0.912820512821,3.78032388606,2.66828653881,10.0471032019
-0.910256410256,3.77936909382,2.66876840256,10.0435754856
-0.907692307692,3.77842423075,2.66924518501,10.0400855296
-0.905128205128,3.77748950036,2.66971677742,10.0366340875
-0.902564102564,3.77656510949,2.67018306922,10.0332219255
-0.9,3.77565126845,2.67064394801,10.0298498224
-0.9,3.77565126845,2.67064394801,10.0298498224
-0.897435897436,3.77474819119,2.67109929948,10.0265185706
-0.894871794872,3.77385609452,2.67154900783,10.0232289732
-0.892307692308,3.7729751993,2.67199295495,10.0199818483
-0.889743589744,3.77210573008,2.67243102084,10.0167780279
-0.887179487179,3.77124791512,2.67286308352,10.0136183572
-0.884615384615,3.77040198646,2.67328901907,10.0105036959
-0.882051282051,3.76956817991,2.67370870154,10.0074349173
-0.879487179487,3.76874673512,2.67412200298,10.004412909
-0.876923076923,3.76793789562,2.67452879338,10.0014385732
-0.874358974359,3.76714190887,2.67492894069,9.99851282644
-0.871794871795,3.76635902629,2.67532231074,9.99563660003
-0.869230769231,3.7655895033,2.67570876728,9.99281084018
-0.866666666667,3.76483359939,2.67608817192,9.99003650816
-0.864102564103,3.76409157814,2.67646038412,9.98731458039
-0.861538461538,3.76336370724,2.67682526122,9.98464604864
-0.858974358974,3.76265025856,2.67718265837,9.9820319201
-0.85641025641,3.76195150815,2.67753242855,9.97947321754
-0.853846153846,3.7612677363,2.67787442255,9.97697097933
-0.851282051282,3.7605992275,2.67820848901,9.9745262596
-0.848717948718,3.75994627053,2.67853447433,9.9721401282
-0.846153846154,3.75930915838,2.67885222278,9.96981367081
-0.84358974359,3.75868818835,2.67916157642,9.96754798889
-0.841025641026,3.75808366196,2.67946237516,9.9653441997
-0.838461538462,3.75749588501,2.67975445674,9.96320343625
-0.835897435897,3.7569251675,2.68003765676,9.96112684724
-0.833333333333,3.75637182364,2.68031180873,9.95911559693
-0.830769230769,3.75583617182,2.68057674404,9.9571708651
-0.828205128205,3.75531853455,2.68083229201,9.95529384682
-0.825641025641,3.75481923844,2.68107827996,9.95348575234
-0.823076923077,3.7543386141,2.68131453319,9.95174780683
-0.820512820513,3.75387699615,2.68154087506,9.9500812502
-0.817948717949,3.75343472307,2.68175712704,9.9484873368
-0.815384615385,3.75301213717,2.68196310875,9.94696733516
-0.812820512821,3.75260958453,2.68215863799,9.94552252765
-0.810256410256,3.75222741483,2.68234353089,9.94415421011
-0.807692307692,3.75186598133,2.68251760188,9.94286369155
-0.805128205128,3.75152564074,2.68268066383,9.94165229365
-0.802564102564,3.7512067531,2.6828325281,9.94052135038
-0.8,3.75090968168,2.68297300466,9.93947220754
-0.8,3.75090968168,2.68297300466,9.93947220754
-0.797435897436,3.75063479113,2.68310190238,9.93850621705
-0.794871794872,3.75038245049,2.6832190291,9.93762474562
-0.792307692308,3.75015303078,2.68332419133,9.93682916785
-0.789743589744,3.74994690527,2.68341719475,9.93612086654
-0.787179487179,3.74976444922,2.68349784436,9.93550123183
-0.784615384615,3.74960603965,2.68356594456,9.93497166017
-0.782051282051,3.749472055,2.68362129939,9.93453355334
-0.779487179487,3.7493628749,2.68366371263,9.93418831728
-0.776923076923,3.74927887982,2.68369298803,9.93393736089
-0.774358974359,3.7492204507,2.68370892947,9.93378209476
-0.771794871795,3.74918796862,2.68371134119,9.9337239298
-0.769230769231,3.74918181442,2.68370002803,9.93376427578
-0.766666666667,3.74920236822,2.68367479564,9.93390453973
-0.764102564103,3.74925000906,2.68363545073,9.93414612434
-0.761538461538,3.74932511439,2.68358180136,9.93449042619
-0.758974358974,3.74942805957,2.6835136572,9.93493883391
-0.75641025641,3.74955921738,2.68343082984,9.93549272621
-0.753846153846,3.74971895745,2.68333313307,9.93615346988
-0.751282051282,3.7499076457,2.68322038323,9.93692241758
-0.748717948718,3.75012564371,2.68309239954,9.93780090563
-0.746153846154,3.75037330815,2.68294900442,9.93879025163
-0.74358974359,3.75065099004,2.68279002388,9.93989175202
-0.741025641026,3.75095903415,2.6826152879,9.94110667953
-0.738461538462,3.75129777824,2.68242463078,9.94243628047
-0.735897435897,3.7516675523,2.68221789158,9.94388177205
-0.733333333333,3.75206867787,2.68199491452,9.94544433946
-0.730769230769,3.75250146715,2.68175554939,9.94712513294
-0.728205128205,3.75296622227,2.681499652,9.94892526475
-0.725641025641,3.75346323439,2.68122708465,9.95084580599
-0.723076923077,3.75399278288,2.68093771654,9.95288778342
-0.720512820513,3.7545551344,2.6806314243,9.95505217615
-0.717948717949,3.75515054201,2.68030809241,9.95733991221
-0.715384615385,3.75577924428,2.67996761375,9.95975186509
-0.712820512821,3.75644146425,2.67960989008,9.96228885023
-0.710256410256,3.75713740858,2.67923483253,9.96495162139
-0.707692307692,3.75786726647,2.67884236216,9.96774086693
-0.705128205128,3.75863120874,2.67843241047,9.97065720616
-0.702564102564,3.75942938678,2.67800491992,9.97370118546
-0.7,3.76026193154,2.67755984451,9.97687327449
-0.7,3.76026193154,2.67755984451,9.97687327449
-0.697435897436,3.76112894574,2.67709715102,9.9801738452
-0.694871794872,3.76203052631,2.67661681402,9.9836032329
-0.692307692308,3.76296673529,2.67611882564,9.98716164974
-0.689743589744,3.76393761043,2.67560319114,9.99084921715
-0.687179487179,3.76494316419,2.67506992947,9.99466596211
-0.684615384615,3.7659833828,2.67451907379,9.99861181358
-0.682051282051,3.76705822529,2.67395067195,10.0026865988
-0.679487179487,3.76816762254,2.67336478703,10.0068900396
-0.676923076923,3.76931147631,2.67276149774,10.0112217491
-0.674358974359,3.77048965835,2.67214089888,10.0156812281
-0.671794871795,3.77170200951,2.67150310175,10.020267862
-0.669230769231,3.7729483389,2.6708482345,10.0249809175
-0.666666666667,3.77422842313,2.67017644249,10.0298195399
-0.664102564103,3.77554200552,2.66948788858,10.0347827504
-0.661538461538,3.77688879549,2.66878275339,10.0398694435
-0.658974358974,3.77826846795,2.66806123553,10.0450783851
-0.65641025641,3.77968066277,2.66732355175,10.0504082105
-0.653846153846,3.78112498437,2.66656993712,10.0558574227
-0.651282051282,3.78260100134,2.66580064507,10.0614243914
-0.648717948718,3.78410824618,2.66501594746,10.0671073518
-0.646153846154,3.78564621516,2.66421613456,10.0729044042
-0.64358974359,3.78721436818,2.66340151499,10.0788135136
-0.641025641026,3.78881212889,2.66257241562,10.08483251
-0.638461538462,3.79043888471,2.66172918141,10.0909590887
-0.635897435897,3.79209398712,2.66087217518,10.0971908113
-0.633333333333,3.79377675195,2.66000177738,10.1035251068
-0.630769230769,3.79548645983,2.65911838574,10.1099592734
-0.628205128205,3.79722235668,2.65822241494,10.1164904802
-0.625641025641,3.79898365435,2.65731429614,10.1231157698
-0.623076923077,3.80076953136,2.65639447657,10.129832061
-0.620512820513,3.80257913369,2.65546341894,10.1366361518
-0.617948717949,3.80441157569,2.65452160092,10.1435247227
-0.615384615385,3.80626594112,2.65356951449,10.1504943409
-0.612820512821,3.80814128417,2.65260766523,10.1575414643
-0.610256410256,3.8100366307,2.65163657168,10.1646624456
-0.607692307692,3.81195097943,2.65065676445,10.1718535378
-0.605128205128,3.81388330329,2.64966878551,10.1791108985
-0.602564102564,3.81583255079,2.64867318724,10.1864305959
-0.6,3.81779764749,2.64767053153,10.1938086139
-0.6,3.81779764749,2.64767053153,10.1938086139
-0.597435897436,3.81977751745,2.64666138604,10.2012409142
-0.594871794872,3.82177102997,2.64564633369,10.2087232857
-0.592307692308,3.82377705999,2.64462595737,10.2162515234
-0.589743589744,3.82579446685,2.64360084596,10.223821365
-0.587179487179,3.82782209632,2.64257159328,10.2314284985
-0.584615384615,3.82985878273,2.64153879689,10.23906857
-0.582051282051,3.83190335111,2.64050305702,10.246737192
-0.579487179487,3.83395461934,2.63946497539,10.2544299511
-0.576923076923,3.83601140035,2.63842515413,10.2621424163
-0.574358974359,3.83807250429,2.63738419464,10.2698701471
-0.571794871795,3.84013674067,2.63634269657,10.2776087012
-0.569230769231,3.84220292054,2.63530125671,10.2853536429
-0.566666666667,3.84426985857,2.63426046796,10.2931005506
-0.564102564103,3.8463363751,2.63322091835,10.3008450243
-0.561538461538,3.84840129821,2.63218319006,10.3085826936
-0.558974358974,3.85046346567,2.63114785847,10.3163092245
-0.55641025641,3.85252172683,2.63011549127,10.3240203265
-0.553846153846,3.85457494447,2.62908664762,10.3317117597
-0.551282051282,3.85662199654,2.62806187728,10.339379341
-0.548717948718,3.8586617779,2.62704171989,10.3470189503
-0.546153846154,3.86069320188,2.62602670423,10.3546265368
-0.54358974359,3.86271520178,2.6250173475,10.3621981244
-0.541025641026,3.86472673237,2.62401415471,10.3697298167
-0.538461538462,3.86672677116,2.62301761812,10.3772178024
-0.535897435897,3.86871431966,2.62202821663,10.3846583597
-0.533333333333,3.87068840455,2.62104641536,10.3920478607
-0.530769230769,3.87264807872,2.62007266516,10.399382775
-0.528205128205,3.87459242221,2.61910740227,10.4066596736
-0.525641025641,3.87652054313,2.61815104791,10.4138752317
-0.523076923077,3.87843157835,2.61720400805,10.4210262319
-0.520512820513,3.88032469427,2.61626667313,10.4281095667
-0.517948717949,3.88219908734,2.61533941789,10.4351222405
-0.515384615385,3.88405398462,2.61442260118,10.4420613712
-0.512820512821,3.88588864416,2.61351656591,10.4489241925
-0.510256410256,3.88770235539,2.61262163899,10.4557080541
-0.507692307692,3.88949443935,2.61173813125,10.4624104236
-0.505128205128,3.89126424895,2.61086633757,10.4690288863
-0.502564102564,3.89301116908,2.61000653687,10.4755611462
-0.5,3.89473461673,2.60915899227,10.4820050259
-0.5,3.89473461673,2.60915899227,10.4820050259
-0.497435897436,3.89643402684,2.60832395378,10.4883584254
-0.494871794872,3.89810888686,2.6075016515,10.4946194228
-0.492307692308,3.89975870264,2.60669230365,10.5007861732
-0.489743589744,3.90138301066,2.60589611334,10.5068569453
-0.487179487179,3.90298137754,2.60511326893,10.5128301199
-0.484615384615,3.90455339945,2.60434394434,10.5187041877
-0.482051282051,3.90609870151,2.60358829939,10.5244777471
-0.479487179487,3.90761693719,2.60284648023,10.5301495018
-0.476923076923,3.90910778766,2.60211861964,10.5357182584
-0.474358974359,3.91057096101,2.60140483745,10.5411829239
-0.471794871795,3.91200619164,2.60070524094,10.546542503
-0.469230769231,3.91341323944,2.60001992522,10.5517960955
-0.466666666667,3.91479188909,2.59934897365,10.5569428932
-0.464102564103,3.91614194926,2.59869245821,10.5619821775
-0.461538461538,3.91746325186,2.59805043994,10.5669133164
-0.458974358974,3.91875565123,2.59742296935,10.5717357615
-0.45641025641,3.92001902339,2.59681008677,10.5764490451
-0.453846153846,3.92125326524,2.59621182282,10.5810527777
-0.451282051282,3.92245829377,2.59562819875,10.5855466447
-0.448717948718,3.92363404531,2.59505922689,10.5899304037
-0.446153846154,3.92478047472,2.59450491098,10.5942038815
-0.44358974359,3.92589755466,2.59396524659,10.5983669718
-0.441025641026,3.92698527481,2.5934402215,10.6024196317
-0.438461538462,3.92804364117,2.59292981604,10.6063618794
-0.435897435897,3.92907267529,2.59243400348,10.6101937914
-0.433333333333,3.93007241357,2.59195275035,10.6139155
-0.430769230769,3.93104290655,2.59148601684,10.6175271905
-0.428205128205,3.93198421823,2.59103375707,10.6210290985
-0.425641025641,3.9328964254,2.59059591949,10.6244215078
-0.423076923077,3.93377961698,2.59017244713,10.6277047479
-0.420512820513,3.93463389335,2.58976327796,10.6308791913
-0.417948717949,3.93545936576,2.58936834517,10.6339452514
-0.415384615385,3.93625615567,2.58898757746,10.6369033801
-0.412820512821,3.93702439419,2.58862089934,10.6397540659
-0.410256410256,3.93776422145,2.5882682314,10.6424978313
-0.407692307692,3.93847578601,2.58792949058,10.6451352308
-0.405128205128,3.93915924431,2.58760459041,10.6476668489
-0.402564102564,3.93981476011,2.58729344132,10.6500932977
-0.4,3.94044250388,2.58699595082,10.6524152156
-0.4,3.94044250388,2.58699595082,10.6524152156
-0.397435897436,3.94104265577,2.5867120225,10.6546332758
-0.394871794872,3.94161539867,2.5864415587,10.6567481642
-0.392307692308,3.94216092267,2.58618445871,10.6587605933
-0.389743589744,3.94267942326,2.58594061967,10.6606712961
-0.387179487179,3.94317110089,2.58570993669,10.6624810249
-0.384615384615,3.94363616063,2.58549230301,10.6641905493
-0.382051282051,3.9440748118,2.5852876102,10.6658006558
-0.379487179487,3.94448726768,2.58509574826,10.6673121458
-0.376923076923,3.94487374517,2.58491660578,10.6687258349
-0.374358974359,3.9452344645,2.58475007005,10.6700425516
-0.371794871795,3.94556964896,2.58459602723,10.6712631364
-0.369230769231,3.94587952463,2.58445436241,10.6723884406
-0.366666666667,3.94616432015,2.58432495977,10.6734193255
-0.364102564103,3.94642426642,2.58420770265,10.6743566617
-0.361538461538,3.94665959646,2.58410247368,10.6752013277
-0.358974358974,3.94687054512,2.58400915486,10.6759542097
-0.35641025641,3.94705734894,2.58392762766,10.6766162003
-0.353846153846,3.94722024589,2.58385777308,10.6771881981
-0.351282051282,3.94735947524,2.58379947178,10.677671107
-0.348717948718,3.94747527738,2.58375260411,10.6780658354
-0.346153846154,3.94756789361,2.5837170502,10.6783732955
-0.34358974359,3.94763756604,2.58369269003,10.6785944029
-0.341025641026,3.94768453739,2.5836794035,10.678730076
-0.338461538462,3.94770905089,2.58367707045,10.6787812352
-0.335897435897,3.94771135011,2.5836855708,10.6787488028
-0.333333333333,3.94769167887,2.58370478451,10.6786337023
-0.330769230769,3.94765028107,2.58373459168,10.6784368578
-0.328205128205,3.94758740065,2.5837748726,10.6781591939
-0.325641025641,3.9475032814,2.58382550778,10.6778016349
-0.323076923077,3.94739816694,2.58388637797,10.6773651047
-0.320512820513,3.94727230057,2.58395736423,10.6768505267
-0.317948717949,3.94712592522,2.58403834796,10.6762588226
-0.315384615385,3.94695928338,2.58412921092,10.6755909132
-0.312820512821,3.94677261698,2.58422983525,10.6748477172
-0.310256410256,3.94656616741,2.58434010351,10.6740301516
-0.307692307692,3.94634017541,2.5844598987,10.6731391311
-0.305128205128,3.94609488104,2.58458910429,10.672175568
-0.302564102564,3.94583052368,2.58472760422,10.6711403723
-0.3,3.94554734194,2.58487528292,10.6700344511
-0.3,3.94554734194,2.58487528292,10.6700344511
-0.297435897436,3.94524557275,2.58503202564,10.6688587059
-0.294871794872,3.94492545255,2.58519771799,10.6676140362
-0.292307692308,3.94458721684,2.58537224616,10.6663013385
-0.289743589744,3.94423110009,2.5855554969,10.664921505
-0.287179487179,3.94385733568,2.58574735762,10.6634754243
-0.284615384615,3.94346615585,2.58594771632,10.6619639807
-0.282051282051,3.94305779168,2.58615646167,10.6603880543
-0.279487179487,3.94263247308,2.58637348295,10.658748521
-0.276923076923,3.94219042871,2.58659867014,10.6570462519
-0.274358974359,3.941731886,2.58683191387,10.6552821139
-0.271794871795,3.94125707111,2.58707310543,10.6534569688
-0.269230769231,3.94076620888,2.5873221368,10.6515716739
-0.266666666667,3.94025952287,2.58757890065,10.6496270815
-0.264102564103,3.93973723528,2.58784329035,10.6476240389
-0.261538461538,3.93919956698,2.58811519995,10.6455633886
-0.258974358974,3.93864673744,2.5883945242,10.6434459678
-0.25641025641,3.93807896479,2.58868115858,10.6412726085
-0.253846153846,3.93749646573,2.58897499924,10.6390441376
-0.251282051282,3.93689945558,2.58927594308,10.6367613767
-0.248717948718,3.93628814823,2.58958388767,10.6344251421
-0.246153846154,3.93566275615,2.58989873133,10.6320362447
-0.24358974359,3.93502349039,2.59022037306,10.6295954901
-0.241025641026,3.93437056054,2.5905487126,10.6271036785
-0.238461538462,3.93370417479,2.59088365038,10.6245616045
-0.235897435897,3.93302453985,2.59122508757,10.6219700574
-0.233333333333,3.93233186099,2.59157292601,10.6193298211
-0.230769230769,3.93162634206,2.59192706828,10.6166416738
-0.228205128205,3.93090818542,2.59228741766,10.6139063885
-0.225641025641,3.93017759202,2.59265387811,10.6111247324
-0.223076923077,3.92943476134,2.59302635431,10.6082974675
-0.220512820513,3.92867989145,2.59340475163,10.6054253502
-0.217948717949,3.92791317893,2.59378897612,10.6025091315
-0.215384615385,3.92713481899,2.59417893453,10.5995495568
-0.212820512821,3.92634500535,2.59457453426,10.5965473662
-0.210256410256,3.92554393034,2.59497568341,10.5935032945
-0.207692307692,3.92473178489,2.59538229072,10.5904180709
-0.205128205128,3.92390875848,2.59579426561,10.5872924193
-0.202564102564,3.92307503922,2.59621151813,10.5841270582
-0.2,3.92223081383,2.59663395896,10.580922701
-0.2,3.92223081383,2.59663395896,10.580922701
-0.197435897436,3.92137626875,2.59706149963,10.5776800586
-0.194871794872,3.92051158661,2.59749405209,10.57439983
-0.192307692308,3.91963695027,2.59793152897,10.5710827138
-0.189743589744,3.91875254118,2.59837384354,10.5677294028
-0.187179487179,3.91785853939,2.59882090965,10.5643405847
-0.184615384615,3.91695512359,2.59927264178,10.560916942
-0.182051282051,3.91604247113,2.59972895499,10.5574591522
-0.179487179487,3.91512075808,2.60018976495,10.5539678877
-0.176923076923,3.91419015921,2.60065498789,10.550443816
-0.174358974359,3.91325084805,2.60112454063,10.5468875999
-0.171794871795,3.91230299689,2.60159834055,10.5432998974
-0.169230769231,3.91134677676,2.60207630558,10.5396813616
-0.166666666667,3.91038235753,2.60255835421,10.5360326413
-0.164102564103,3.90940990786,2.60304440544,10.5323543804
-0.161538461538,3.90842959522,2.60353437882,10.5286472184
-0.158974358974,3.90744158594,2.60402819439,10.5249117905
-0.15641025641,3.90644604518,2.60452577272,10.5211487272
-0.153846153846,3.905443137,2.60502703487,10.5173586548
-0.151282051282,3.90443302432,2.60553190235,10.5135421955
-0.148717948718,3.90341586898,2.60604029719,10.509699967
-0.146153846154,3.90239183175,2.60655214186,10.505832583
-0.14358974359,3.90136107232,2.60706735928,10.5019406531
-0.141025641026,3.90032374938,2.60758587283,10.4980247831
-0.138461538462,3.89928002057,2.6081076063,10.4940855746
-0.135897435897,3.89823004255,2.60863248391,10.4901236256
-0.133333333333,3.89717397103,2.60916043031,10.4861395303
-0.130769230769,3.89611196073,2.60969137052,10.4821338792
-0.128205128205,3.89504416549,2.61022522998,10.4781072593
-0.125641025641,3.89397073819,2.61076193447,10.4740602541
-0.123076923077,3.89289183088,2.61130141019,10.4699934436
-0.120512820513,3.8918075947,2.61184358363,10.4659074047
-0.117948717949,3.89071817995,2.61238838169,10.4618027108
-0.115384615385,3.8896237361,2.61293573155,10.4576799323
-0.112820512821,3.88852441179,2.61348556073,10.4535396362
-0.110256410256,3.88742035483,2.61403779705,10.4493823866
-0.107692307692,3.88631171221,2.6145923686,10.4452087445
-0.105128205128,3.88519863009,2.61514920378,10.4410192679
-0.102564102564,3.88408125381,2.6157082312,10.4368145115
-0.1,3.88295972783,2.61626937975,10.4325950272
-0.1,3.88295972783,2.61626937975,10.4325950272
-0.0974358974359,3.88183420016,2.6168325787,10.4283613755
-0.0948717948718,3.88070481069,2.61739775744,10.4241140942
-0.0923076923077,3.87957170284,2.61796484563,10.4198537301
-0.0897435897436,3.87843501923,2.61853377311,10.4155808274
-0.0871794871795,3.87729490175,2.61910446993,10.4112959275
-0.0846153846154,3.87615149162,2.61967686629,10.4069995694
-0.0820512820513,3.87500492948,2.62025089256,10.4026922901
-0.0794871794872,3.87385535541,2.62082647928,10.3983746243
-0.0769230769231,3.872702909,2.62140355714,10.3940471051
-0.074358974359,3.87154772936,2.62198205696,10.3897102637
-0.0717948717949,3.87038995516,2.62256190969,10.3853646298
-0.0692307692308,3.86922972465,2.62314304637,10.3810107316
-0.0666666666667,3.86806717569,2.62372539817,10.3766490958
-0.0641025641026,3.86690244577,2.62430889631,10.3722802477
-0.0615384615385,3.86573567203,2.62489347211,10.3679047116
-0.0589743589744,3.86456699126,2.62547905691,10.3635230105
-0.0564102564103,3.86339653997,2.62606558213,10.3591356662
-0.0538461538462,3.86222445433,2.62665297917,10.3547431998
-0.0512820512821,3.86105087026,2.62724117949,10.3503461314
-0.0487179487179,3.85987592344,2.62783011451,10.3459449802
-0.0461538461538,3.85869974931,2.62841971565,10.341540265
-0.0435897435897,3.85752248309,2.6290099143,10.3371325036
-0.0410256410256,3.85634425986,2.6296006418,10.3327222136
-0.0384615384615,3.85516521453,2.63019182943,10.3283099124
-0.0358974358974,3.8539854819,2.63078340842,10.3238961167
-0.0333333333333,3.85280519667,2.63137530989,10.3194813434
-0.0307692307692,3.8516244935,2.63196746488,10.3150661094
-0.0282051282051,3.850443507,2.63255980431,10.3106509316
-0.025641025641,3.84926237177,2.63315225897,10.3062363271
-0.0230769230769,3.84808122247,2.63374475954,10.3018228134
-0.0205128205128,3.84690019374,2.63433723651,10.2974109084
-0.0179487179487,3.84571942033,2.63492962022,10.2930011305
-0.0153846153846,3.84453903703,2.63552184083,10.2885939988
-0.0128205128205,3.8433591787,2.63611382827,10.2841900329
-0.0102564102564,3.84217998027,2.63670551229,10.2797897532
-0.00769230769231,3.8410015767,2.63729682238,10.2753936806
-0.00512820512821,3.83982410298,2.63788768775,10.2710023368
-0.0025641025641,3.83864769408,2.63847803737,10.266616244
0,3.83747248486,2.63906779987,10.2622359249
0,3.83747248486,2.63906779987,10.2622359249
0.0025641025641,3.83629861638,2.63965690345,10.2578619192
0.00512820512821,3.83512622101,2.64024527644,10.2534947439
0.00769230769231,3.83395543562,2.64083284666,10.2491349294
0.0102564102564,3.83278639732,2.64141954155,10.2447830074
0.0128205128205,3.83161924345,2.64200528816,10.2404395113
0.0153846153846,3.83045411174,2.64259001318,10.2361049763
0.0179487179487,3.82929114025,2.64317364287,10.2317799397
0.0205128205128,3.82813046751,2.6437561031,10.2274649409
0.0230769230769,3.82697223251,2.6443373193,10.2231605217
0.025641025641,3.82581657473,2.64491721648,10.2188672262
0.0282051282051,3.82466363421,2.64549571917,10.2145856014
0.0307692307692,3.82351355154,2.64607275144,10.2103161969
0.0333333333333,3.82236646792,2.64664823686,10.2060595652
0.0358974358974,3.82122252518,2.64722209851,10.201816262
0.0384615384615,3.82008186577,2.64779425892,10.1975868459
0.0410256410256,3.81894463286,2.6483646401,10.1933718789
0.0435897435897,3.81781097029,2.64893316347,10.1891719263
0.0461538461538,3.81668102265,2.64949974987,10.1849875572
0.0487179487179,3.8155549353,2.65006431955,10.180819344
0.0512820512821,3.81443285437,2.65062679213,10.1766678631
0.0538461538462,3.81331492682,2.65118708658,10.1725336947
0.0564102564103,3.81220130048,2.65174512121,10.1684174231
0.0589743589744,3.81109212406,2.65230081366,10.1643196368
0.0615384615385,3.80998754718,2.65285408085,10.1602409287
0.0641025641026,3.80888772043,2.653404839,10.1561818961
0.0666666666667,3.80779279542,2.65395300359,10.1521431408
0.0692307692308,3.80670292476,2.65449848934,10.1481252698
0.0717948717949,3.80561826217,2.65504121018,10.1441288945
0.074358974359,3.80453896244,2.65558107927,10.1401546318
0.0769230769231,3.80346518154,2.65611800895,10.1362031037
0.0794871794872,3.80239707663,2.65665191072,10.1322749375
0.0820512820513,3.80133480607,2.65718269525,10.1283707663
0.0846153846154,3.80027852948,2.65771027232,10.1244912285
0.0871794871795,3.79922840777,2.65823455085,10.1206369686
0.0897435897436,3.79818460316,2.65875543883,10.116808637
0.0923076923077,3.79714727919,2.65927284333,10.11300689
0.0948717948718,3.79611660074,2.65978667047,10.1092323903
0.0974358974359,3.79509273403,2.66029682542,10.1054858067
0.1,3.79407584666,2.66080321232,10.1017678142
0.1,3.79407584666,2.66080321232,10.1017678142
0.102564102564,3.79306610437,2.66130573312,10.0980790854
0.105128205128,3.79206368469,2.66180429088,10.0944203264
0.107692307692,3.79106875858,2.66229878653,10.0907922292
0.110256410256,3.79008149933,2.66278911996,10.0871954948
0.112820512821,3.78910208237,2.66327518995,10.0836308327
0.115384615385,3.78813068515,2.66375689416,10.0800989609
0.117948717949,3.7871674871,2.66423412912,10.0766006053
0.120512820513,3.78621266954,2.6647067902,10.0731364998
0.123076923077,3.78526641572,2.66517477156,10.0697073866
0.125641025641,3.78432891074,2.66563796615,10.0663140155
0.128205128205,3.78340034169,2.66609626572,10.0629571447
0.130769230769,3.78248089758,2.66654956075,10.0596375406
0.133333333333,3.78157076947,2.66699774047,10.056355978
0.135897435897,3.7806701505,2.6674406928,10.0531132405
0.138461538462,3.77977923595,2.66787830439,10.0499101202
0.141025641026,3.7788982233,2.66831046055,10.0467474185
0.14358974359,3.77802731231,2.66873704527,10.0436259457
0.146153846154,3.77716670509,2.66915794118,10.0405465217
0.148717948718,3.77631660612,2.66957302952,10.0375099758
0.151282051282,3.77547722234,2.66998219017,10.034517147
0.153846153846,3.7746487632,2.67038530157,10.0315688841
0.15641025641,3.77383144068,2.67078224077,10.0286660458
0.158974358974,3.77302546935,2.67117288334,10.0258095006
0.161538461538,3.77223106642,2.67155710341,10.0230001275
0.164102564103,3.77144845174,2.67193477364,10.0202388153
0.166666666667,3.77067784789,2.67230576517,10.017526463
0.169230769231,3.76991948016,2.67266994768,10.0148639801
0.171794871795,3.76917357662,2.67302718931,10.0122522862
0.174358974359,3.76844036819,2.67337735666,10.0096923115
0.176923076923,3.76772008867,2.67372031482,10.0071849964
0.179487179487,3.76701297481,2.67405592736,10.0047312924
0.182051282051,3.76631926644,2.67438405629,10.0023321614
0.184615384615,3.76563920655,2.6747045621,9.99998857656
0.187179487179,3.76497304146,2.67501730375,9.99770152255
0.189743589744,3.76432102098,2.67532213872,9.99547199567
0.192307692308,3.76368339864,2.67561892299,9.99330100459
0.194871794872,3.76306043195,2.67590751107,9.99118957094
0.197435897436,3.76245238273,2.67618775607,9.98913873007
0.2,3.76185951746,2.6764595097,9.98714953202
0.2,3.76185951746,2.6764595097,9.98714953202
0.202564102564,3.76128206271,2.67672261879,9.98522292183
0.205128205128,3.76072033136,2.67697693426,9.9833600759
0.207692307692,3.76017458924,2.67722230237,9.98156204677
0.210256410256,3.75964510877,2.67745856813,9.97982990615
0.212820512821,3.75913216796,2.67768557529,9.97816474213
0.215384615385,3.75863604979,2.67790316625,9.97656765703
0.217948717949,3.75815704158,2.67811118206,9.97503976567
0.220512820513,3.75769543464,2.67830946243,9.97358219408
0.223076923077,3.75725152402,2.67849784571,9.9721960785
0.225641025641,3.75682560827,2.67867616892,9.97088256471
0.228205128205,3.75641798942,2.67884426781,9.96964280746
0.230769230769,3.7560289729,2.67900197689,9.96847797015
0.233333333333,3.75565886758,2.67914912949,9.96738922457
0.235897435897,3.7553079858,2.67928555781,9.96637775068
0.238461538462,3.7549766434,2.67941109301,9.96544473642
0.241025641026,3.75466515979,2.67952556527,9.96459137755
0.24358974359,3.75437385797,2.67962880389,9.96381887732
0.246153846154,3.75410306455,2.67972063734,9.96312844621
0.248717948718,3.75385310976,2.67980089339,9.9625213015
0.251282051282,3.75362432737,2.67986939916,9.96199866676
0.253846153846,3.75341705468,2.67992598127,9.96156177125
0.25641025641,3.75323163238,2.67997046587,9.96121184917
0.258974358974,3.75306840442,2.68000267882,9.96095013884
0.261538461538,3.75292771785,2.68002244574,9.96077788176
0.264102564103,3.75280992266,2.68002959216,9.9606963216
0.266666666667,3.75271537157,2.68002394366,9.96070670314
0.269230769231,3.7526444198,2.68000532594,9.96081027107
0.271794871795,3.7525974249,2.67997356504,9.96100826896
0.274358974359,3.75257474658,2.67992848744,9.96130193805
0.276923076923,3.7525767465,2.67986992024,9.96169251624
0.279487179487,3.75260378823,2.67979769135,9.96218123713
0.282051282051,3.7526562372,2.67971162969,9.96276932924
0.284615384615,3.75273446071,2.67961156541,9.96345801542
0.287179487179,3.75283882817,2.67949733012,9.96424851256
0.289743589744,3.75296971132,2.67936875717,9.96514203161
0.292307692308,3.75312748473,2.67922568191,9.96613977805
0.294871794872,3.75331252647,2.67906794208,9.9672429528
0.297435897436,3.75352521891,2.67889537811,9.96845275375
0.3,3.75376594989,2.67870783354,9.96977037793
0.3,3.75376594989,2.67870783354,9.96977037793
0.302564102564,3.75403496551,2.67850514977,9.97119662794
0.305128205128,3.75433276448,2.67828717698,9.9727329673
0.307692307692,3.75465969936,2.67805376589,9.97438044404
0.310256410256,3.75501612861,2.67780477162,9.97614010341
0.312820512821,3.75540241396,2.6775400538,9.9780129795
0.315384615385,3.75581891821,2.67725947665,9.9800000882
0.317948717949,3.7562660034,2.67696290922,9.98210242115
0.320512820513,3.75674402933,2.67665022557,9.98432094065
0.323076923077,3.75725335243,2.67632130512,9.98665657521
0.325641025641,3.75779432471,2.67597603296,9.9891102158
0.328205128205,3.75836729305,2.67561430019,9.99168271247
0.330769230769,3.75897259848,2.67523600432,9.9943748714
0.333333333333,3.75961057566,2.67484104971,9.99718745212
0.335897435897,3.76028155239,2.67442934795,10.0001211649
0.338461538462,3.76098584907,2.67400081831,10.0031766684
0.341025641026,3.76172377831,2.67355538819,10.0063545669
0.34358974359,3.76249564439,2.67309299355,10.0096554077
0.346153846154,3.76330174278,2.67261357939,10.0130796789
0.348717948718,3.76414235951,2.67211710014,10.016627806
0.351282051282,3.7650177706,2.67160352013,10.0203001493
0.353846153846,3.76592824135,2.67107281402,10.0240970008
0.35641025641,3.76687402559,2.67052496722,10.0280185807
0.358974358974,3.76785536489,2.66995997627,10.032065034
0.361538461538,3.76887248771,2.66937784929,10.0362364275
0.364102564103,3.76992560854,2.66877860635,10.0405327454
0.366666666667,3.771014927,2.66816227985,10.0449538864
0.369230769231,3.772140627,2.6675289149,10.0494996596
0.371794871795,3.77330287586,2.6668785697,10.0541697815
0.374358974359,3.77450182363,2.6662113159,10.0589638726
0.376923076923,3.77573760235,2.66552723896,10.0638814544
0.379487179487,3.77701032564,2.66482643853,10.0689219471
0.382051282051,3.77832008833,2.66410902883,10.0740846678
0.384615384615,3.77966696645,2.66337513902,10.0793688288
0.387179487179,3.78105101744,2.66262491362,10.0847735378
0.389743589744,3.78247228078,2.66185851293,10.0902977982
0.392307692308,3.78393077902,2.66107611348,10.0959405109
0.394871794872,3.78542651926,2.66027790854,10.1017004776
0.397435897436,3.78695949527,2.65946410862,10.1075764057
0.4,3.78852969018,2.65863494209,10.1135669144
0.4,3.78852969018,2.65863494209,10.1135669144
0.402564102564,3.7901367909,2.65779064757,10.1196697769
0.405128205128,3.79178092083,2.65693148749,10.1258838806
0.407692307692,3.79346193068,2.65605773471,10.1322073122
0.410256410256,3.79517965991,2.65516968041,10.1386380696
0.412820512821,3.79693393251,2.65426763364,10.1451740502
0.415384615385,3.79872455364,2.65335192099,10.1518130419
0.417948717949,3.80055130722,2.65242288628,10.1585527169
0.420512820513,3.80241395413,2.65148089021,10.1653906267
0.423076923077,3.80431223101,2.65052631012,10.1723241997
0.425641025641,3.80624584959,2.64955953966,10.1793507401
0.428205128205,3.80821449649,2.64858098848,10.1864674275
0.430769230769,3.81021783323,2.64759108197,10.1936713183
0.433333333333,3.81225549665,2.64659026084,10.200959348
0.435897435897,3.81432709943,2.64557898085,10.2083283337
0.438461538462,3.81643223081,2.64455771233,10.2157749772
0.441025641026,3.81857045735,2.64352693977,10.2232958692
0.44358974359,3.8207413238,2.6424871614,10.2308874933
0.446153846154,3.82294435399,2.64143888857,10.2385462298
0.448717948718,3.82517905163,2.64038264527,10.2462683609
0.451282051282,3.82744490114,2.63931896748,10.2540500746
0.453846153846,3.82974136846,2.63824840252,10.2618874696
0.45641025641,3.83206790176,2.63717150835,10.2697765596
0.458974358974,3.83442393213,2.63608885279,10.2777132785
0.461538461538,3.83680887422,2.63500101278,10.2856934844
0.464102564103,3.83922212686,2.63390857349,10.2937129651
0.466666666667,3.84166307376,2.63281212748,10.3017674424
0.469230769231,3.84413108411,2.63171227379,10.3098525781
0.471794871795,3.84662551339,2.63060961701,10.3179639787
0.474358974359,3.84914570424,2.62950476636,10.326097202
0.476923076923,3.85169098754,2.62839833467,10.3342477636
0.479487179487,3.85426068371,2.62729093749,10.3424111442
0.482051282051,3.85685410436,2.62618319208,10.350582798
0.484615384615,3.8594705543,2.62507571653,10.3587581622
0.487179487179,3.86210933403,2.62396912877,10.3669326677
0.489743589744,3.86476974286,2.62286404582,10.3751017517
0.492307692308,3.86745108261,2.62176108285,10.3832608717
0.494871794872,3.87015266212,2.62066085255,10.3914055224
0.497435897436,3.87287380274,2.6195639644,10.3995312541
0.5,3.87561384468,2.61847102416,10.4076336945
0.5,3.87561384468,2.61847102416,10.4076336945
0.502564102564,3.87837179046,2.6173826477,10.4157076003
0.505128205128,3.88114713455,2.61629941555,10.4237491032
0.507692307692,3.88393914877,2.61522191026,10.4317537592
0.510256410256,3.88674711252,2.61415070831,10.4397171911
0.512820512821,3.88957031152,2.61308637873,10.4476350892
0.515384615385,3.89240803683,2.61202948203,10.4555032142
0.517948717949,3.89525958405,2.61098056907,10.4633173995
0.520512820513,3.89812425289,2.60994018018,10.471073555
0.523076923077,3.90100134668,2.60890884439,10.4787676699
0.525641025641,3.9038901722,2.60788707866,10.4863958169
0.528205128205,3.90679003943,2.60687538732,10.493954156
0.530769230769,3.90970026146,2.60587426152,10.5014389382
0.533333333333,3.91262015429,2.60488417879,10.5088465095
0.535897435897,3.91554903671,2.60390560267,10.5161733144
0.538461538462,3.91848623008,2.60293898237,10.5234158997
0.541025641026,3.92143105806,2.60198475254,10.5305709174
0.54358974359,3.92438284627,2.60104333301,10.537635128
0.546153846154,3.92734092181,2.60011512868,10.5446054025
0.548717948718,3.93030461271,2.59920052935,10.5514787256
0.551282051282,3.93327324729,2.5982999096,10.5582521967
0.553846153846,3.93624615333,2.59741362881,10.5649230316
0.55641025641,3.9392226572,2.59654203102,10.571488564
0.558974358974,3.94220208283,2.59568544497,10.5779462456
0.561538461538,3.94518375062,2.59484418409,10.5842936463
0.564102564103,3.94816697623,2.59401854651,10.5905284548
0.566666666667,3.95115106929,2.59320881509,10.5966484773
0.569230769231,3.95413533211,2.5924152575,10.6026516373
0.571794871795,3.9571190583,2.59163812627,10.6085359745
0.574358974359,3.9601015314,2.59087765887,10.6142996433
0.576923076923,3.96308202359,2.59013407779,10.6199409116
0.579487179487,3.96605979437,2.58940759072,10.6254581597
0.582051282051,3.96903408939,2.58869839059,10.6308498784
0.584615384615,3.97200413947,2.5880066558,10.6361146677
0.587179487179,3.97496915968,2.58733255038,10.6412512362
0.589743589744,3.97792834879,2.58667622415,10.6462583997
0.592307692308,3.9808808889,2.58603781303,10.6511350811
0.594871794872,3.98382594545,2.58541743924,10.6558803105
0.597435897436,3.9867626677,2.58481521165,10.6604932258
0.6,3.98969018953,2.58423122614,10.6649730748
0.6,3.98969018953,2.58423122614,10.6649730748
0.602564102564,3.99260780973,2.58366562856,10.66931971
0.605128205128,3.99551425162,2.58311845099,10.6735316331
0.607692307692,3.99840864345,2.58258975938,10.6776085628
0.610256410256,4.00129005537,2.58207960759,10.6815502133
0.612820512821,4.00415750874,2.58158803823,10.6853563207
0.615384615385,4.00700998318,2.58111508343,10.6890266624
0.617948717949,4.00984642189,2.58066076536,10.692561072
0.620512820513,4.01266573543,2.58022509672,10.6959594482
0.623076923077,4.01546680428,2.57980808112,10.699221761
0.625641025641,4.01824848032,2.57940971334,10.7023480543
0.628205128205,4.02100958764,2.57902997965,10.7053384462
0.630769230769,4.02374892273,2.57866885798,10.708193127
0.633333333333,4.02646525429,2.57832631812,10.7109123562
0.635897435897,4.02915732286,2.57800232193,10.7134964588
0.638461538462,4.03182384033,2.57769682351,10.7159458206
0.641025641026,4.03446348962,2.57740976944,10.7182608834
0.64358974359,4.03707492435,2.57714109894,10.7204421413
0.646153846154,4.03965676894,2.57689074414,10.7224901358
0.648717948718,4.04220761882,2.57665863034,10.7244054532
0.651282051282,4.04472604114,2.5764446763,10.7261887215
0.653846153846,4.04721057578,2.57624879453,10.7278406084
0.65641025641,4.04965973665,2.57607089161,10.7293618202
0.658974358974,4.05207201347,2.57591086855,10.7307531012
0.661538461538,4.05444587368,2.57576862109,10.732015234
0.664102564103,4.05677976467,2.57564404007,10.7331490394
0.666666666667,4.05907211614,2.5755370117,10.7341553772
0.669230769231,4.06132134245,2.57544741785,10.7350351467
0.671794871795,4.06352584488,2.57537513631,10.7357892864
0.674358974359,4.06568401368,2.57532004088,10.7364187727
0.676923076923,4.06779422963,2.5752820015,10.7369246174
0.679487179487,4.06985486503,2.57526088418,10.7373078633
0.682051282051,4.07186428387,2.57525655083,10.737569577
0.684615384615,4.07382084093,2.5752688589,10.7377108383
0.687179487179,4.07572287953,2.5752976609,10.737732726
0.689743589744,4.07756872777,2.57534280361,10.7376362986
0.692307692308,4.07935669279,2.5754041271,10.73742257
0.694871794872,4.08108505287,2.57548146344,10.7370924777
0.697435897436,4.08275204703,2.57557463511,10.7366468446
0.7,4.08435586162,2.57568345304,10.7360863317
0.7,4.08435586162,2.57568345304,10.7360863317
0.702564102564,4.0858968357,2.57580787414,10.7354172418
0.705128205128,4.08737124786,2.57594764036,10.7346351915
0.707692307692,4.08877785539,2.57610259554,10.733742303
0.710256410256,4.09011530102,2.57627257054,10.7327403311
0.712820512821,4.09138215871,2.57645738721,10.7316307794
0.715384615385,4.0925769703,2.57665686141,10.7304149918
0.717948717949,4.09369827409,2.57687080519,10.7290942217
0.720512820513,4.09474462681,2.57709902837,10.7276696827
0.723076923077,4.09571461982,2.57734133951,10.7261425835
0.725641025641,4.09660689067,2.57759754647,10.7245141504
0.728205128205,4.09742013095,2.57786745663,10.7227856391
0.730769230769,4.0981530912,2.57815087683,10.7209583387
0.733333333333,4.09880458369,2.57844761315,10.7190335704
0.735897435897,4.09937348373,2.5787574706,10.7170126811
0.738461538462,4.09985873012,2.57908025275,10.7148970357
0.741025641026,4.10025932513,2.57941576136,10.7126880082
0.74358974359,4.10057433461,2.57976379608,10.7103869729
0.746153846154,4.10080288843,2.58012415425,10.7079952968
0.748717948718,4.10094418151,2.58049663075,10.7055143343
0.751282051282,4.10099747566,2.58088101806,10.7029454241
0.753846153846,4.10096210234,2.58127710636,10.7002898887
0.75641025641,4.10083746617,2.58168468384,10.6975490366
0.758974358974,4.10062304931,2.58210353706,10.6947241677
0.761538461538,4.10031841642,2.58253345146,10.6918165798
0.764102564103,4.09992321998,2.58297421188,10.6888275771
0.766666666667,4.09943720561,2.58342560317,10.6857584795
0.769230769231,4.09886021698,2.58388741073,10.6826106309
0.771794871795,4.09819219986,2.58435942099,10.6793854057
0.774358974359,4.09743320455,2.58484142178,10.6760842121
0.776923076923,4.0965833863,2.58533320245,10.6727084897
0.779487179487,4.0956430026,2.58583455374,10.6692597004
0.782051282051,4.09461240684,2.58634526724,10.6657393092
0.784615384615,4.09349203717,2.5868651344,10.6621487533
0.787179487179,4.09228239969,2.58739394495,10.6584893959
0.789743589744,4.09098404479,2.58793148463,10.6547624635
0.792307692308,4.0895975355,2.58847753208,10.6509689607
0.794871794872,4.08812340658,2.58903185489,10.6471095623
0.797435897436,4.08656211301,2.58959420442,10.6431844761
0.8,4.08491396645,2.59016430955,10.6391932752
0.8,4.08491396645,2.59016430955,10.6391932752
0.802564102564,4.08318538986,2.59074211016,10.6351512505
0.805128205128,4.08137234425,2.59132728702,10.6310458918
0.807692307692,4.07947680892,2.59191968546,10.626880491
0.810256410256,4.07750055222,2.59251912092,10.6226575055
0.812820512821,4.07544522368,2.59312538965,10.6183788132
0.815384615385,4.07331242564,2.59373827712,10.6140459121
0.817948717949,4.07110376708,2.5943575643,10.6096600734
0.820512820513,4.06882090236,2.59498303216,10.6052224534
0.823076923077,4.06646555735,2.59561446472,10.6007341721
0.825641025641,4.06403954501,2.59625165094,10.596196363
0.828205128205,4.06154477263,2.59689438557,10.5916102018
0.830769230769,4.0589832425,2.59754246932,10.5869769163
0.833333333333,4.05635704785,2.59819570842,10.5822977843
0.835897435897,4.05366836536,2.5988539139,10.5775741225
0.838461538462,4.05091944575,2.5995169006,10.5728072699
0.841025641026,4.04811260345,2.60018448617,10.5679985694
0.84358974359,4.04525020643,2.60085649001,10.563149349
0.846153846154,4.04233466687,2.60153273248,10.5582609065
0.848717948718,4.03936843329,2.60221303423,10.5533344975
0.851282051282,4.03635398458,2.6028972158,10.5483713286
0.853846153846,4.03329382612,2.60358509753,10.5433725566
0.85641025641,4.03019048801,2.6042764998,10.5383392938
0.858974358974,4.02704652536,2.6049712435,10.5332726182
0.861538461538,4.02386452017,2.60566915081,10.5281735889
0.864102564103,4.02064708444,2.60637004618,10.5230432651
0.866666666667,4.01739686373,2.60707375748,10.5178827258
0.869230769231,4.0141165403,2.60778011716,10.5126930901
0.871794871795,4.01080883484,2.60848896339,10.5074755325
0.874358974359,4.00747650542,2.60920014103,10.5022312923
0.876923076923,4.00412234238,2.60991350222,10.4969616727
0.879487179487,4.00074915746,2.61062890657,10.4916680241
0.882051282051,3.99735976542,2.61134622058,10.4863517086
0.884615384615,3.99395695609,2.6120653162,10.4810140399
0.887179487179,3.99054345489,2.61278606834,10.4756561919
0.889743589744,3.98712186925,2.61350835094,10.4702790715
0.892307692308,3.9836946185,2.61423203151,10.4648831477
0.894871794872,3.98026384465,2.61495696378,10.4594682303
0.897435897436,3.97683130088,2.61568297808,10.4540331903
0.9,3.97339821499,2.61640986937,10.4485756144
0.9,3.97339821499,2.61640986937,10.4485756144
0.902564102564,3.96997591359,2.61713746374,10.443119692
0.905128205128,3.96655925648,2.61786567333,10.4376457788
0.907692307692,3.96315158777,2.61859449221,10.4321573808
0.910256410256,3.95975582779,2.61932386104,10.4266569613
0.912820512821,3.95637458727,2.62005368492,10.4211462561
0.915384615385,3.95301025622,2.62078384759,10.4156265228
0.917948717949,3.94966507101,2.62151422219,10.4100987307
0.920512820513,3.94634116282,2.62224467939,10.4045637021
0.923076923077,3.94304059055,2.62297509299,10.3990222111
0.925641025641,3.93976536089,2.62370534355,10.3934750483
0.928205128205,3.93651743817,2.62443532044,10.3879230573
0.930769230769,3.93329874627,2.62516492248,10.3823671499
0.933333333333,3.93011116479,2.62589405764,10.3768083046
0.935897435897,3.9269565212,2.62662264197,10.3712475542
0.938461538462,3.92383658076,2.62735059804,10.3656859665
0.941025641026,3.92075303566,2.62807785318,10.3601246213
0.94358974359,3.91770749439,2.62880433748,10.3545645882
0.946153846154,3.91470147254,2.62952998209,10.3490069065
0.948717948718,3.91173638571,2.63025471749,10.3434525701
0.951282051282,3.90881354491,2.63097847231,10.3379025182
0.953846153846,3.90593415502,2.63170117233,10.3323576331
0.95641025641,3.90309931611,2.63242274009,10.3268187455
0.958974358974,3.90031002773,2.63314309488,10.321286646
0.961538461538,3.89756719554,2.6338621532,10.3157621038
0.964102564103,3.89487163985,2.63457982963,10.3102458887
0.966666666667,3.89222410522,2.63529603816,10.3047387967
0.969230769231,3.88962526995,2.63601069362,10.299241675
0.971794871795,3.88707575439,2.63672371349,10.2937554433
0.974358974359,3.88457612629,2.63743501955,10.2882811094
0.976923076923,3.88212690176,2.63814453952,10.2828197715
0.979487179487,3.87972853959,2.63885220828,10.2773726058
0.982051282051,3.87738142704,2.63955796864,10.271940831
0.984615384615,3.87508585439,2.64026177121,10.2665256455
0.987179487179,3.87284197587,2.6409635733,10.2611281294
0.989743589744,3.87064975398,2.64166333645,10.255749105
0.992307692308,3.86850888413,2.64236102228,10.2503889471
0.994871794872,3.86641869633,2.64305658635,10.2450473354
0.997435897436,3.8643780303,2.64374996965,10.2397229398
1,3.86238508042,2.64444108738,10.2344130281
1,3.86238508042,2.64444108738,10.2344130281
1.00256410256,3.86044541042,2.64512916673,10.2291344404
1.00512820513,3.85855533716,2.64581454154,10.2238788533
1.00769230769,3.8567142942,2.64649726488,10.2186471995
1.01025641026,3.8549216217,2.64717733426,10.2134404162
1.01282051282,3.85317657605,2.64785470492,10.2082594379
1.01538461538,3.85147833818,2.64852930121,10.2031051931
1.01794871795,3.84982602063,2.64920102598,10.1979786038
1.02051282051,3.84821867358,2.64986976827,10.1928805864
1.02307692308,3.8466552898,2.6505354094,10.1878120544
1.02564102564,3.84513480892,2.65119782767,10.1827739218
1.02820512821,3.84365612076,2.65185690174,10.1777671065
1.03076923077,3.84221806822,2.65251251297,10.1727925337
1.03333333333,3.84081944957,2.65316454668,10.1678511394
1.0358974359,3.83945902037,2.65381289263,10.1629438719
1.03846153846,3.83813549509,2.6544574448,10.1580716937
1.04102564103,3.83684754863,2.65509810059,10.1532355812
1.04358974359,3.83559381766,2.65573475956,10.1484365244
1.04615384615,3.83437290212,2.65636732188,10.1436755245
1.04871794872,3.83318336676,2.65699568661,10.1389535908
1.05128205128,3.832023743,2.6576197498,10.1342717375
1.05384615385,3.8308925311,2.65823940275,10.1296309785
1.05641025641,3.82978820278,2.65885453034,10.125032323
1.05897435897,3.82870920439,2.65946500958,10.1204767711
1.06153846154,3.82765396069,2.66007070859,10.1159653094
1.0641025641,3.82662087939,2.66067148592,10.111498908
1.06666666667,3.82560835647,2.66126719046,10.1070785194
1.06923076923,3.82461478247,2.66185766196,10.1027050795
1.07179487179,3.82363854968,2.6624427322,10.0983795119
1.07435897436,3.82267806052,2.663022227,10.0941027356
1.07692307692,3.82173173701,2.66359596899,10.0898756786
1.07948717949,3.82079803148,2.66416378139,10.085699296
1.08205128205,3.81987543868,2.66472549269,10.0815745964
1.08461538462,3.81896250925,2.6652809424,10.0775026747
1.08717948718,3.81805786464,2.66582998787,10.0734847556
1.08974358974,3.81716021365,2.66637251232,10.0695222464
1.09230769231,3.81626837057,2.66690843395,10.065616802
1.09487179487,3.81538127503,2.66743771637,10.0617704035
1.09743589744,3.81449801362,2.66796038028,10.0579854504
1.1,3.81361784334,2.66847651646,10.0542648703
1.1,3.81361784334,2.66847651646,10.0542648703
1.10256410256,3.81272581313,2.66898425635,10.050573736
1.10512820513,3.81183816795,2.66948431041,10.0469588974
1.10769230769,3.81095076421,2.66997648494,10.0434129518
1.11025641026,3.81006074745,2.67046063002,10.0399320418
1.11282051282,3.80916617589,2.67093661386,10.036514756
1.11538461538,3.80826572665,2.67140430477,10.0331612679
1.11794871795,3.80735847299,2.67186355939,10.0298726827
1.12051282051,3.80644372195,2.6723142162,10.0266505578
1.12307692308,3.8055209024,2.67275609302,10.0234965719
1.12564102564,3.80458949437,2.67318898771,10.0204123128
1.12820512821,3.80364899124,2.67361268108,10.0173991627
1.13076923077,3.80269888714,2.67402694133,10.0144582559
1.13333333333,3.80173868274,2.67443152923,10.0115904929
1.1358974359,3.80076790323,2.6748262036,10.0087965887
1.13846153846,3.79978612331,2.67521072636,10.0060771441
1.14102564103,3.79879299448,2.67558486707,10.0034327233
1.14358974359,3.79778827095,2.67594840629,10.00086393
1.14615384615,3.79677183104,2.67630113785,9.99837146927
1.14871794872,3.79574369194,2.6766428697,9.99595619288
1.15128205128,3.79470401618,2.67697342331,9.99361911968
1.15384615385,3.79365310925,2.67729263177,9.9913614314
1.15641025641,3.7925914083,2.67760033659,9.98918444252
1.15897435897,3.7915194628,2.67789638352,9.98708954678
1.16153846154,3.79043790867,2.67818061756,9.98507814439
1.1641025641,3.78934743837,2.6784528777,9.98315155662
1.16666666667,3.78824876991,2.67871299172,9.98131093632
1.16923076923,3.78714261872,2.67896077172,9.97955718536
1.17179487179,3.78602967714,2.67919601091,9.97789089195
1.17435897436,3.78491060678,2.67941848249,9.97631230318
1.17692307692,3.78378605008,2.6796279414,9.97482135017
1.17948717949,3.78265666793,2.6798241298,9.9734177456
1.18205128205,3.78152321122,2.68000678736,9.97210117526
1.18461538462,3.78038663458,2.68017566733,9.97087160786
1.18717948718,3.77924826186,2.68033055969,9.96972974923
1.18974358974,3.77811001314,2.68047132249,9.96867766931
1.19230769231,3.77697470424,2.6805979229,9.96771963261
1.19487179487,3.77584643016,2.6807104893,9.96686316497
1.19743589744,3.77473104494,2.68080937599,9.96612039157
1.2,3.7736367509,2.68089524209,9.96550968349
1.2,3.7736367509,2.68089524209,9.96550968349
1.20256410256,3.77250677919,2.68096559047,9.96487728203
1.20512820513,3.77140227615,2.68102147586,9.96438339198
1.20769230769,3.77031659218,2.68106224781,9.96400470466
1.21025641026,3.76924666583,2.68108759369,9.96372794426
1.21282051282,3.76819192098,2.68109741632,9.9635467667
1.21538461538,3.76715340301,2.68109174035,9.96345932751
1.21794871795,3.76613312113,2.6810706433,9.96346642754
1.22051282051,3.76513356603,2.68103420758,9.96357015083
1.22307692308,3.76415737438,2.68098248978,9.96377291565
1.22564102564,3.76320711376,2.68091550415,9.96407686501
1.22820512821,3.76228516378,2.68083321719,9.96448352959
1.23076923077,3.76139367148,2.68073555067,9.96499370162
1.23333333333,3.76053456109,2.68062239065,9.96560746444
1.2358974359,3.75970958049,2.68049360031,9.96632432838
1.23846153846,3.75892036899,2.68034903468,9.96714342977
1.24102564103,3.75816853304,2.6801885556,9.96806375557
1.24358974359,3.75745571881,2.68001204558,9.96908436253
1.24615384615,3.75678367271,2.67981941937,9.97020456543
1.24871794872,3.7561542831,2.67961063237,9.97142407509
1.25128205128,3.75556959862,2.67938568543,9.97274307292
1.25384615385,3.75503182077,2.67914462546,9.97416221462
1.25641025641,3.75454327053,2.67888754202,9.9756825618
1.25897435897,3.75410633099,2.67861455994,9.97730544603
1.26153846154,3.75372337018,2.67832582853,9.97903227628
1.2641025641,3.75339665044,2.67802150806,9.98086430614
1.26666666667,3.75312823279,2.67770175455,9.98280238376
1.26923076923,3.75291988713,2.67736670419,9.98484671309
1.27179487179,3.752773021,2.67701645897,9.98699666107
1.27435897436,3.75268864216,2.67665107528,9.98925065163
1.27692307692,3.75266737202,2.6762705578,9.99160619316
1.27948717949,3.75270952958,2.67587486091,9.99406009217
1.28205128205,3.75281530728,2.67546390052,9.9966089119
1.28461538462,3.75298506275,2.67503757925,9.9992497408
1.28717948718,3.75321975224,2.67459582826,10.0019813415
1.28974358974,3.75352153408,2.67413866937,10.0048057572
1.29230769231,3.75389457241,2.67366630148,10.0077304585
1.29487179487,3.75434607362,2.67317921538,10.0107711194
1.29743589744,3.7548875904,2.67267834153,10.0139551174
1.3,3.75553663014,2.67216523571,10.0173258589
1.3,3.75553663014,2.67216523571,10.0173258589
1.30256410256,3.75617349175,2.6716387789,10.0205614935
1.30512820513,3.75691018692,2.67110006589,10.0239659852
1.30769230769,3.75773275799,2.67054772609,10.0274977458
1.31025641026,3.75863329092,2.66998122805,10.0311323228
1.31282051282,3.75960799184,2.66940060693,10.0348571257
1.31538461538,3.76065568138,2.66880625009,10.0386672822
1.31794871795,3.76177664962,2.66819873304,10.0425624708
1.32051282051,3.76297181813,2.66757869899,10.0465445877
1.32307692308,3.76424215945,2.6669467753,10.0506161143
1.32564102564,3.76558832806,2.66630352076,10.0547790623
1.32820512821,3.76701046059,2.66564939788,10.0590343841
1.33076923077,3.76850810695,2.66498476509,10.0633817441
1.33333333333,3.77008025774,2.66430988396,10.0678195585
1.3358974359,3.77172543697,2.66362493703,10.0723452208
1.33846153846,3.77344183304,2.66293005249,10.0769554385
1.34102564103,3.77522744465,2.66222533209,10.0816466188
1.34358974359,3.77708022203,2.66151087936,10.0864152491
1.34615384615,3.77899818764,2.66078682561,10.0912582297
1.34871794872,3.78097952436,2.66005335166,10.0961731243
1.35128205128,3.78302262285,2.65931070369,10.1011583064
1.35384615385,3.78512608357,2.65855920206,10.1062129854
1.35641025641,3.78728867266,2.65779924259,10.1113371123
1.35897435897,3.78950923479,2.65703129006,10.1165311685
1.36153846154,3.79178656963,2.65625586433,10.1217958558
1.3641025641,3.79411928266,2.65547351992,10.1271317135
1.36666666667,3.79650562438,2.65468482046,10.1325386989
1.36923076923,3.79894333628,2.65389030974,10.1380157784
1.37179487179,3.80142952519,2.65309048188,10.143560584
1.37435897436,3.80396059168,2.65228575347,10.1491692035
1.37692307692,3.80653224199,2.65147644096,10.1548361801
1.37948717949,3.80913961644,2.65066274747,10.1605548074
1.38205128205,3.81177757136,2.64984476323,10.1663178168
1.38461538462,3.81444115517,2.64902248475,10.1721185646
1.38717948718,3.81712632305,2.64819585825,10.1779528338
1.38974358974,3.81983093838,2.64736485336,10.1838213785
1.39230769231,3.8225561129,2.64652957368,10.1897333475
1.39487179487,3.82530794145,2.64569041139,10.1957107339
1.39743589744,3.82809969058,2.64484825362,10.2017940062
1.4,3.83095450444,2.64400474874,10.2080490908
1.4,3.83095450444,2.64400474874,10.2080490908
1.40256410256,3.83370798978,2.64316286933,10.2140433318
1.40512820513,3.83649117157,2.64232334926,10.2201475341
1.40769230769,3.83928467137,2.64148350863,10.226315794
1.41025641026,3.84207592335,2.64064204119,10.2325204505
1.41282051282,3.84485703276,2.63979860876,10.2387465297
1.41538461538,3.84762310006,2.63895351405,10.2449873663
1.41794871795,3.85037094773,2.63810744293,10.2512412434
1.42051282051,3.85309819046,2.63726126712,10.2575089044
1.42307692308,3.85580259365,2.63641589942,10.2637917999
1.42564102564,3.85848166938,2.63557219344,10.2700909435
1.42820512821,3.86113246294,2.63473088063,10.2764062584
1.43076923077,3.8637514873,2.63389253797,10.2827363094
1.43333333333,3.8663347668,2.63305757994,10.2890783234
1.4358974359,3.86887795572,2.63222626909,10.2954284111
1.43846153846,3.87137650124,2.63139873996,10.3017819146
1.44102564103,3.87382582464,2.63057503164,10.3081338142
1.44358974359,3.87622149849,2.62975512478,10.3144791378
1.44615384615,3.87855940191,2.62893897939,10.3208133272
1.44871794872,3.88083583989,2.62812657035,10.3271325253
1.45128205128,3.88304761691,2.62731791792,10.3334337583
1.45384615385,3.88519205924,2.62651311135,10.3397149966
1.45641025641,3.88726698418,2.62571232394,10.3459750901
1.45897435897,3.88927061892,2.62491581876,10.3522135812
1.46153846154,3.89120147567,2.62412394441,10.3584304104
1.4641025641,3.89305819369,2.62333712117,10.3646255403
1.46666666667,3.89483936326,2.62255581811,10.3707985316
1.46923076923,3.89654335048,2.62178052248,10.3769481172
1.47179487179,3.89816814606,2.62101170317,10.3830718298
1.47435897436,3.89971126525,2.62024977079,10.3891657477
1.47692307692,3.90116973035,2.61949503715,10.3952244357
1.47948717949,3.90254017112,2.61874767789,10.4012411659
1.48205128205,3.90381908273,2.61800770236,10.4072085151
1.48461538462,3.90500328493,2.61727493548,10.413119445
1.48717948718,3.90609063016,2.61654901694,10.4189689819
1.48974358974,3.90708101254,2.61582942375,10.424756622
1.49230769231,3.90797773375,2.6151155227,10.4304896
1.49487179487,3.90878928595,2.6144066599,10.4361871674
1.49743589744,3.90953161587,2.61370229539,10.4418860388
1.5,3.91023093861,2.6130021912,10.4476471724
1.5,3.91023093861,2.6130021912,10.4476471724
1.50256410256,3.91077547935,2.61231507083,10.4531632757
1.50512820513,3.91123750456,2.61164171647,10.4586385268
1.50769230769,3.91161241047,2.61097832755,10.4640594144
1.51025641026,3.91189854719,2.61032252652,10.4694172365
1.51282051282,3.91209634375,2.60967301712,10.4747067607
1.51538461538,3.91220761723,2.60902929522,10.4799251436
1.51794871795,3.91223504204,2.6083914075,10.4850710764
1.52051282051,3.9121817568,2.60775975374,10.4901441287
1.52307692308,3.91205108764,2.60713492822,10.4951442615
1.52564102564,3.91184636831,2.60651759632,10.5000714846
1.52820512821,3.91157083911,2.60590840219,10.5049256341
1.53076923077,3.91122760787,2.60530790382,10.5097062471
1.53333333333,3.91081965787,2.60471653176,10.514412514
1.5358974359,3.91034988915,2.60413456807,10.5190432896
1.53846153846,3.90982118083,2.60356214227,10.5235971458
1.54102564103,3.9092364639,2.60299924082,10.5280724523
1.54358974359,3.90859879532,2.60244572755,10.5324674701
1.54615384615,3.90791142549,2.60190137174,10.5367804489
1.54871794872,3.90717785318,2.6013658815,10.5410097173
1.55128205128,3.90640186282,2.60083893972,10.545153759
1.55384615385,3.90558754122,2.60032024025,10.5492112694
1.55641025641,3.90473927172,2.59980952214,10.553181188
1.55897435897,3.90386170562,2.5993065998,10.5570627057
1.56153846154,3.90295971195,2.59881138727,10.5608552458
1.5641025641,3.90203830847,2.59832391482,10.5645584212
1.56666666667,3.90110257784,2.59784433633,10.5681719711
1.56923076923,3.9001575748,2.59737292602,10.5716956818
1.57179487179,3.8992082314,2.59691006339,10.5751293008
1.57435897436,3.89825926897,2.59645620524,10.5784724514
1.57692307692,3.8973151269,2.59601184391,10.5817245598
1.57948717949,3.89637991985,2.59557745112,10.5848848079
1.58205128205,3.89545743649,2.59515340675,10.5879521246
1.58461538462,3.89455119435,2.59473991244,10.5909252358
1.58717948718,3.89366456674,2.59433688962,10.5938027875
1.58974358974,3.89280099951,2.59394386228,10.5965835655
1.59230769231,3.8919643364,2.59355982441,10.599266832
1.59487179487,3.89115927372,2.5931830928,10.601852805
1.59743589744,3.89039196624,2.59281114569,10.6043433039
1.6,3.88967080788,2.59244044798,10.6067425922
1.6,3.88967080788,2.59244044798,10.6067425922
1.60256410256,3.88905872234,2.59208323672,10.6092040948
1.60512820513,3.88846760161,2.59174232988,10.6114708087
1.60769230769,3.8879160305,2.59141557165,10.6135980461
1.61025641026,3.88741658194,2.59110099933,10.6156178885
1.61282051282,3.88697762553,2.59079697262,10.6175463827
1.61538461538,3.88660473477,2.59050224661,10.6193891892
1.61794871795,3.88630174921,2.59021599843,10.6211458922
1.62051282051,3.88607154409,2.58993781715,10.622813166
1.62307692308,3.88591655621,2.58966766542,10.6243869809
1.62564102564,3.88583911094,2.58940582099,10.6258640169
1.62820512821,3.88584159153,2.58915280516,10.6272424394
1.63076923077,3.88592648809,2.58890930479,10.6285221793
1.63333333333,3.88609635979,2.58867609338,10.6297048456
1.6358974359,3.88635374008,2.58845395627,10.6307933832
1.63846153846,3.88670101078,2.58824362395,10.6317915795
1.64102564103,3.88714026748,2.58804571691,10.6327035037
1.64358974359,3.88767319436,2.58786070446,10.6335329561
1.64615384615,3.88830096325,2.58768887929,10.6342829842
1.64871794872,3.88902416759,2.58753034861,10.6349555149
1.65128205128,3.88984279838,2.58738504201,10.6355511338
1.65384615385,3.89075626541,2.5872527352,10.6360690327
1.65641025641,3.89176346298,2.5871330882,10.6365071296
1.65897435897,3.892862876,2.58702569542,10.6368623544
1.66153846154,3.89405271821,2.58693014455,10.637131079
1.6641025641,3.89533109047,2.58684608023,10.6373096567
1.66666666667,3.89669614359,2.58677326759,10.6373950218
1.66923076923,3.89814622605,2.58671165015,10.6373852888
1.67179487179,3.89967999322,2.58666139565,10.6372802747
1.67435897436,3.90129645113,2.58662292253,10.6370818544
1.67692307692,3.90299490375,2.58659689926,10.6367940486
1.67948717949,3.90477476917,2.58658420767,10.636422726
1.68205128205,3.90663522605,2.58658586084,10.6359747908
1.68461538462,3.90857464828,2.58660286548,10.6354567116
1.68717948718,3.9105897815,2.58663601762,10.6348722355
1.68974358974,3.91267461187,2.58668562033,10.6342191164
1.69230769231,3.9148188732,2.58675111091,10.6334846734
1.69487179487,3.91700613517,2.58683058469,10.6326399825
1.69743589744,3.91921141129,2.58692020167,10.6316324898
1.7,3.92139822155,2.58701346118,10.6303768225
1.7,3.92139822155,2.58701346118,10.6303768225
1.70256410256,3.92385037588,2.58712331756,10.6296555386
1.70512820513,3.92626362287,2.58724509189,10.6286040659
1.70769230769,3.9286762533,2.58738409445,10.62736693
1.71025641026,3.93110752959,2.58754222841,10.6260280175
1.71282051282,3.93356363313,2.58771922074,10.6246290699
1.71538461538,3.93604231255,2.58791357231,10.6231842666
1.71794871795,3.93853641184,2.58812326575,10.6216914169
1.72051282051,3.94103644545,2.58834626728,10.6201402504
1.72307692308,3.94353237547,2.58858085596,10.6185182595
1.72564102564,3.94601473445,2.58882581165,10.6168145157
1.72820512821,3.9484752254,2.58908049021,10.6150218478
1.73076923077,3.95090691887,2.58934481231,10.6131377359
1.73333333333,3.95330415512,2.58961918927,10.6111642427
1.7358974359,3.95566224755,2.58990440713,10.6091072685
1.73846153846,3.95797707189,2.59020148739,10.6069753841
1.74102564103,3.96024461366,2.59051154039,10.6047784623
1.74358974359,3.96246053485,2.59083562498,10.6025262928
1.74615384615,3.96461980862,2.59117462514,10.6002273363
1.74871794872,3.96671645947,2.59152915255,10.5978877351
1.75128205128,3.96874343403,2.59189948077,10.595510667
1.75384615385,3.97069261622,2.59228551511,10.5930960953
1.75641025641,3.97255498852,2.5926867992,10.5906409342
1.75897435897,3.97432092929,2.59310255731,10.5881396135
1.76153846154,3.97598062442,2.59353176896,10.5855849963
1.7641025641,3.97752455951,2.59397327006,10.5829695676
1.76666666667,3.97894404737,2.59442587258,10.5802867784
1.76923076923,3.98023173339,2.59488849238,10.5775323973
1.77179487179,3.98138200991,2.59536027286,10.5747056874
1.77435897436,3.98239125858,2.59584068944,10.5718101945
1.77692307692,3.98325782826,2.59632961806,10.5688538958
1.77948717949,3.98398164376,2.59682734844,10.5658484297
1.78205128205,3.98456332947,2.59733452055,10.5628070893
1.78461538462,3.98500271942,2.59785196064,10.5597412324
1.78717948718,3.98529661436,2.59838039095,10.556654726
1.78974358974,3.98543563374,2.59891998469,10.553536009
1.79230769231,3.98539999948,2.59946973618,10.550347327
1.79487179487,3.98515407602,2.60002661304,10.5470106555
1.79743589744,3.98463947965,2.60058445507,10.5433897991
1.8,3.9837665582,2.60113258046,10.5392681162
1.8,3.9837665582,2.60113258046,10.5392681162
1.80256410256,3.98338760876,2.60174870751,10.5369762144
1.80512820513,3.98251774116,2.60232642913,10.5337552349
1.80769230769,3.98134497325,2.60289626192,10.5301402461
1.81025641026,3.9799748217,2.60347476843,10.5264358197
1.81282051282,3.97845643395,2.60406888453,10.5227876807
1.81538461538,3.97680300381,2.60467932228,10.5192388333
1.81794871795,3.97500725992,2.60530318055,10.5157722965
1.82051282051,3.97305276396,2.60593587961,10.5123424402
1.82307692308,3.97092170305,2.6065725258,10.5088967685
1.82564102564,3.96859980807,2.60720880393,10.5053898561
1.82820512821,3.9660789774,2.60784148771,10.5017910051
1.83076923077,3.9633581329,2.60846865048,10.4980870443
1.83333333333,3.96044278255,2.60908965037,10.4942815555
1.8358974359,3.95734371165,2.6097049558,10.490391668
1.83846153846,3.95407517206,2.61031586944,10.4864434212
1.84102564103,3.95065288634,2.61092420043,10.4824665544
1.84358974359,3.94709213122,2.61153192751,10.4784894417
1.84615384615,3.94340611247,2.61214088799,10.4745347486
1.84871794872,3.93960479053,2.61275252009,10.4706162461
1.85128205128,3.93569426387,2.61336767905,10.4667370774
1.85384615385,3.93167676468,2.61398653985,10.4628896307
1.85641025641,3.92755126874,2.6146085921,10.4590570325
1.85897435897,3.9233146691,2.61523272523,10.4552161329
1.86153846154,3.91896341052,2.61585739456,10.4513417155
1.8641025641,3.91449542921,2.61648085179,10.4474115229
1.86666666667,3.90991218992,2.61710141571,10.4434115479
1.86923076923,3.90522055996,2.61771775188,10.4393409026
1.87179487179,3.90043420717,2.61832912261,10.4352154325
1.87435897436,3.89557415639,2.61893556085,10.4310691085
1.87692307692,3.89066808661,2.61953791436,10.4269520833
1.87948717949,3.8857478983,2.62013769849,10.422924163
1.88205128205,3.88084502803,2.62073668827,10.4190423027
1.88461538462,3.87598293511,2.62133617322,10.4153405936
1.88717948718,3.87116613224,2.62193579074,10.4118010721
1.88974358974,3.86636507982,2.62253184682,10.4083135386
1.89230769231,3.86149621118,2.62311502477,10.4046224345
1.89487179487,3.8563963033,2.62366737127,10.4002586863
1.89743589744,3.85079035518,2.62415842927,10.3944542784
1.9,3.8442520836,2.62454035088,10.3860371712
1.9,3.8442520836,2.62454035088,10.3860371712
1.90256410256,3.84155238396,2.62529104437,10.3880916792
1.90512820513,3.8371081809,2.62583923198,10.3852477725
1.90769230769,3.83198466281,2.62630694411,10.3803970736
1.91025641026,3.82679269574,2.62676286499,10.3751900859
1.91282051282,3.82183050813,2.62723902888,10.3704229562
1.91538461538,3.81719448867,2.62774376306,10.3663398992
1.91794871795,3.81286336173,2.62827156038,10.3628629949
1.92051282051,3.8087597206,2.62881035783,10.359760235
1.92307692308,3.80479261546,2.62934662242,10.3567619017
1.92564102564,3.80088460893,2.62986861767,10.3536345868
1.92820512821,3.79698642817,2.63036820483,10.3502213897
1.93076923077,3.7930820592,2.63084150861,10.3464560552
1.93333333333,3.78918684457,2.63128874619,10.34235804
1.9358974359,3.78534086256,2.63171348377,10.338014717
1.93846153846,3.78159958156,2.63212155033,10.3335561509
1.94102564103,3.77802350002,2.63251980492,10.3291271027
1.94358974359,3.77466819826,2.63291492293,10.324860146
1.94615384615,3.77157594485,2.63331233689,10.3208530043
1.94871794872,3.76876971629,2.63371543699,10.3171524428
1.95128205128,3.76625020512,2.63412510607,10.3137462778
1.95384615385,3.76399610768,2.63453963088,10.3105642899
1.95641025641,3.76196769891,2.63495499851,10.3074880546
1.95897435897,3.76011341805,2.63536555346,10.304368929
1.96153846154,3.75837890496,2.63576495823,10.3010526605
1.9641025641,3.75671764327,2.63614736917,10.2974083098
1.96666666667,3.7551020826,2.63650870961,10.2933584078
1.96923076923,3.75353382851,2.63684789236,10.2889064936
1.97179487179,3.75205120474,2.63716781387,10.2841574088
1.97435897436,3.75073220889,2.63747590958,10.2793249491
1.97692307692,3.74969059857,2.63778402647,10.2747207015
1.97948717949,3.74906256151,2.6381073349,10.2707171213
1.98205128205,3.74898113912,2.63846197192,10.2676771278
1.98461538462,3.7495352894,2.63886108706,10.2658417317
1.98717948718,3.75071019119,2.63930895157,10.265166435
1.98974358974,3.75230510801,2.63979278587,10.2650963811
1.99230769231,3.75382484588,2.64027193197,10.2642694641
1.99487179487,3.75434055587,2.64066388344,10.2601358108
1.99743589744,3.75231534824,2.64082635868,10.2484812018
2,3.74538990114,2.64053383171,10.2228410263
2,3.74538990114,2.64053383171,10.2228410263
2.00256410256,3.7561802451,2.64130347532,10.2446667702
2.00512820513,3.76007337632,2.6415961216,10.2474829836
2.00769230769,3.76110142623,2.64173888754,10.242070173
2.01025641026,3.7615941073,2.64190539809,10.2346789429
2.01282051282,3.7627039352,2.64216721043,10.2284238687
2.01538461538,3.76481778785,2.64253216385,10.2243761445
2.01794871795,3.76787040156,2.64297321847,10.222396622
2.02051282051,3.77157437197,2.64344943237,10.2217477375
2.02307692308,3.77558019527,2.64392021857,10.2215200386
2.02564102564,3.77957885291,2.64435399209,10.2209063318
2.02820512821,3.78335841075,2.64473234929,10.2193537911
2.03076923077,3.78682507128,2.64505088257,10.2166216515
2.03333333333,3.78999808527,2.64531761911,10.2127693828
2.0358974359,3.79298689703,2.6455499253,10.2080974992
2.03846153846,3.79595786488,2.64577057624,10.2030604226
2.04102564103,3.79909686666,2.64600357112,10.1981680951
2.04358974359,3.80257306732,2.6462701807,10.1938903124
2.04615384615,3.80650809358,2.64658563111,10.1905750385
2.04871794872,3.81095382853,2.64695674326,10.1883892413
2.05128205128,3.81588100635,2.64738075081,10.1872880706
2.05384615385,3.82117975551,2.64784540911,10.1870154743
2.05641025641,3.82667220617,2.64833038928,10.1871366173
2.05897435897,3.83213624542,2.64880983848,10.1870997446
2.06153846154,3.83733847167,2.64925588746,10.1863224028
2.0641025641,3.84207336719,2.64964280788,10.1842942231
2.06666666667,3.84620467556,2.6499514574,10.1806857513
2.06923076923,3.84970393857,2.65017359047,10.1754501075
2.07179487179,3.8526801146,2.65031553778,10.1689015381
2.07435897436,3.85539316854,2.65040065472,10.1617522066
2.07692307692,3.85824349087,2.65046980493,10.15508583
2.07948717949,3.86172797114,2.65057899833,10.1502440335
2.08205128205,3.86635251908,2.65079318569,10.1485985543
2.08461538462,3.872489794,2.65117518651,10.1511797197
2.08717948718,3.88016987113,2.65176883864,10.1581289493
2.08974358974,3.88879054105,2.65257567373,10.1679404125
2.09230769231,3.89673290616,2.65352451975,10.1764543492
2.09487179487,3.90086690597,2.65443284633,10.175561816
2.09743589744,3.89593037053,2.65495627136,10.1515774918
2.1,3.87376416916,2.6545162277,10.0832331414
2.1,3.87376416916,2.6545162277,10.0832331414
2.10256410256,3.89815101499,2.65443287221,10.1358504197
2.10512820513,3.90819016416,2.65420715784,10.1512799884
2.10769230769,3.91148174464,2.65413682167,10.1495473305
2.11025641026,3.91250711558,2.65433850023,10.1424843949
2.11282051282,3.91357526088,2.65481310077,10.1362081511
2.11538461538,3.91556702472,2.65549491654,10.1330718178
2.11794871795,3.9185045913,2.65628896664,10.1331598512
2.12051282051,3.92197182186,2.65709798196,10.1353930067
2.12307692308,3.92540927245,2.65784007515,10.1383053381
2.12564102564,3.92830592653,2.65845849114,10.1405505535
2.12820512821,3.93030788737,2.6589251162,10.1411906001
2.13076923077,3.93126248545,2.65923941902,10.1398146946
2.13333333333,3.9312144669,2.65942427699,10.1365323163
2.1358974359,3.93036913965,2.65951984576,10.1318789737
2.13846153846,3.9290355644,2.65957637257,10.1266688729
2.14102564103,3.92756108831,2.65964668016,10.1218239713
2.14358974359,3.92626672978,2.65977895463,10.1182042778
2.14615384615,3.92539113341,2.66001041823,10.1164596528
2.14871794872,3.92504902476,2.66036241153,10.1169187462
2.15128205128,3.92520830525,2.6608373121,10.1195260858
2.15384615385,3.9256881379,2.66141756757,10.1238336756
2.15641025641,3.92617858563,2.66206693416,10.1290488014
2.15897435897,3.92628057398,2.662733821,10.1341350729
2.16153846154,3.92556316119,2.663356484,10.1379590712
2.1641025641,3.9236333087,2.66386971586,10.1394703372
2.16666666667,3.92021155625,2.66421264255,10.1378978174
2.16923076923,3.91520521593,2.6643372313,10.1329412948
2.17179487179,3.9087689104,2.66421709123,10.1249317382
2.17435897436,3.90134049107,2.66385604205,10.1149298998
2.17692307692,3.89363858252,2.66329568919,10.1047278502
2.17948717949,3.88660621024,2.66262086727,10.096713444
2.18205128205,3.88128317919,2.66196136538,10.0935529599
2.18461538462,3.87858808142,2.66148801054,10.0976423781
2.18717948718,3.87898902164,2.66140124357,10.1102730134
2.18974358974,3.88204035993,2.66191108221,10.1304526118
2.19230769231,3.88576098191,2.66320893316,10.1533186464
2.19487179487,3.88582781683,2.66543371077,10.1680764503
2.19743589744,3.87455653483,2.66863605962,10.1553908805
2.2,3.83963956532,2.67274337261,10.0841561372
2.2,3.83963956532,2.67274337261,10.0841561372
2.20256410256,3.82491164442,2.66521454159,10.0596646648
2.20512820513,3.8233080025,2.66210437473,10.0709843605
2.20769230769,3.8261483216,2.66151583798,10.0946565001
2.21025641026,3.82855215009,2.6621805489,10.1175539912
2.21282051282,3.82825049003,2.66331258445,10.1336301425
2.21538461538,3.82465904153,2.66446366434,10.1413705573
2.21794871795,3.81817617484,2.66540651177,10.1418663899
2.22051282051,3.80967123938,2.66604955024,10.1374195004
2.22307692308,3.80013135799,2.66637810797,10.1305908842
2.22564102564,3.79043739343,2.66641601771,10.123608859
2.22820512821,3.78124231308,2.66620235049,10.1180603616
2.23076923077,3.77292771667,2.66577914691,10.1147961399
2.23333333333,3.76561683067,2.66518686528,10.1139881417
2.2358974359,3.75922481178,2.66446483312,10.1152848808
2.23846153846,3.75352974107,2.66365439482,10.1180179666
2.24102564103,3.74825022882,2.66280280446,10.1214203524
2.24358974359,3.7431180893,2.6619662722,10.1248241977
2.24615384615,3.73793708331,2.66121093998,10.1278135782
2.24871794872,3.73262126548,2.66061093096,10.1303146145
2.25128205128,3.72720901178,2.66024299,10.1326129566
2.25384615385,3.72185134201,2.66017763475,10.135295953
2.25641025641,3.71677569044,2.66046720037,10.1391242681
2.25897435897,3.71222881709,2.66113170253,10.1448451643
2.26153846154,3.70840509057,2.66214403885,10.1529670919
2.2641025641,3.70536891256,2.663416622,10.1635225832
2.26666666667,3.70298259275,2.66479197861,10.1758536517
2.26923076923,3.70085352194,2.66604006589,10.1884609642
2.27179487179,3.69831702986,2.66686506474,10.1989650383
2.27435897436,3.69447385311,2.66692439399,10.2042348263
2.27692307692,3.68830367752,2.66586305758,10.2007465674
2.27948717949,3.6788787581,2.66336773422,10.1852440647
2.28205128205,3.66570415848,2.65924774254,10.1557808347
2.28461538462,3.64921369082,2.65355414331,10.1132347915
2.28717948718,3.63145317585,2.6467522074,10.0633962154
2.28974358974,3.61698518159,2.63996091757,10.0197362849
2.29230769231,3.61405193829,2.63525287357,10.0069579948
2.29487179487,3.63603566581,2.63594407286,10.0653978485
2.29743589744,3.70325808856,2.64666813084,10.2562672038
2.3,3.84516345222,2.67284890241,10.6676114292
2.3,3.84516345222,2.67284890241,10.6676114292
2.30256410256,3.64199304088,2.61887322641,10.0365729762
2.30512820513,3.60332943279,2.62429566618,9.95154705983
2.30769230769,3.63796159797,2.65168550001,10.0997394434
2.31025641026,3.68322838425,2.67567688849,10.270911423
2.31282051282,3.6993269653,2.68385018307,10.3380323202
2.31538461538,3.66432865745,2.67166308244,10.2353695918
2.31794871795,3.56985613981,2.63809167426,9.94062468693
2.32051282051,3.41737683649,2.58316299285,9.46136606868
2.32307692308,3.21506794303,2.50680628973,8.82458759744
2.32564102564,2.9752093032,2.40841332994,8.06850081544
2.32820512821,2.71206106581,2.28677865165,7.23608168933
2.33076923077,2.44018377514,2.14031595857,6.37014100344
2.33333333333,2.17315927209,1.96758990501,5.50981161414
2.3358974359,1.92267150722,1.7682742549,4.68839611175
2.33846153846,1.69790709019,1.54460572951,3.9324960884
2.34102564103,1.50523612418,1.30314048388,3.26220220051
2.34358974359,1.34813459743,1.05606122233,2.69182457285
2.34615384615,1.22731032791,0.820677293603,2.23031494352
2.34871794872,1.14099518057,0.615951021185,1.88061789805
2.35128205128,1.08536700089,0.456677061309,1.6381213335
2.35384615385,1.0550654316,0.348361672147,1.48965908379
2.35641025641,1.04376650355,0.286072697749,1.41466764611
2.35897435897,1.04478161544,0.25763145348,1.38859941921
2.36153846154,1.05164724059,0.248542758719,1.38712892142
2.3641025641,1.05867242296,0.245873588141,1.38957715067
2.36666666667,1.06141184827,0.240072112703,1.38091517381
2.36923076923,1.05703299966,0.225221154068,1.35251443165
2.37179487179,1.04454663141,0.198624683472,1.30204858273
2.37435897436,1.02487051749,0.160371838162,1.23284686012
2.37692307692,1.00069715602,0.113129854443,1.15283244654
2.37948717949,0.976136833961,0.0620603234064,1.07305758269
2.38205128205,0.956108180318,0.0144265590241,1.00577329909
2.38461538462,0.945449059985,-0.0217338689348,0.961961032903
2.38717948718,0.947721383812,-0.0401883136823,0.948384572675
2.38974358974,0.963684134464,-0.039577834449,0.964537267268
2.39230769231,0.989409631262,-0.0251517446027,1.00014428875
2.39487179487,1.01401878094,-0.00801186086141,1.03373290807
2.39743589744,1.01701178505,-0.00337227859115,1.03223105682
2.4,0.965171498358,-0.0325898122469,0.951121271213
2.4,0.965171498358,-0.0325898122469,0.951121271213
2.40256410256,0.969098835659,-0.0355833331947,0.955538217928
2.40512820513,0.971701388931,-0.0340958494216,0.962430657299
2.40769230769,0.973529165298,-0.0301984849446,0.970462236761
2.41025641026,0.974928799069,-0.025317988305,0.978658470428
2.41282051282,0.976101740326,-0.0203919425659,0.986350441878
2.41538461538,0.977150639445,-0.0159886420959,0.993117035527
2.41794871795,0.978115445838,-0.0124035641811,0.998731730501
2.42051282051,0.979000645202,-0.00973801820183,1.00311610956
2.42307692308,0.979794965586,-0.00796276810918,1.00630033063
2.42564102564,0.980484788571,-0.00696840544822,1.00839001253
2.42820512821,0.981062407876,-0.00660400675238,1.00953877486
2.43076923077,0.981530183686,-0.00670561796865,1.00992572484
2.43333333333,0.981901547031,-0.00711612975267,1.00973732046
2.4358974359,0.982199714528,-0.00769806148074,1.00915316815
2.43846153846,0.982454879795,-0.00834065848306,1.00833539978
2.44102564103,0.982700553881,-0.00896255532641,1.00742131575
2.44358974359,0.982969633024,-0.00951109881747,1.00651898828
2.44615384615,0.983290678073,-0.0099592785036,1.00570550581
2.44871794872,0.983684795917,-0.0103010878696,1.00502751871
2.45128205128,0.98416341924,-0.0105460339019,1.00450372564
2.45384615385,0.984727186971,-0.0107134180347,1.00412892372
2.45641025641,0.985366033749,-0.0108269181875,1.00387923492
2.45897435897,0.986060502771,-0.0109099023959,1.00371811435
2.46153846154,0.986784202363,-0.0109817964045,1.00360274201
2.4641025641,0.987507232647,-0.0110557119336,1.00349039528
2.46666666667,0.988200314641,-0.01113742363,1.00334439478
2.46923076923,0.98883926018,-0.0112256662776,1.00313920997
2.47179487179,0.989409327008,-0.0113136135072,1.00286430424
2.47435897436,0.989908909422,-0.0113912957252,1.00252629193
2.47692307692,0.990351920842,-0.0114486154997,1.00214897338
2.47948717949,0.990768130675,-0.0114785180905,1.00177080791
2.48205128205,0.991200623871,-0.0114797681725,1.00143937923
2.48461538462,0.991699457549,-0.0114586694784,1.00120240138
2.48717948718,0.992310495073,-0.0114289466967,1.00109480675
2.48974358974,0.993058303993,-0.0114088998279,1.00112145032
2.49230769231,0.993921910225,-0.0114148532288,1.00123495679
2.49487179487,0.994802106883,-0.0114498546564,1.00130823243
2.49743589744,0.995478922165,-0.0114864917149,1.00110115953
2.5,0.995557756696,-0.0114424515135,1.00022098315
2.5,0.995557756696,-0.0114424515135,1.00022098315
2.50256410256,0.996268574709,-0.0114209464787,1.00030789939
2.50512820513,0.99690077605,-0.0114121909643,1.00022254444
2.50769230769,0.997495810961,-0.011409150471,1.00004689043
2.51025641026,0.998079320674,-0.0114071448777,0.99983350349
2.51282051282,0.998665512976,-0.0114032679733,0.999613388893
2.51538461538,0.999260688136,-0.0113959109537,0.999402346261
2.51794871795,0.999866020148,-0.0113843761747,0.99920601684
2.52051282051,1.00047969197,-0.0113685696308,0.999023793779
2.52307692308,1.00109847713,-0.0113487618945,0.998851755612
2.52564102564,1.00171885394,-0.0113254080571,0.99868477227
2.52820512821,1.00233773193,-0.011299017848,0.998517922142
2.53076923077,1.00295286434,-0.0112700676969,0.998347347882
2.53333333333,1.00356301374,-0.0112389471012,0.998170667835
2.5358974359,1.00416793198,-0.0112059322949,0.997987049144
2.53846153846,1.00476820897,-0.0111711808558,0.997797037765
2.54102564103,1.00536503901,-0.0111347415551,0.99760222981
2.54358974359,1.00595994665,-0.011096574404,0.997404857803
2.54615384615,1.00655450805,-0.0110565765095,0.997207354611
2.54871794872,1.00715009749,-0.0110146099907,0.997011947013
2.55128205128,1.00774768231,-0.0109705288459,0.996820320006
2.55384615385,1.00834768342,-0.0109242022897,0.996633382172
2.55641025641,1.00894991214,-0.0108755327074,0.996451151564
2.55897435897,1.00955358782,-0.0108244669989,0.996272770779
2.56153846154,1.01015743456,-0.010771000706,0.996096649051
2.5641025641,1.010759849,-0.010715174933,0.99592071837
2.56666666667,1.01135912473,-0.0106570666826,0.99574277982
2.56923076923,1.01195371286,-0.0105967738272,0.995560905506
2.57179487179,1.01254249181,-0.0105343965291,0.995373850613
2.57435897436,1.01312501316,-0.0104700175029,0.995181419319
2.57692307692,1.01370168413,-0.0104036840866,0.994984717473
2.57948717949,1.01427384103,-0.0103353956541,0.994786214108
2.58205128205,1.01484366159,-0.0102651004598,0.994589523067
2.58461538462,1.01541385801,-0.0101927065584,0.994398805163
2.58717948718,1.01598708614,-0.0101181119819,0.994217680505
2.58974358974,1.01656499993,-0.0100412598783,0.994047529794
2.59230769231,1.01714687412,-0.00996222482113,0.993885052554
2.59487179487,1.01772771177,-0.0098813369929,0.993718939474
2.59743589744,1.01829574694,-0.00979935146316,0.993525505192
2.6,1.01882924663,-0.00971767041199,0.993263117054
2.6,1.01882924663,-0.00971767041199,0.993263117054
2.60256410256,1.01938874619,-0.00962654098855,0.993123627925
2.60512820513,1.01994176268,-0.00953535159862,0.99295947412
2.60769230769,1.02048995448,-0.00944321936325,0.992781994659
2.61025641026,1.02103427325,-0.00934956661522,0.992598609343
2.61282051282,1.02157516681,-0.00925404151324,0.992413841464
2.61538461538,1.02211274148,-0.00915645364211,0.992230148764
2.61794871795,1.02264688919,-0.00905672273629,0.992048585892
2.62051282051,1.02317738411,-0.00895483878884,0.991869320251
2.62307692308,1.02370395309,-0.00885083192642,0.991692021727
2.62564102564,1.02422632434,-0.00874475054702,0.991516145405
2.62820512821,1.02474425794,-0.00863664633121,0.991341125016
2.63076923077,1.02525756193,-0.00852656485132,0.991166493444
2.63333333333,1.02576609709,-0.00841454061578,0.990991945269
2.6358974359,1.02626977332,-0.00830059549803,0.990817354912
2.63846153846,1.02676854038,-0.00818473961137,0.990642762596
2.64102564103,1.02726237514,-0.00806697380174,0.99046833891
2.64358974359,1.02775126742,-0.00794729304091,0.99029433743
2.64615384615,1.02823520606,-0.00782569011174,0.990121043428
2.64871794872,1.02871416669,-0.00770215908599,0.989948725332
2.65128205128,1.02918810216,-0.00757669820273,0.989777594226
2.65384615385,1.02965693649,-0.00744931186261,0.989607775275
2.65641025641,1.03012056274,-0.00732001155949,0.989439293594
2.65897435897,1.03057884492,-0.00718881567637,0.989272075692
2.66153846154,1.03103162392,-0.00705574817727,0.989105966233
2.6641025641,1.03147872679,-0.00692083633066,0.98894075848
2.66666666667,1.03191997872,-0.00678410770321,0.988776235409
2.66923076923,1.03235521663,-0.0066455867648,0.988612217078
2.67179487179,1.03278430294,-0.00650529154745,0.98844860848
2.67435897436,1.03320713779,-0.00636323090153,0.988285440706
2.67692307692,1.03362366774,-0.00621940299255,0.988122896867
2.67948717949,1.03403388864,-0.00607379578156,0.98796131284
2.68205128205,1.03443783998,-0.00592639033031,0.987801141537
2.68461538462,1.03483558786,-0.00577716787065,0.987642867979
2.68717948718,1.03522719322,-0.00562612167472,0.987486861108
2.68974358974,1.0356126619,-0.0054732748588,0.987333146871
2.69230769231,1.0359918726,-0.00531870534953,0.987181085733
2.69487179487,1.0363644785,-0.00516257933631,0.98702893639
2.69743589744,1.03672977824,-0.00500519462924,0.986873286072
2.7,1.03708655125,-0.00484703543869,0.98670832645
2.7,1.03708655125,-0.00484703543869,0.98670832645
2.70256410256,1.0374377437,-0.00468532317494,0.986567123862
2.70512820513,1.0377818453,-0.00452234942422,0.986422060984
2.70769230769,1.0381188411,-0.00435796888174,0.986275376561
2.71025641026,1.03844868959,-0.00419209226916,0.986128552423
2.71282051282,1.03877133138,-0.00402467151674,0.98598250839
2.71538461538,1.0390866962,-0.00385568779422,0.985837760952
2.71794871795,1.03939470806,-0.00368514203266,0.985694550102
2.72051282051,1.0396952893,-0.00351304760193,0.985552938414
2.72307692308,1.03998836323,-0.00333942483159,0.985412886235
2.72564102564,1.04027385599,-0.00316429708489,0.985274306587
2.72820512821,1.04055169756,-0.00298768811828,0.985137103087
2.73076923077,1.0408218221,-0.00280962048082,0.985001193991
2.73333333333,1.04108416791,-0.00263011473004,0.984866525158
2.7358974359,1.04133867701,-0.00244918926253,0.984733074495
2.73846153846,1.04158529454,-0.00226686057977,0.984600850182
2.74102564103,1.04182396799,-0.00208314383086,0.984469884719
2.74358974359,1.04205464651,-0.00189805349592,0.984340226556
2.74615384615,1.04227728021,-0.00171160409514,0.984211930858
2.74871794872,1.04249181959,-0.00152381082979,0.984085050633
2.75128205128,1.04269821517,-0.00133469008317,0.983959629248
2.75384615385,1.0428964173,-0.00114425973026,0.983835695063
2.75641025641,1.04308637612,-0.000952539226252,0.983713258675
2.75897435897,1.04326804184,-0.00075954946514,0.983592312996
2.76153846154,1.04344136513,-0.000565312420506,0.983472836121
2.7641025641,1.0436062977,-0.000369850601648,0.983354796711
2.76666666667,1.04376279297,-0.000173186379037,0.983238161325
2.76923076923,1.04391080685,2.46587460507e-05,0.983122902893
2.77179487179,1.04405029846,0.000223664832053,0.983009009263
2.77435897436,1.04418123072,0.000423814031375,0.9828964905
2.77692307692,1.04430357076,0.000625090831183,0.982785383328
2.77948717949,1.04441728996,0.000827481842804,0.982675750897
2.78205128205,1.04452236354,0.00103097496109,0.982567675749
2.78461538462,1.04461876947,0.00123555769435,0.982461243624
2.78717948718,1.04470648664,0.00144121444469,0.982356515495
2.78974358974,1.044785492,0.00164792249796,0.982253484927
2.79230769231,1.04485575655,0.00185564646161,0.982152017647
2.79487179487,1.04491723991,0.00206433086788,0.982051769905
2.79743589744,1.04496988333,0.00227389063926,0.981952081979
2.8,1.04501360074,0.00248419909173,0.981851842901
2.8,1.04501360074,0.00248419909173,0.981851842901
2.80256410256,1.04504853385,0.0026958376562,0.981757811743
2.80512820513,1.04507460822,0.00290831077955,0.981664201612
2.80769230769,1.04509180821,0.0031216290318,0.981571487784
2.81025641026,1.0451001194,0.00333579178032,0.98147998445
2.81282051282,1.04509952884,0.00355079015258,0.981389885988
2.81538461538,1.0450900253,0.00376660942772,0.981301300591
2.81794871795,1.04507159942,0.00398323092853,0.981214277154
2.82051282051,1.04504424374,0.00420063348102,0.981128826306
2.82307692308,1.04500795283,0.00441879450417,0.981044936384
2.82564102564,1.04496272322,0.00463769078816,0.980962585122
2.82820512821,1.04490855348,0.0048572990149,0.980881747734
2.83076923077,1.0448454441,0.0050775960702,0.980802402076
2.83333333333,1.04477339749,0.00529855919271,0.980724531444
2.8358974359,1.04469241793,0.00552016600021,0.980648125573
2.83846153846,1.04460251148,0.00574239442959,0.980573180311
2.84102564103,1.04450368598,0.00596522262245,0.9804996964
2.84358974359,1.04439595096,0.00618862878387,0.98042767774
2.84615384615,1.04427931763,0.00641259103774,0.980357129463
2.84871794872,1.04415379881,0.00663708729745,0.980288056069
2.85128205128,1.044019409,0.00686209516659,0.980220459858
2.85384615385,1.04387616429,0.00708759187999,0.980154339791
2.85641025641,1.04372408241,0.00731355429103,0.980089690905
2.85897435897,1.04356318276,0.00753995890674,0.980026504317
2.86153846154,1.04339348641,0.00776678196821,0.979964767812
2.8641025641,1.04321501617,0.00799399956909,0.979904466966
2.86666666667,1.0430277966,0.00822158780086,0.979845586671
2.86923076923,1.04283185407,0.00844952290922,0.979788112906
2.87179487179,1.04262721679,0.00867778144135,0.979732034525
2.87435897436,1.04241391484,0.00890634035982,0.979677344788
2.87692307692,1.04219198013,0.00913517709412,0.979624042287
2.87948717949,1.04196144644,0.00936426949663,0.979572130901
2.88205128205,1.04172234932,0.00959359566555,0.979521618318
2.88461538462,1.04147472603,0.00982313359238,0.979472512644
2.88717948718,1.04121861536,0.0100528605878,0.979424816532
2.88974358974,1.04095405745,0.0102827524349,0.979378518239
2.89230769231,1.04068109346,0.0105127822135,0.979333578937
2.89487179487,1.04039976528,0.0107429187374,0.97928991558
2.89743589744,1.040110115,0.0109731245378,0.979247378541
2.9,1.03981218436,0.0112033533252,0.979205723209
2.9,1.03981218436,0.0112033533252,0.979205723209
2.90256410256,1.0395060312,0.0114337063323,0.97916638255
2.90512820513,1.03919170416,0.0116640612792,0.979128100373
2.90769230769,1.03886925379,0.01189440078,0.979090969209
2.91025641026,1.03853873232,0.0121247050738,0.979055046257
2.91282051282,1.0382001936,0.0123549526522,0.979020362413
2.91538461538,1.03785369305,0.0125851207664,0.978986929629
2.91794871795,1.03749928771,0.012815185829,0.978954746792
2.92051282051,1.03713703612,0.0130451237245,0.978923804324
2.92307692308,1.03676699837,0.0132749100418,0.978894087682
2.92564102564,1.03638923602,0.0135045202408,0.978865579908
2.92820512821,1.03600381208,0.0137339297646,0.978838263406
2.93076923077,1.03561079104,0.013963114107,0.978812121066
2.93333333333,1.03521023875,0.014192048846,0.978787136878
2.9358974359,1.03480222246,0.0144207096511,0.978763296156
2.93846153846,1.03438681079,0.0146490722718,0.978740585467
2.94102564103,1.03396407368,0.0148771125149,0.978718992364
2.94358974359,1.03353408238,0.0151048062163,0.978698505017
2.94615384615,1.03309690945,0.0153321292116,0.978679111787
2.94871794872,1.03265262869,0.0155590573103,0.978660800826
2.95128205128,1.0322013152,0.0157855662761,0.978643559743
2.95384615385,1.03174304526,0.0160116318167,0.97862737535
2.95641025641,1.03127789641,0.0162372295822,0.97861223355
2.95897435897,1.03080594736,0.0164623351756,0.978598119335
2.96153846154,1.03032727804,0.0166869241714,0.978585016926
2.9641025641,1.02984196952,0.0169109721435,0.978572910024
2.96666666667,1.02935010403,0.0171344546989,0.978561782145
2.96923076923,1.02885176493,0.0173573475138,0.97855161702
2.97179487179,1.0283470367,0.0175796263678,0.978542398988
2.97435897436,1.02783600492,0.0178012671714,0.978534113337
2.97692307692,1.02731875623,0.0180222459803,0.978526746511
2.97948717949,1.02679537833,0.0182425389889,0.978520286106
2.98205128205,1.02626595994,0.018462122496,0.978514720549
2.98461538462,1.02573059074,0.0186809728325,0.97851003836
2.98717948718,1.02518936139,0.0188990662411,0.978506226868
2.98974358974,1.02464236344,0.0191163786986,0.978503270253
2.99230769231,1.0240896893,0.0193328856657,0.978501146773
2.99487179487,1.02353143216,0.0195485617543,0.978499825007
2.99743589744,1.02296768599,0.0197633802966,0.978499258963
3,1.02239854537,0.0199773128013,0.978499381853
3,1.02239854537,0.0199773128013,0.978499381853
3.00256410256,1.021824107,0.0201903621531,0.978500496159
3.00512820513,1.02124446796,0.0204024837862,0.978502310832
3.00769230769,1.02065972562,0.0206136556329,0.978504833684
3.01025641026,1.02006997812,0.0208238551757,0.978508064597
3.01282051282,1.01947532439,0.0210330595883,0.978511997574
3.01538461538,1.01887586406,0.021241245851,0.978516622398
3.01794871795,1.01827169746,0.0214483908419,0.978521925972
3.02051282051,1.01766292562,0.0216544714085,0.978527893358
3.02307692308,1.01704965019,0.021859464422,0.978534508573
3.02564102564,1.01643197347,0.0220633468168,0.978541755165
3.02820512821,1.01580999831,0.0222660956183,0.978549616614
3.03076923077,1.01518382816,0.0224676879603,0.978558076592
3.03333333333,1.01455356701,0.0226681010952,0.978567119102
3.0358974359,1.01391931935,0.0228673123982,0.978576728526
3.03846153846,1.01328119018,0.0230652993674,0.978586889615
3.04102564103,1.01263928495,0.0232620396215,0.978597587426
3.04358974359,1.01199370955,0.0234575108955,0.978608807244
3.04615384615,1.01134457032,0.0236516910376,0.978620534487
3.04871794872,1.01069197396,0.0238445580052,0.978632754615
3.05128205128,1.01003602756,0.0240360898634,0.978645453059
3.05384615385,1.00937683856,0.0242262647854,0.978658615168
3.05641025641,1.00871451473,0.0244150610544,0.978672226186
3.05897435897,1.00804916412,0.0246024570686,0.978686271252
3.06153846154,1.00738089509,0.0247884313481,0.978700735439
3.0641025641,1.00670981625,0.0249729625434,0.978715603812
3.06666666667,1.00603603645,0.0251560294457,0.978730861508
3.06923076923,1.00535966475,0.025337610998,0.978746493829
3.07179487179,1.0046808104,0.0255176863046,0.978762486336
3.07435897436,1.00399958285,0.0256962346408,0.978778824925
3.07692307692,1.00331609166,0.0258732354585,0.97879549588
3.07948717949,1.00263044654,0.0260486683879,0.97881248587
3.08205128205,1.0019427573,0.0262225132323,0.978829781879
3.08461538462,1.00125313381,0.0263947499553,0.978847371036
3.08717948718,1.00056168602,0.026565358657,0.978865240326
3.08974358974,0.999868523903,0.0267343195372,0.978883376141
3.09230769231,0.999173757435,0.0269016128425,0.978901763647
3.09487179487,0.998477496575,0.0270672187956,0.978920385929
3.09743589744,0.997779851233,0.0272311175019,0.978939222875
3.1,0.997080931246,0.027393288831,0.97895824975
3.1,0.997080931246,0.027393288831,0.97895824975
3.10256410256,0.996380846553,0.0275537197413,0.978977526874
3.10512820513,0.995679707022,0.0277123868551,0.978996977771
3.10769230769,0.994977622281,0.0278692719922,0.979016595357
3.11025641026,0.994274701837,0.028024357045,0.97903637081
3.11282051282,0.993571055059,0.0281776240145,0.979056294058
3.11538461538,0.992866791157,0.0283290550384,0.979076354177
3.11794871795,0.992162019159,0.0284786324154,0.979096539707
3.12051282051,0.991456847893,0.0286263386243,0.979116838897
3.12307692308,0.990751385972,0.0287721563385,0.979137239899
3.12564102564,0.990045741767,0.0289160684377,0.979157730901
3.12820512821,0.989340023395,0.0290580580171,0.979178300225
3.13076923077,0.988634338701,0.0291981083931,0.979198936385
3.13333333333,0.987928795236,0.0293362031086,0.979219628122
3.1358974359,0.987223500241,0.0294723259357,0.979240364416
3.13846153846,0.986518560633,0.0296064608785,0.97926113448
3.14102564103,0.985814082985,0.0297385921743,0.979281927749
3.14358974359,0.985110173509,0.0298687042951,0.979302733859
3.14615384615,0.984406938044,0.0299967819487,0.979323542625
3.14871794872,0.983704482035,0.0301228100803,0.979344344018
3.15128205128,0.983002910522,0.0302467738738,0.97936512815
3.15384615385,0.982302328122,0.0303686587544,0.979385885262
3.15641025641,0.981602839015,0.0304884503907,0.979406605714
3.15897435897,0.980904546929,0.0306061346979,0.979427279991
3.16153846154,0.980207555125,0.0307216978414,0.979447898708
3.1641025641,0.979511966388,0.0308351262409,0.979468452627
3.16666666667,0.978817883003,0.0309464065744,0.979488932673
3.16923076923,0.978125406753,0.0310555257826,0.979509329958
3.17179487179,0.977434638897,0.0311624710734,0.979529635802
3.17435897436,0.976745680162,0.0312672299254,0.979549841752
3.17692307692,0.976058630726,0.0313697900914,0.979569939593
3.17948717949,0.975373590211,0.0314701396005,0.979589921348
3.18205128205,0.974690657665,0.0315682667581,0.979609779256
3.18461538462,0.974009931552,0.0316641601456,0.979629505737
3.18717948718,0.973331509741,0.0317578086156,0.979649093318
3.18974358974,0.972655489493,0.0318492012855,0.979668534521
3.19230769231,0.971981967446,0.031938327527,0.979687821718
3.19487179487,0.971311039612,0.0320251769509,0.979706946916
3.19743589744,0.970642801356,0.0321097393869,0.979725901496
3.2,0.96997734739,0.0321920048585,0.979744675863
3.2,0.96997734739,0.0321920048585,0.979744675863
3.20256410256,0.969314771792,0.0322719652768,0.979763281197
3.20512820513,0.968655167961,0.032349610399,0.979781695477
3.20769230769,0.967998628611,0.0324249314506,0.979799913819
3.21025641026,0.967345245764,0.0324979199258,0.979817931039
3.21282051282,0.966695110749,0.0325685675962,0.97983574177
3.21538461538,0.966048314183,0.0326368665198,0.979853340566
3.21794871795,0.96540494597,0.0327028090471,0.979870721975
3.22051282051,0.964765095289,0.032766387827,0.979887880603
3.22307692308,0.964128850589,0.0328275958112,0.979904811162
3.22564102564,0.963496299578,0.0328864262579,0.979921508499
3.22820512821,0.962867529216,0.0329428727351,0.97993796762
3.23076923077,0.962242625711,0.0329969291223,0.979954183707
3.23333333333,0.961621674508,0.0330485896131,0.979970152121
3.2358974359,0.961004760282,0.0330978487165,0.979985868407
3.23846153846,0.960391966937,0.0331447012578,0.980001328288
3.24102564103,0.959783377591,0.0331891423802,0.980016527663
3.24358974359,0.959179074577,0.0332311675451,0.980031462602
3.24615384615,0.958579139433,0.0332707725334,0.980046129333
3.24871794872,0.957983652898,0.0333079534462,0.980060524242
3.25128205128,0.957392694904,0.0333427067055,0.980074643865
3.25384615385,0.956806344575,0.0333750290551,0.980088484882
3.25641025641,0.956224680216,0.0334049175619,0.980102044114
3.25897435897,0.955647779315,0.0334323696162,0.980115318526
3.26153846154,0.95507571853,0.0334573829337,0.980128305224
3.2641025641,0.954508573693,0.0334799555558,0.980141001457
3.26666666667,0.953946419799,0.0335000858512,0.980153404623
3.26923076923,0.953389331004,0.0335177725171,0.980165512271
3.27179487179,0.952837380621,0.0335330145797,0.980177322106
3.27435897436,0.952290641119,0.0335458113958,0.980188831992
3.27692307692,0.951749184114,0.0335561626529,0.980200039955
3.27948717949,0.951213080369,0.0335640683701,0.980210944178
3.28205128205,0.950682399789,0.0335695288974,0.980221542999
3.28461538462,0.950157211422,0.0335725449159,0.980231834896
3.28717948718,0.94963758345,0.0335731174361,0.980241818468
3.28974358974,0.949123583189,0.0335712477962,0.98025149241
3.29230769231,0.948615277089,0.033566937659,0.980260855467
3.29487179487,0.948112730726,0.0335601890082,0.980269906386
3.29743589744,0.947616008806,0.033551004143,0.980278643842
3.3,0.947125175156,0.0335393856714,0.980287066356
3.3,0.947125175156,0.0335393856714,0.980287066356
3.30256410256,0.946640292721,0.033525336921,0.980295177826
3.30512820513,0.946161423554,0.0335088609521,0.980302973722
3.30769230769,0.945688628846,0.033489961445,0.980310454021
3.31025641026,0.9452219689,0.0334686424034,0.980317618702
3.31282051282,0.944761503133,0.0334449081571,0.980324467774
3.31538461538,0.944307290072,0.033418763362,0.980331001302
3.31794871795,0.943859387357,0.0333902130017,0.980337219424
3.32051282051,0.943417851735,0.0333592623876,0.98034312237
3.32307692308,0.942982739063,0.0333259171589,0.980348710471
3.32564102564,0.942554104303,0.0332901832828,0.980353984163
3.32820512821,0.942132001526,0.0332520670539,0.980358943999
3.33076923077,0.941716483906,0.0332115750937,0.980363590641
3.33333333333,0.941307603722,0.0331687143502,0.980367924873
3.3358974359,0.940905412357,0.0331234920965,0.980371947589
3.33846153846,0.940509960298,0.0330759159303,0.980375659798
3.34102564103,0.940121297133,0.0330259937729,0.980379062617
3.34358974359,0.939739471551,0.0329737338677,0.980382157271
3.34615384615,0.939364531345,0.0329191447791,0.98038494509
3.34871794872,0.938996523406,0.0328622353918,0.980387427503
3.35128205128,0.938635493726,0.0328030149086,0.980389606037
3.35384615385,0.938281487398,0.0327414928499,0.980391482317
3.35641025641,0.937934548613,0.0326776790521,0.980393058058
3.35897435897,0.937594720662,0.032611583666,0.980394335068
3.36153846154,0.937262045936,0.0325432171556,0.980395315248
3.3641025641,0.936936565923,0.0324725902969,0.980396000586
3.36666666667,0.936618321211,0.0323997141759,0.980396393163
3.36923076923,0.936307351487,0.0323246001879,0.980396495145
3.37179487179,0.936003695534,0.0322472600348,0.980396308793
3.37435897436,0.935707391237,0.0321677057247,0.980395836454
3.37692307692,0.935418475578,0.0320859495691,0.980395080565
3.37948717949,0.935136984638,0.0320020041818,0.980394043648
3.38205128205,0.934862953596,0.0319158824766,0.980392728311
3.38461538462,0.934596416732,0.0318275976651,0.980391137243
3.38717948718,0.934337407423,0.0317371632545,0.980389273204
3.38974358974,0.934085958146,0.0316445930451,0.980387139023
3.39230769231,0.93384210048,0.0315499011272,0.980384737579
3.39487179487,0.933605865101,0.0314531018784,0.980382071794
3.39743589744,0.933377281787,0.0313542099599,0.980379144606
3.4,0.933156379417,0.0312532403127,0.980375958951
3.4,0.933156379417,0.0312532403127,0.980375958951
3.40256410256,0.932943185953,0.0311502082588,0.98037251921
3.40512820513,0.932737728469,0.0310451292483,0.980368827577
3.40769230769,0.932540033139,0.030938019084,0.980364887474
3.41025641026,0.932350125238,0.0308288938424,0.980360702354
3.41282051282,0.93216802914,0.0307177698725,0.980356275709
3.41538461538,0.93199376832,0.0306046637932,0.980351611076
3.41794871795,0.931827365352,0.0304895924913,0.980346712041
3.42051282051,0.931668841908,0.0303725731191,0.980341582243
3.42307692308,0.931518218764,0.0302536230919,0.980336225373
3.42564102564,0.931375515793,0.0301327600856,0.980330645177
3.42820512821,0.93124075197,0.0300100020338,0.98032484546
3.43076923077,0.93111394537,0.0298853671253,0.980318830077
3.43333333333,0.930995113167,0.0297588738015,0.980312602941
3.4358974359,0.930884271635,0.0296305407531,0.980306168018
3.43846153846,0.93078143615,0.0295003869177,0.980299529325
3.44102564103,0.930686621186,0.0293684314766,0.980292690931
3.44358974359,0.930599840317,0.0292346938518,0.980285656954
3.44615384615,0.930521106217,0.0290991937032,0.980278431557
3.44871794872,0.930450430658,0.0289619509255,0.980271018951
3.45128205128,0.930387824511,0.028822985645,0.980263423391
3.45384615385,0.930333297747,0.0286823182166,0.980255649176
3.45641025641,0.930286859435,0.0285399692207,0.980247700643
3.45897435897,0.930248517739,0.0283959594599,0.980239582174
3.46153846154,0.930218279923,0.0282503099561,0.980231298188
3.4641025641,0.930196152348,0.0281030419472,0.980222853143
3.46666666667,0.930182140471,0.0279541768835,0.980214251536
3.46923076923,0.930176248843,0.0278037364252,0.9802054979
3.47179487179,0.930178481112,0.0276517424386,0.980196596806
3.47435897436,0.930188840022,0.0274982169927,0.98018755286
3.47692307692,0.930207327408,0.0273431823563,0.980178370704
3.47948717949,0.9302339442,0.0271866609942,0.980169055014
3.48205128205,0.930268690421,0.0270286755641,0.980159610499
3.48461538462,0.930311565185,0.0268692489128,0.980150041899
3.48717948718,0.930362566696,0.026708404073,0.980140353983
3.48974358974,0.930421692251,0.0265461642594,0.980130551546
3.49230769231,0.930488938234,0.0263825528651,0.980120639408
3.49487179487,0.930564300119,0.0262175934578,0.980110622402
3.49743589744,0.930647772465,0.0260513097762,0.980100505379
3.5,0.93073934892,0.0258837257257,0.980090293193
3.5,0.93073934892,0.0258837257257,0.980090293193
3.50256410256,0.930839022208,0.0257148654009,0.980079991083
3.50512820513,0.930946784155,0.0255447530189,0.980069603734
3.50769230769,0.931062625659,0.0253734129735,0.980059136142
3.51025641026,0.931186536697,0.025200869812,0.980048593323
3.51282051282,0.931318506329,0.0250271482311,0.980037980305
3.51538461538,0.931458522695,0.0248522730738,0.980027302135
3.51794871795,0.931606573012,0.0246762693256,0.980016563876
3.52051282051,0.931762643575,0.0244991621112,0.980005770609
3.52307692308,0.931926719754,0.0243209766905,0.979994927432
3.52564102564,0.932098785995,0.0241417384554,0.979984039464
3.52820512821,0.932278825813,0.0239614729258,0.979973111836
3.53076923077,0.932466821797,0.0237802057458,0.979962149701
3.53333333333,0.932662755605,0.0235979626803,0.979951158224
3.5358974359,0.932866607963,0.0234147696111,0.979940142587
3.53846153846,0.933078358661,0.0232306525329,0.979929107989
3.54102564103,0.933297986559,0.02304563755,0.979918059639
3.54358974359,0.933525469576,0.022859750872,0.979907002764
3.54615384615,0.933760784695,0.0226730188105,0.979895942602
3.54871794872,0.934003907958,0.0224854677747,0.9798848844
3.55128205128,0.934254814468,0.0222971242684,0.979873833422
3.55384615385,0.934513478383,0.0221080148854,0.979862794938
3.55641025641,0.934779872916,0.0219181663063,0.979851774232
3.55897435897,0.935053970337,0.0217276052944,0.979840776596
3.56153846154,0.935335741964,0.0215363586919,0.97982980733
3.5641025641,0.935625158169,0.0213444534165,0.979818871745
3.56666666667,0.935922188373,0.021151916457,0.97980797516
3.56923076923,0.936226801041,0.0209587748699,0.979797122901
3.57179487179,0.936538963687,0.0207650557757,0.979786320303
3.57435897436,0.936858642869,0.0205707863548,0.979775572707
3.57692307692,0.937185804185,0.020375993844,0.979764885462
3.57948717949,0.937520412276,0.0201807055324,0.979754263922
3.58205128205,0.937862430822,0.0199849487581,0.979743713447
3.58461538462,0.938211822538,0.0197887509038,0.979733239402
3.58717948718,0.938568549178,0.0195921393934,0.979722847155
3.58974358974,0.938932571529,0.0193951416881,0.97971254208
3.59230769231,0.939303849409,0.0191977852824,0.979702329549
3.59487179487,0.939682341669,0.0190000977003,0.979692214935
3.59743589744,0.940068006187,0.0188021064915,0.97968220361
3.6,0.940460799871,0.0186038392274,0.979672300942
3.6,0.940460799871,0.0186038392274,0.979672300942
3.60256410256,0.940860678659,0.0184053235031,0.9796625124
3.60512820513,0.941267597536,0.0182065869206,0.979652843319
3.60769230769,0.941681510483,0.0180076570982,0.979643299087
3.61025641026,0.942102370507,0.0178085616605,0.979633885093
3.61282051282,0.942530129641,0.0176093282359,0.979624606727
3.61538461538,0.94296473894,0.0174099844518,0.979615469378
3.61794871795,0.943406148478,0.0172105579322,0.979606478434
3.62051282051,0.943854307351,0.0170110762932,0.979597639282
3.62307692308,0.944309163675,0.0168115671399,0.979588957311
3.62564102564,0.944770664581,0.0166120580627,0.979580437903
3.62820512821,0.94523875622,0.0164125766334,0.979572086443
3.63076923077,0.945713383757,0.0162131504021,0.979563908308
3.63333333333,0.946194491375,0.0160138068929,0.979555908877
3.6358974359,0.946682022269,0.0158145736007,0.979548093522
3.63846153846,0.947175918653,0.0156154779878,0.979540467612
3.64102564103,0.947676121752,0.0154165474796,0.979533036513
3.64358974359,0.948182571806,0.0152178094617,0.979525805583
3.64615384615,0.948695208071,0.0150192912759,0.979518780177
3.64871794872,0.949213968817,0.0148210202168,0.979511965643
3.65128205128,0.949738791327,0.0146230235282,0.979505367325
3.65384615385,0.950269611901,0.0144253283996,0.979498990557
3.65641025641,0.950806365855,0.0142279619628,0.979492840669
3.65897435897,0.95134898752,0.0140309512881,0.979486922981
3.66153846154,0.951897410245,0.0138343233814,0.979481242807
3.6641025641,0.952451566397,0.0136381051801,0.979475805452
3.66666666667,0.953011387361,0.0134423235501,0.979470616212
3.66923076923,0.953576803544,0.0132470052821,0.979465680374
3.67179487179,0.954147744373,0.0130521770887,0.979461003217
3.67435897436,0.9547241383,0.0128578656004,0.979456590006
3.67692307692,0.9553059128,0.0126640973625,0.979452445999
3.67948717949,0.955892994375,0.0124708988321,0.979448576439
3.68205128205,0.956485308557,0.012278296374,0.979444986561
3.68461538462,0.957082779906,0.0120863162581,0.979441681584
3.68717948718,0.957685332016,0.0118949846555,0.979438666715
3.68974358974,0.958292887515,0.0117043276355,0.979435947144
3.69230769231,0.958905368069,0.011514371162,0.979433528047
3.69487179487,0.959522694386,0.0113251410905,0.979431414583
3.69743589744,0.960144786213,0.0111366631642,0.979429611893
3.7,0.960771562346,0.0109489630111,0.979428125096
3.7,0.960771562346,0.0109489630111,0.979428125096
3.70256410256,0.961402940657,0.0107620661412,0.979426959346
3.70512820513,0.962038838065,0.0105759979443,0.979426119728
3.70769230769,0.962679170534,0.0103907836858,0.979425611316
3.71025641026,0.963323853092,0.0102064485031,0.979425439167
3.71282051282,0.963972799839,0.0100230174025,0.979425608318
3.71538461538,0.964625923949,0.00984051525602,0.979426123785
3.71794871795,0.965283137676,0.00965896679857,0.979426990567
3.72051282051,0.965944352357,0.00947839662483,0.979428213637
3.72307692308,0.96660947842,0.00929882918617,0.979429797949
3.72564102564,0.967278425386,0.00912028878762,0.979431748431
3.72820512821,0.967951101882,0.00894279958489,0.979434069989
3.73076923077,0.968627415637,0.00876638558125,0.979436767501
3.73333333333,0.969307273498,0.00859107062457,0.979439845821
3.7358974359,0.969990581432,0.00841687840428,0.979443309775
3.73846153846,0.970677244533,0.00824383244836,0.979447164159
3.74102564103,0.971367167033,0.00807195612041,0.979451413744
3.74358974359,0.972060252305,0.00790127261662,0.979456063266
3.74615384615,0.972756402875,0.00773180496285,0.979461117434
3.74871794872,0.973455520428,0.00756357601169,0.979466580924
3.75128205128,0.97415750582,0.00739660843956,0.979472458379
3.75384615385,0.974862259082,0.00723092474379,0.979478754406
3.75641025641,0.975569679434,0.00706654723977,0.979485473581
3.75897435897,0.976279665292,0.00690349805809,0.979492620442
3.76153846154,0.976992114278,0.00674179914167,0.97950019949
3.7641025641,0.977706923234,0.00658147224299,0.979508215188
3.76666666667,0.978423988227,0.00642253892127,0.979516671961
3.76923076923,0.979143204562,0.00626502053967,0.979525574193
3.77179487179,0.979864466797,0.00610893826255,0.979534926225
3.77435897436,0.98058766875,0.0059543130527,0.97954473236
3.77692307692,0.981312703511,0.00580116566858,0.979554996851
3.77948717949,0.982039463458,0.00564951666165,0.979565723912
3.78205128205,0.982767840265,0.00549938637357,0.979576917706
3.78461538462,0.983497724919,0.00535079493354,0.979588582351
3.78717948718,0.984229007729,0.00520376225556,0.979600721915
3.78974358974,0.984961578343,0.00505830803574,0.979613340414
3.79230769231,0.985695325761,0.00491445174955,0.979626441814
3.79487179487,0.986430138347,0.00477221264916,0.979640030025
3.79743589744,0.987165903847,0.00463160976063,0.979654108904
3.8,0.987902509399,0.00449266188124,0.97966868225
3.8,0.987902509399,0.00449266188124,0.97966868225
3.80256410256,0.98863984159,0.00435538757791,0.979683753839
3.80512820513,0.989377786379,0.00421980518484,0.979699327334
3.80769230769,0.990116229199,0.00408593279843,0.97971540637
3.81025641026,0.990855054942,0.00395378827664,0.979731994517
3.81282051282,0.991594147976,0.00382338923639,0.979749095283
3.81538461538,0.992333392164,0.00369475305088,0.97976671211
3.81794871795,0.993072670878,0.00356789684708,0.979784848377
3.82051282051,0.993811867023,0.00344283750313,0.979803507393
3.82307692308,0.994550863052,0.00331959164585,0.979822692402
3.82564102564,0.995289540984,0.00319817564827,0.979842406574
3.82820512821,0.996027782425,0.00307860562714,0.979862653012
3.83076923077,0.996765468587,0.0029608974405,0.979883434743
3.83333333333,0.997502480308,0.00284506668526,0.979904754722
3.8358974359,0.998238698073,0.00273112869485,0.979926615829
3.83846153846,0.998974002031,0.00261909853678,0.979949020866
3.84102564103,0.999708272021,0.00250899101032,0.979971972556
3.84358974359,1.00044138759,0.00240082064414,0.979995473542
3.84615384615,1.00117322801,0.00229460169403,0.980019526388
3.84871794872,1.00190367232,0.00219034814051,0.980044133572
3.85128205128,1.00263259932,0.00208807368662,0.980069297489
3.85384615385,1.00335988761,0.00198779175557,0.980095020447
3.85641025641,1.00408541561,0.00188951548852,0.980121304666
3.85897435897,1.00480906158,0.00179325774233,0.980148152279
3.86153846154,1.00553070365,0.00169903108728,0.980175565326
3.8641025641,1.00625021984,0.00160684780493,0.980203545755
3.86666666667,1.0069674881,0.00151671988583,0.98023209542
3.86923076923,1.00768238628,0.00142865902741,0.98026121608
3.87179487179,1.00839479224,0.00134267663179,0.980290909397
3.87435897436,1.00910458379,0.00125878380362,0.980321176936
3.87692307692,1.00981163879,0.001176991348,0.980352020159
3.87948717949,1.0105158351,0.00109730976835,0.980383440431
3.88205128205,1.01121705069,0.00101974926438,0.980415439012
3.88461538462,1.0119151636,0.000944319729992,0.980448017058
3.88717948718,1.01261005198,0.000871030751341,0.980481175622
3.88974358974,1.01330159414,0.000799891604813,0.98051491565
3.89230769231,1.01398966858,0.000730911255107,0.98054923798
3.89487179487,1.01467415398,0.000664098353334,0.980584143343
3.89743589744,1.01535492925,0.000599461235159,0.98061963236
3.9,1.01603187357,0.000537007919002,0.980655705542
3.9,1.01603187357,0.000537007919002,0.980655705542
3.90256410256,1.01670486638,0.000476746106648,0.980692363277
3.90512820513,1.0173737874,0.000418683173949,0.980729605798
3.90769230769,1.01803851676,0.000362826173061,0.980767433282
3.91025641026,1.01869893494,0.000309181832514,0.980805845783
3.91282051282,1.01935492281,0.000257756555042,0.980844843232
3.91538461538,1.02000636169,0.000208556415534,0.980884425439
3.91794871795,1.02065313332,0.000161587159084,0.980924592088
3.92051282051,1.02129511996,0.000116854199149,0.980965342744
3.92307692308,1.02193220435,7.43626157787e-05,0.981006676845
3.92564102564,1.02256426979,3.41171539437e-05,0.981048593705
3.92820512821,1.02319120015,-3.87777808239e-06,0.981091092513
3.93076923077,1.02381287992,-3.96181102685e-05,0.981134172334
3.93333333333,1.02442919421,-7.31001123182e-05,0.981177832106
3.9358974359,1.02504002878,-0.00010432039511,0.981222070637
3.93846153846,1.02564527012,-0.000133275912092,0.981266886612
3.94102564103,1.02624480542,-0.000159963960636,0.981312278583
3.94358974359,1.02683852262,-0.00018438218335,0.981358244974
3.94615384615,1.02742631047,-0.000206528569362,0.981404784079
3.94871794872,1.02800805851,-0.000226401455565,0.981451894062
3.95128205128,1.02858365715,-0.000243999527831,0.981499572952
3.95384615385,1.02915299765,-0.0002593218222,0.981547818648
3.95641025641,1.02971597219,-0.00027236772603,0.981596628915
3.95897435897,1.03027247389,-0.000283136979118,0.981646001385
3.96153846154,1.03082239681,-0.000291629674792,0.981695933552
3.9641025641,1.03136563604,-0.000297846260958,0.98174642278
3.96666666667,1.03190208767,-0.000301787541119,0.981797466294
3.96923076923,1.03243164886,-0.000303454675343,0.981849061185
3.97179487179,1.03295421783,-0.000302849181187,0.981901204407
3.97435897436,1.03346969396,-0.000299972934571,0.981953892781
3.97692307692,1.03397797772,-0.000294828170593,0.982007122987
3.97948717949,1.0344789708,-0.000287417484276,0.982060891574
3.98205128205,1.03497257606,-0.000277743831246,0.982115194952
3.98461538462,1.03545869762,-0.000265810528333,0.9821700294
3.98717948718,1.03593724085,-0.000251621254078,0.982225391058
3.98974358974,1.0364081124,-0.000235180049142,0.982281275937
3.99230769231,1.03687122026,-0.000216491316613,0.982337679912
3.99487179487,1.03732647377,-0.000195559822183,0.982394598729
3.99743589744,1.03777378364,-0.000172390694207,0.982452028004
4,1.03821306199,-0.000146989423601,0.982509963222
4,1.03821306199,-0.000146989423601,0.982509963222
4.00256410256,1.03864422228,-0.000119361862146,0.982568399653
4.00512820513,1.03906717948,-8.95142353546e-05,0.982627332488
4.00769230769,1.03948185008,-5.74531298384e-05,0.982686756809
4.01025641026,1.03988815207,-2.3185495444e-05,0.98274666756
4.01282051282,1.04028600497,1.3281354417e-05,0.982807059553
4.01538461538,1.04067532986,5.19397425803e-05,0.982867927462
4.01794871795,1.0410560494,9.27816280696e-05,0.982929265831
4.02051282051,1.04142808787,0.00013579860616,0.982991069073
4.02307692308,1.04179137117,0.000180981908552,0.983053331471
4.02564102564,1.04214582687,0.000228322403654,0.983116047182
4.02820512821,1.04249138422,0.000277810596961,0.983179210234
4.03076923077,1.04282797418,0.000329436631529,0.983242814533
4.03333333333,1.04315552944,0.00038319028853,0.983306853857
4.0358974359,1.04347398444,0.000439060987902,0.983371321866
4.03846153846,1.0437832754,0.000497037789061,0.983436212095
4.04102564103,1.04408334032,0.000557109391696,0.983501517963
4.04358974359,1.04437411904,0.00061926413664,0.983567232767
4.04615384615,1.04465555322,0.000683490006795,0.983633349688
4.04871794872,1.04492758639,0.000749774628139,0.983699861793
4.05128205128,1.04519016394,0.000818105270788,0.983766762032
4.05384615385,1.04544323317,0.000888468850126,0.983834043244
4.05641025641,1.04568674328,0.000960851928005,0.983901698155
4.05897435897,1.04592064541,0.001035240714,0.983969719382
4.06153846154,1.04614489263,0.00111162106673,0.984038099436
4.0641025641,1.04635943998,0.00118997849527,0.984106830718
4.06666666667,1.0465642445,0.00127029816061,0.984175905527
4.06923076923,1.04675926519,0.00135256487718,0.984245316057
4.07179487179,1.04694446308,0.00143676311447,0.984315054405
4.07435897436,1.04711980121,0.00152287699876,0.984385112565
4.07692307692,1.04728524466,0.00161089031484,0.984455482437
4.07948717949,1.04744076054,0.00170078650794,0.984526155827
4.08205128205,1.04758631806,0.00179254868568,0.984597124449
4.08461538462,1.04772188846,0.00188615962013,0.984668379927
4.08717948718,1.04784744508,0.00198160175003,0.984739913798
4.08974358974,1.04796296334,0.00207885718304,0.984811717516
4.09230769231,1.04806842079,0.00217790769825,0.984883782455
4.09487179487,1.04816379707,0.00227873474866,0.984956099909
4.09743589744,1.04824907393,0.00238131946395,0.985028661099
4.1,1.04832423526,0.00248564265332,0.985101457171
4.1,1.04832423526,0.00248564265332,0.985101457171
4.10256410256,1.04838926698,0.00259168480621,0.985174479117
4.10512820513,1.04844415728,0.0026994260917,0.985247717973
4.10769230769,1.04848889644,0.00280884636968,0.985321164657
4.11025641026,1.04852347685,0.00291992518895,0.985394810021
4.11282051282,1.04854789308,0.00303264179023,0.985468644854
4.11538461538,1.04856214183,0.00314697510932,0.985542659887
4.11794871795,1.04856622196,0.00326290378026,0.985616845792
4.12051282051,1.04856013448,0.00338040613853,0.985691193187
4.12307692308,1.04854388255,0.00349946022439,0.985765692634
4.12564102564,1.04851747147,0.00362004378613,0.98584033465
4.12820512821,1.04848090871,0.00374213428358,0.985915109701
4.13076923077,1.04843420388,0.00386570889149,0.985990008209
4.13333333333,1.04837736872,0.00399074450311,0.986065020554
4.1358974359,1.04831041712,0.00411721773379,0.986140137078
4.13846153846,1.04823336512,0.00424510492465,0.986215348083
4.14102564103,1.04814623087,0.00437438214634,0.986290643842
4.14358974359,1.04804903465,0.00450502520281,0.986366014591
4.14615384615,1.04794179888,0.00463700963526,0.986441450543
4.14871794872,1.04782454807,0.0047703107261,0.986516941883
4.15128205128,1.04769730884,0.00490490350294,0.986592478773
4.15384615385,1.04756010991,0.00504076274277,0.986668051357
4.15641025641,1.04741298208,0.00517786297609,0.98674364976
4.15897435897,1.04725595823,0.00531617849122,0.986819264096
4.16153846154,1.04708907332,0.00545568333861,0.986894884465
4.1641025641,1.04691236433,0.00559635133525,0.986970500961
4.16666666667,1.04672587033,0.00573815606917,0.987046103671
4.16923076923,1.04652963237,0.00588107090394,0.98712168268
4.17179487179,1.04632369356,0.00602506898335,0.987197228075
4.17435897436,1.04610809898,0.00617012323604,0.987272729944
4.17692307692,1.04588289572,0.00631620638025,0.98734817838
4.17948717949,1.04564813282,0.00646329092864,0.987423563488
4.18205128205,1.0454038613,0.00661134919314,0.987498875381
4.18461538462,1.0451501341,0.00676035328987,0.987574104187
4.18717948718,1.0448870061,0.00691027514411,0.987649240049
4.18974358974,1.04461453405,0.00706108649528,0.987724273131
4.19230769231,1.04433277662,0.00721275890202,0.987799193616
4.19487179487,1.04404179433,0.00736526374729,0.98787399171
4.19743589744,1.04374164954,0.00751857224347,0.987948657645
4.2,1.04343240643,0.00767265543749,0.98802318168
4.2,1.04343240643,0.00767265543749,0.98802318168
4.20256410256,1.04311413096,0.00782748420864,0.988097554084
4.20512820513,1.04278689104,0.00798302929221,0.988171765293
4.20769230769,1.0424507562,0.00813926127456,0.988245805659
4.21025641026,1.04210579769,0.00829615059663,0.988319665577
4.21282051282,1.04175208851,0.00845366755994,0.988393335495
4.21538461538,1.04138970334,0.00861178233248,0.988466805909
4.21794871795,1.04101871856,0.00877046495462,0.988540067366
4.22051282051,1.04063921218,0.00892968534496,0.988613110466
4.22307692308,1.04025126382,0.00908941330615,0.988685925864
4.22564102564,1.03985495473,0.0092496185307,0.988758504271
4.22820512821,1.0394503677,0.00941027060679,0.988830836456
4.23076923077,1.03903758708,0.0095713390241,0.988902913248
4.23333333333,1.03861669874,0.00973279317956,0.988974725536
4.2358974359,1.03818779002,0.00989460238322,0.989046264275
4.23846153846,1.03775094975,0.010056735864,0.989117520486
4.24102564103,1.03730626817,0.0102191627758,0.989188485257
4.24358974359,1.03685383696,0.0103818522028,0.989259149745
4.24615384615,1.03639374914,0.0105447731661,0.989329505181
4.24871794872,1.03592609911,0.0107078946291,0.989399542871
4.25128205128,1.03545098258,0.0108711855035,0.989469254194
4.25384615385,1.03496849657,0.0110346146557,0.989538630611
4.25641025641,1.03447873934,0.0111981509122,0.989607663662
4.25897435897,1.03398181041,0.0113617630663,0.989676344971
4.26153846154,1.0334778105,0.0115254198836,0.989744666244
4.2641025641,1.03296684149,0.0116890901085,0.989812619276
4.26666666667,1.03244900643,0.0118527424701,0.989880195949
4.26923076923,1.03192440947,0.0120163456885,0.989947388238
4.27179487179,1.03139315587,0.0121798684812,0.990014188206
4.27435897436,1.03085535191,0.0123432795687,0.990080588012
4.27692307692,1.03031110493,0.0125065476814,0.990146579911
4.27948717949,1.02976052324,0.0126696415655,0.990212156253
4.28205128205,1.02920371614,0.0128325299891,0.990277309487
4.28461538462,1.02864079383,0.012995181749,0.990342032161
4.28717948718,1.02807186743,0.0131575656763,0.990406316925
4.28974358974,1.02749704894,0.0133196506432,0.99047015653
4.29230769231,1.02691645119,0.0134814055687,0.990533543827
4.29487179487,1.02633018779,0.0136427994251,0.990596471775
4.29743589744,1.02573837318,0.0138038012442,0.990658933434
4.3,1.0251411225,0.0139643801232,0.990720921969
4.3,1.0251411225,0.0139643801232,0.990720921969
4.30256410256,1.02453855103,0.0141245051902,0.99078243012
4.30512820513,1.02393077613,0.0142841456937,0.990843452007
4.30769230769,1.02331791492,0.0144432709696,0.990903981034
4.31025641026,1.02270008514,0.0146018504393,0.990964010744
4.31282051282,1.02207740517,0.014759853617,0.991023534805
4.31538461538,1.02144999395,0.0149172501158,0.991082547017
4.31794871795,1.02081797096,0.0150740096549,0.9911410413
4.32051282051,1.02018145619,0.0152301020659,0.9911990117
4.32307692308,1.01954057013,0.0153854972995,0.991256452385
4.32564102564,1.01889543367,0.0155401654316,0.991313357642
4.32820512821,1.01824616814,0.0156940766704,0.991369721879
4.33076923077,1.01759289524,0.0158472013617,0.991425539624
4.33333333333,1.01693573702,0.0159995099958,0.991480805523
4.3358974359,1.01627481585,0.0161509732134,0.991535514341
4.33846153846,1.01561025438,0.0163015618113,0.991589660964
4.34102564103,1.01494217553,0.0164512467484,0.991643240392
4.34358974359,1.01427070244,0.0165999991515,0.991696247747
4.34615384615,1.01359595843,0.0167477903211,0.99174867827
4.34871794872,1.01291806704,0.0168945917365,0.991800527318
4.35128205128,1.01223715189,0.0170403750618,0.991851790368
4.35384615385,1.01155333676,0.017185112151,0.991902463016
4.35641025641,1.01086674549,0.0173287750536,0.991952540977
4.35897435897,1.01017750199,0.0174713360198,0.992002020085
4.36153846154,1.00948573018,0.017612767506,0.992050896293
4.3641025641,1.00879155401,0.0177530421799,0.992099165676
4.36666666667,1.00809509737,0.0178921329262,0.992146824429
4.36923076923,1.00739648414,0.0180300128516,0.992193868869
4.37179487179,1.00669583811,0.018166655291,0.992240295435
4.37435897436,1.00599328295,0.0183020338123,0.992286100695
4.37692307692,1.00528894223,0.0184361222229,0.992331281339
4.37948717949,1.00458293938,0.0185688945752,0.99237583419
4.38205128205,1.00387539764,0.018700325173,0.992419756203
4.38461538462,1.00316644007,0.0188303885779,0.992463044469
4.38717948718,1.00245618954,0.0189590596159,0.992505696222
4.38974358974,1.00174476867,0.0190863133846,0.992547708843
4.39230769231,1.00103229985,0.0192121252606,0.992589079864
4.39487179487,1.00031890521,0.0193364709075,0.992629806982
4.39743589744,0.99960470662,0.019459326284,0.992669888061
4.4,0.99888982565,0.0195806676529,0.992709321149
4.4,0.99888982565,0.0195806676529,0.992709321149
4.40256410256,0.998174375849,0.0197004711711,0.992748096985
4.40512820513,0.997458486696,0.0198187136109,0.992786222262
4.40769230769,0.996742277413,0.0199353721666,0.992823694247
4.41025641026,0.996025867025,0.0200504243005,0.992860510552
4.41282051282,0.995309374292,0.020163847753,0.992896669092
4.41538461538,0.994592917647,0.0202756205518,0.99293216804
4.41794871795,0.993876615145,0.0203857210219,0.992967005802
4.42051282051,0.993160584415,0.0204941277951,0.993001180987
4.42307692308,0.992444942615,0.0206008198194,0.993034692385
4.42564102564,0.991729806398,0.0207057763679,0.993067538955
4.42820512821,0.991015291879,0.020808977047,0.993099719804
4.43076923077,0.990301514599,0.0209104018036,0.993131234178
4.43333333333,0.989588589504,0.0210100309322,0.993162081452
4.4358974359,0.988876630914,0.0211078450805,0.99319226112
4.43846153846,0.988165752499,0.0212038252541,0.993221772791
4.44102564103,0.987456067257,0.0212979528211,0.993250616177
4.44358974359,0.986747687493,0.0213902095147,0.993278791094
4.44615384615,0.986040724795,0.0214805774358,0.99330629745
4.44871794872,0.985335290015,0.0215690390548,0.993333135244
4.45128205128,0.984631493252,0.0216555772125,0.99335930456
4.45384615385,0.983929443829,0.0217401751207,0.993384805567
4.45641025641,0.98322925028,0.0218228163627,0.993409638511
4.45897435897,0.982531020335,0.0219034848936,0.993433803719
4.46153846154,0.981834860904,0.0219821650403,0.993457301597
4.4641025641,0.981140878068,0.0220588415029,0.993480132632
4.46666666667,0.980449177073,0.0221334993556,0.993502297401
4.46923076923,0.979759862321,0.0222061240497,0.993523796577
4.47179487179,0.979073037379,0.0222767014172,0.993544630945
4.47435897436,0.978388804977,0.0223452176765,0.993564801419
4.47692307692,0.977707267025,0.0224116594399,0.993584309067
4.47948717949,0.977028524634,0.0224760137241,0.993603155144
4.48205128205,0.97635267814,0.0225382679635,0.993621341129
4.48461538462,0.975679827144,0.0225984100266,0.993638868779
4.48717948718,0.975010070562,0.0226564282375,0.993655740186
4.48974358974,0.974343506686,0.0227123114005,0.993671957848
4.49230769231,0.973680233257,0.0227660488317,0.993687524759
4.49487179487,0.973020347557,0.0228176303944,0.993702444507
4.49743589744,0.972363946517,0.0228670465426,0.99371672139
4.5,0.971711126841,0.0229142883706,0.993730360557
4.5,0.971711126841,0.0229142883706,0.993730360557
4.50256410256,0.971061900562,0.0229593431441,0.993743282525
4.50512820513,0.970416456022,0.0230022017026,0.993755587435
4.50769230769,0.969774874032,0.0230428569757,0.99376726764
4.51025641026,0.969137236944,0.0230813019043,0.993778318173
4.51282051282,0.968503628131,0.0231175295025,0.993788736225
4.51538461538,0.967874131555,0.0231515329225,0.99379852071
4.51794871795,0.967248831407,0.0231833055189,0.993807671906
4.52051282051,0.966627811809,0.0232128409125,0.99381619116
4.52307692308,0.966011156571,0.0232401330485,0.993824080652
4.52564102564,0.96539894899,0.0232651762504,0.993831343195
4.52820512821,0.964791271685,0.0232879652668,0.99383798208
4.53076923077,0.964188206464,0.0233084953096,0.993844000947
4.53333333333,0.963589834213,0.0233267620846,0.993849403678
4.5358974359,0.962996234801,0.0233427618124,0.993854194313
4.53846153846,0.962407487001,0.0233564912397,0.993858376968
4.54102564103,0.961823668418,0.0233679476425,0.993861955779
4.54358974359,0.961244855435,0.0233771288195,0.993864934839
4.54615384615,0.960671123153,0.0233840330776,0.993867318152
4.54871794872,0.960102545346,0.0233886592114,0.993869109585
4.55128205128,0.959539194423,0.0233910064755,0.993870312831
4.55384615385,0.958981141393,0.0233910745534,0.993870931384
4.55641025641,0.958428455848,0.0233888635248,0.99387096851
4.55897435897,0.957881205955,0.0233843738315,0.993870427255
4.56153846154,0.957339458471,0.023377606247,0.99386931045
4.5641025641,0.956803278775,0.0233685618507,0.993867620755
4.56666666667,0.95627273094,0.0233572420113,0.993865360728
4.56923076923,0.955747877834,0.0233436483808,0.993862532936
4.57179487179,0.955228781268,0.0233277829058,0.99385914011
4.57435897436,0.954715502203,0.0233096478568,0.993855185358
4.57692307692,0.954208101013,0.023289245883,0.99385067245
4.57948717949,0.953706637831,0.0232665800946,0.993845606173
4.58205128205,0.953211172975,0.0232416541794,0.993839992786
4.58461538462,0.95272176748,0.0232144725589,0.993833840579
4.58717948718,0.952238483736,0.0231850405877,0.993827160542
4.58974358974,0.951761386261,0.0231533648048,0.993819967187
4.59230769231,0.951290542616,0.0231194532414,0.993812279503
4.59487179487,0.950826024471,0.0230833157915,0.993804122093
4.59743589744,0.950367908863,0.0230449646537,0.993795526495
4.6,0.949916279639,0.0230044148503,0.993786532708
4.6,0.949916279639,0.0230044148503,0.993786532708
4.60256410256,0.94947031819,0.0229616358667,0.993776241347
4.60512820513,0.949031117086,0.022916630201,0.993765746033
4.60769230769,0.948598617225,0.0228694209817,0.993754941146
4.61025641026,0.948172785891,0.022820026909,0.993743750162
4.61282051282,0.947753611288,0.0227684630063,0.993732119825
4.61538461538,0.947341097986,0.0227147413829,0.993720015293
4.61794871795,0.946935263128,0.0226588719836,0.993707416129
4.62051282051,0.946536133315,0.022600863304,0.993694312999
4.62307692308,0.946143742044,0.022540723052,0.993680704992
4.62564102564,0.945758127612,0.0224784587398,0.993666597427
4.62820512821,0.94537933141,0.0224140781939,0.993652000085
4.63076923077,0.945007396523,0.0223475899725,0.993636925761
4.63333333333,0.944642366578,0.0222790036842,0.993621389084
4.6358974359,0.944284284787,0.0222083302048,0.993605405541
4.63846153846,0.943933193139,0.02213558179,0.993588990648
4.64102564103,0.943589131711,0.0220607720873,0.993572159248
4.64358974359,0.943252138065,0.0219839160538,0.993554924893
4.64615384615,0.942922246728,0.0219050297855,0.993537299305
4.64871794872,0.94259948875,0.0218241302734,0.993519291908
4.65128205128,0.942283891334,0.0217412350986,0.993500909435
4.65384615385,0.941975477567,0.0216563620859,0.99348215563
4.65641025641,0.941674266274,0.0215695289359,0.993463031076
4.65897435897,0.941380272025,0.021480752862,0.993443533172
4.66153846154,0.941093505349,0.0213900502571,0.993423656337
4.6641025641,0.940813973204,0.0212974364234,0.993403392465
4.66666666667,0.940541679773,0.0212029253975,0.99338273174
4.66923076923,0.940276627652,0.0211065299087,0.993361663859
4.67179487179,0.940018819533,0.0210082615115,0.99334017978
4.67435897436,0.939768260455,0.0209081309341,0.99331827409
4.67692307692,0.939524960747,0.0208061486929,0.9932959481
4.67948717949,0.939288939765,0.0207023260199,0.993273213807
4.68205128205,0.939060230552,0.0205966761594,0.993250098851
4.68461538462,0.938838885561,0.0204892160887,0.993226652611
4.68717948718,0.938624983577,0.0203799687246,0.993202953607
4.68974358974,0.938418637993,0.0202689656773,0.993179118366
4.69230769231,0.938220006616,0.0201562506205,0.993155311944
4.69487179487,0.938029303162,0.0200418833464,0.993131760283
4.69743589744,0.937846810629,0.0199259445783,0.99310876461
4.7,0.937672896755,0.0198085416194,0.993086718094
4.7,0.937672896755,0.0198085416194,0.993086718094
4.70256410256,0.937497946918,0.0196892698616,0.99305545577
4.70512820513,0.937333631005,0.0195680843645,0.993027320128
4.70769230769,0.937178753542,0.0194451795076,0.993001046457
4.71025641026,0.937032429597,0.0193206920606,0.992975704023
4.71282051282,0.936894023657,0.0191947107905,0.992950629577
4.71538461538,0.936763098437,0.019067285976,0.992925371816
4.71794871795,0.93663937226,0.0189384385749,0.992899645324
4.72051282051,0.936522683778,0.0188081688247,0.992873292608
4.72307692308,0.936412962913,0.0186764640879,0.992846252994
4.72564102564,0.936310206998,0.0185433057878,0.992818537228
4.72820512821,0.936214461212,0.0184086753121,0.992790206799
4.73076923077,0.936125802498,0.0182725587933,0.99276135706
4.73333333333,0.93604432629,0.0181349507115,0.992732103398
4.7358974359,0.935970135444,0.0179958562921,0.992702569781
4.73846153846,0.935903330916,0.01785529271,0.992672879156
4.74102564103,0.935844003807,0.0177132891405,0.992643145283
4.74358974359,0.935792228519,0.0175698857332,0.992613465699
4.74615384615,0.935748056876,0.0174251316173,0.992583915645
4.74871794872,0.935711513157,0.017279082081,0.992554542898
4.75128205128,0.935682590119,0.0171317951009,0.992525363561
4.75384615385,0.93566124617,0.0169833274319,0.992496359002
4.75641025641,0.935647403989,0.0168337305015,0.992467474238
4.75897435897,0.935640950969,0.0166830463867,0.99243861819
4.76153846154,0.935641741994,0.0165313041856,0.992409666341
4.7641025641,0.935649605147,0.0163785171301,0.992380466461
4.76666666667,0.935664351066,0.0162246808215,0.992350848182
4.76923076923,0.935685786782,0.0160697730023,0.992320637317
4.77179487179,0.935713734954,0.0159137553149,0.992289675939
4.77435897436,0.935748059552,0.015756577532,0.992257849374
4.77692307692,0.935788699132,0.015598184776,0.992225121336
4.77948717949,0.935835708965,0.0154385282822,0.992191578621
4.78205128205,0.935889313373,0.0152775802953,0.992157486821
4.78461538462,0.935949969758,0.015115353722,0.992123358697
4.78717948718,0.936018445897,0.0149519271982,0.992090036945
4.78974358974,0.936095912194,0.0147874762643,0.992058793205
4.79230769231,0.936184050693,0.0146223113713,0.992031445295
4.79487179487,0.936285182744,0.0144569234713,0.992010494769
4.79743589744,0.936402417353,0.0142920379686,0.991999287003
4.8,0.936539822323,0.0141286778224,0.992002196164
4.8,0.936539822323,0.0141286778224,0.992002196164
4.80256410256,0.936584209505,0.0139618243473,0.991899457389
4.80512820513,0.936674402269,0.0137907785162,0.991837997691
4.80769230769,0.936795815984,0.0136177017288,0.991802344129
4.81025641026,0.93693765624,0.0134440296287,0.99178109391
4.81282051282,0.937092181121,0.0132705991114,0.99176611003
4.81538461538,0.93725408132,0.0130977719348,0.991751847293
4.81794871795,0.937419962366,0.012925551958,0.991734791269
4.82051282051,0.937587914464,0.012753693561,0.991712994126
4.82307692308,0.937757156751,0.0125817992566,0.991685692687
4.82564102564,0.937927744019,0.0124094049215,0.991652995433
4.82820512821,0.938100325241,0.0122360514569,0.991615626558
4.83076923077,0.938275944498,0.012061342065,0.99157471661
4.83333333333,0.938455876168,0.0118849846941,0.9915316306
4.8358974359,0.938641487538,0.0117068195723,0.991487825882
4.83846153846,0.938834123228,0.0115268321211,0.991444733492
4.84102564103,0.939035007117,0.0113451519179,0.991403658026
4.84358974359,0.939245158725,0.0111620387543,0.991365692525
4.84615384615,0.939465322263,0.0109778572232,0.991331646237
4.84871794872,0.939695907854,0.0107930416591,0.991301984504
4.85128205128,0.93993694567,0.0106080536413,0.99127678144
4.85384615385,0.940188055032,0.010423334664,0.991255687432
4.85641025641,0.940448431767,0.0102392569643,0.991237914907
4.85897435897,0.940716858393,0.0100560758866,0.9912222472
4.86153846154,0.940991742975,0.00987388754217,0.991207076752
4.8641025641,0.941271193764,0.00969259590599,0.991190480263
4.86666666667,0.941553138007,0.00951189386825,0.991170339815
4.86923076923,0.941835494568,0.00933126314011,0.991144520374
4.87179487179,0.942116411288,0.00914999829807,0.991111115496
4.87435897436,0.942394579289,0.00896726064813,0.991068774421
4.87692307692,0.942669637656,0.00878216800103,0.991017125157
4.87948717949,0.942942683266,0.00859392687386,0.990957309566
4.88205128205,0.943216901733,0.00840201406423,0.990892647829
4.88461538462,0.943498336766,0.00820641495786,0.990829451093
4.88717948718,0.943796816472,0.00800792628592,0.9907780025
4.88974358974,0.944127056423,0.00780853126516,0.990753728182
4.89230769231,0.944509960562,0.00761185500245,0.990778581211
4.89487179487,0.944974142319,0.00742370752556,0.990882662837
4.89743589744,0.945557689535,0.00725272051896,0.991106106701
4.9,0.946310198117,0.00711108138044,0.991501252943
4.9,0.946310198117,0.00711108138044,0.991501252943
4.90256410256,0.945796300707,0.00693429407907,0.990565164147
4.90512820513,0.945797205056,0.00671546865598,0.99016230077
4.90769230769,0.946121744724,0.00648181786479,0.99009152607
4.91025641026,0.946628742237,0.00625127976716,0.990204827601
4.91282051282,0.947217291427,0.00603411477265,0.990396833185
4.91538461538,0.947818577384,0.00583450907654,0.990596007238
4.91794871795,0.948389030981,0.00565210469837,0.990757306694
4.92051282051,0.94890463122,0.00548340755963,0.990856092592
4.92307692308,0.949356184941,0.00532304440044,0.990883110585
4.92564102564,0.949745429744,0.0051648508691,0.990840371068
4.92820512821,0.950081822254,0.00500277993531,0.990737777279
4.93076923077,0.950379890174,0.0048316240913,0.990590367369
4.93333333333,0.950657042849,0.0046475480856,0.990416054105
4.9358974359,0.950931751377,0.00444843209602,0.990233763482
4.93846153846,0.951222025586,0.00423402880134,0.990061891107
4.94102564103,0.951544131501,0.0040059419877,0.989917012699
4.94358974359,0.951911509214,0.00376743916026,0.989812802599
4.94615384615,0.952333867383,0.00352311602596,0.989759131654
4.94871794872,0.952816446854,0.00327843647692,0.989761333407
4.95128205128,0.953359462221,0.00303917758834,0.989819645071
4.95384615385,0.953957746434,0.00281081488063,0.989928847426
4.95641025641,0.954600639836,0.00259788842992,0.990078145393
4.95897435897,0.955272181349,0.00240339516259,0.990251348746
4.96153846154,0.955951675776,0.00222825676944,0.990427430026
4.9641025641,0.95661472753,0.00207091622748,0.990581554354
4.96666666667,0.957234847362,0.00192711922724,0.990686693368
4.96923076923,0.95778575497,0.00178994038609,0.99071595299
4.97179487179,0.958244516677,0.00165011866741,0.990645762211
4.97435897436,0.958595673639,0.00149677264924,0.99046008757
4.97692307692,0.958836532365,0.00131857472996,0.990155855606
4.97948717949,0.958983805609,0.00110547395029,0.989749783389
4.98205128205,0.959081808001,0.000851068494247,0.98928683521
4.98461538462,0.959212427079,0.000555737417635,0.988850541732
4.98717948718,0.95950710667,0.000230639183528,0.988575435957
4.98974358974,0.960161095884,-9.73413345998e-05,0.988661877735
4.99230769231,0.961450233265,-0.00037968738077,0.989393554083
4.99487179487,0.963750551942,-0.000539525605312,0.991157954327
4.99743589744,0.967561007923,-0.000464488854837,0.994470124408
5,0.97352964998,0,1
