$MeshFormat
2.2 0 8
$EndMeshFormat
$Nodes
3097
1 9.6564216000e-02 -4.6171664400e-02 0.0000000000e+00
2 8.4770686900e-02 -4.3969496000e-02 0.0000000000e+00
3 7.9446316400e-02 -6.6482921500e-02 0.0000000000e+00
4 9.4501525300e-02 -6.8819257200e-02 0.0000000000e+00
5 7.4121945900e-02 -8.8996347100e-02 0.0000000000e+00
6 9.2438834700e-02 -9.1466850000e-02 0.0000000000e+00
7 6.8797575400e-02 -1.1150977300e-01 0.0000000000e+00
8 9.0376144000e-02 -1.1411444300e-01 0.0000000000e+00
9 6.3473204900e-02 -1.3402319800e-01 0.0000000000e+00
10 8.8313453300e-02 -1.3676203600e-01 0.0000000000e+00
11 5.8148834400e-02 -1.5653662400e-01 0.0000000000e+00
12 8.6250762700e-02 -1.5940962900e-01 0.0000000000e+00
13 5.2824463900e-02 -1.7905004900e-01 0.0000000000e+00
14 8.4188072000e-02 -1.8205722100e-01 0.0000000000e+00
15 4.7500093400e-02 -2.0156347500e-01 0.0000000000e+00
16 8.2125381300e-02 -2.0470481400e-01 0.0000000000e+00
17 4.2175722900e-02 -2.2407690000e-01 0.0000000000e+00
18 8.0062690700e-02 -2.2735240700e-01 0.0000000000e+00
19 3.6851352400e-02 -2.4659032600e-01 0.0000000000e+00
20 7.8000000000e-02 -2.5000000000e-01 0.0000000000e+00
21 7.3034033900e-02 -4.1482497200e-02 0.0000000000e+00
22 6.4566378200e-02 -6.3146032000e-02 0.0000000000e+00
23 5.6098722500e-02 -8.4809566800e-02 0.0000000000e+00
24 4.7631066800e-02 -1.0647310200e-01 0.0000000000e+00
25 3.9163411100e-02 -1.2813663600e-01 0.0000000000e+00
26 3.0695755400e-02 -1.4980017100e-01 0.0000000000e+00
27 2.2228099800e-02 -1.7146370600e-01 0.0000000000e+00
28 1.3760444100e-02 -1.9312724100e-01 0.0000000000e+00
29 5.2927883800e-03 -2.1479077600e-01 0.0000000000e+00
30 -3.1748673000e-03 -2.3645431000e-01 0.0000000000e+00
31 6.1375386000e-02 -3.8653044200e-02 0.0000000000e+00
32 5.0001804400e-02 -5.8788087900e-02 0.0000000000e+00
33 3.8628222800e-02 -7.8923131600e-02 0.0000000000e+00
34 2.7254641300e-02 -9.9058175400e-02 0.0000000000e+00
35 1.5881059700e-02 -1.1919321900e-01 0.0000000000e+00
36 4.5074780800e-03 -1.3932826300e-01 0.0000000000e+00
37 -6.8661035000e-03 -1.5946330700e-01 0.0000000000e+00
38 -1.8239685100e-02 -1.7959835000e-01 0.0000000000e+00
39 -2.9613266700e-02 -1.9973339400e-01 0.0000000000e+00
40 -4.0986848300e-02 -2.1986843800e-01 0.0000000000e+00
41 4.9827629600e-02 -3.5401597000e-02 0.0000000000e+00
42 3.5896428700e-02 -5.3388655900e-02 0.0000000000e+00
43 2.1965227900e-02 -7.1375714800e-02 0.0000000000e+00
44 8.0340270100e-03 -8.9362773800e-02 0.0000000000e+00
45 -5.8971738600e-03 -1.0734983300e-01 0.0000000000e+00
46 -1.9828374700e-02 -1.2533689200e-01 0.0000000000e+00
47 -3.3759575600e-02 -1.4332395100e-01 0.0000000000e+00
48 -4.7690776400e-02 -1.6131100900e-01 0.0000000000e+00
49 -6.1621977300e-02 -1.7929806800e-01 0.0000000000e+00
50 -7.5553178200e-02 -1.9728512700e-01 0.0000000000e+00
51 3.8445775600e-02 -3.1612004600e-02 0.0000000000e+00
52 2.2403914200e-02 -4.6912936600e-02 0.0000000000e+00
53 6.3620526700e-03 -6.2213868700e-02 0.0000000000e+00
54 -9.6798088000e-03 -7.7514800700e-02 0.0000000000e+00
55 -2.5721670300e-02 -9.2815732700e-02 0.0000000000e+00
56 -4.1763531800e-02 -1.0811666500e-01 0.0000000000e+00
57 -5.7805393200e-02 -1.2341759700e-01 0.0000000000e+00
58 -7.3847254700e-02 -1.3871852900e-01 0.0000000000e+00
59 -8.9889116200e-02 -1.5401946100e-01 0.0000000000e+00
60 -1.0593097800e-01 -1.6932039300e-01 0.0000000000e+00
61 2.7332850700e-02 -2.7098190800e-02 0.0000000000e+00
62 9.7079095200e-03 -3.9280285100e-02 0.0000000000e+00
63 -7.9170316200e-03 -5.1462379400e-02 0.0000000000e+00
64 -2.5541972800e-02 -6.3644473700e-02 0.0000000000e+00
65 -4.3166913900e-02 -7.5826568000e-02 0.0000000000e+00
66 -6.0791855000e-02 -8.8008662300e-02 0.0000000000e+00
67 -7.8416796200e-02 -1.0019075700e-01 0.0000000000e+00
68 -9.6041737300e-02 -1.1237285100e-01 0.0000000000e+00
69 -1.1366667800e-01 -1.2455494500e-01 0.0000000000e+00
70 -1.3129162000e-01 -1.3673704000e-01 0.0000000000e+00
71 1.6713263700e-02 -2.1531449000e-02 0.0000000000e+00
72 -1.9152468900e-03 -3.0297272100e-02 0.0000000000e+00
73 -2.0543757500e-02 -3.9063095100e-02 0.0000000000e+00
74 -3.9172268100e-02 -4.7828918100e-02 0.0000000000e+00
75 -5.7800778700e-02 -5.6594741100e-02 0.0000000000e+00
76 -7.6429289300e-02 -6.5360564100e-02 0.0000000000e+00
77 -9.5057799900e-02 -7.4126387100e-02 0.0000000000e+00
78 -1.1368631000e-01 -8.2892210100e-02 0.0000000000e+00
79 -1.3231482100e-01 -9.1658033100e-02 0.0000000000e+00
80 -1.5094333200e-01 -1.0042385600e-01 0.0000000000e+00
81 7.1934398100e-03 -1.4273119100e-02 0.0000000000e+00
82 -1.1866949800e-02 -1.9506258300e-02 0.0000000000e+00
83 -3.0927339400e-02 -2.4739397500e-02 0.0000000000e+00
84 -4.9987729000e-02 -2.9972536600e-02 0.0000000000e+00
85 -6.9048118500e-02 -3.5205675800e-02 0.0000000000e+00
86 -8.8108508100e-02 -4.0438815000e-02 0.0000000000e+00
87 -1.0716889800e-01 -4.5671954200e-02 0.0000000000e+00
88 -1.2622928700e-01 -5.0905093400e-02 0.0000000000e+00
89 -1.4528967700e-01 -5.6138232600e-02 0.0000000000e+00
90 -1.6435006600e-01 -6.1371371800e-02 0.0000000000e+00
91 8.1063958100e-04 -4.2671706300e-03 0.0000000000e+00
92 -1.8295667400e-02 -6.0869112700e-03 0.0000000000e+00
93 -3.7401974400e-02 -7.9066519100e-03 0.0000000000e+00
94 -5.6508281400e-02 -9.7263925400e-03 0.0000000000e+00
95 -7.5614588300e-02 -1.1546133200e-02 0.0000000000e+00
96 -9.4720895300e-02 -1.3365873800e-02 0.0000000000e+00
97 -1.1382720200e-01 -1.5185614500e-02 0.0000000000e+00
98 -1.3293350900e-01 -1.7005355100e-02 0.0000000000e+00
99 -1.5203981600e-01 -1.8825095700e-02 0.0000000000e+00
100 -1.7114612300e-01 -2.0644836400e-02 0.0000000000e+00
101 2.0318255800e-03 7.3753983300e-03 0.0000000000e+00
102 -1.7210168700e-02 8.8497803400e-03 0.0000000000e+00
103 -3.6452163000e-02 1.0324162300e-02 0.0000000000e+00
104 -5.5694157400e-02 1.1798544300e-02 0.0000000000e+00
105 -7.4936151700e-02 1.3272926300e-02 0.0000000000e+00
106 -9.4178146000e-02 1.4747308400e-02 0.0000000000e+00
107 -1.1342014000e-01 1.6221690400e-02 0.0000000000e+00
108 -1.3266213500e-01 1.7696072400e-02 0.0000000000e+00
109 -1.5190412900e-01 1.9170454400e-02 0.0000000000e+00
110 -1.7114612300e-01 2.0644836400e-02 0.0000000000e+00
111 9.6659833100e-03 1.6523245900e-02 0.0000000000e+00
112 -9.6691333300e-03 2.1506371000e-02 0.0000000000e+00
113 -2.9004250000e-02 2.6489496100e-02 0.0000000000e+00
114 -4.8339366600e-02 3.1472621200e-02 0.0000000000e+00
115 -6.7674483300e-02 3.6455746300e-02 0.0000000000e+00
116 -8.7009599900e-02 4.1438871400e-02 0.0000000000e+00
117 -1.0634471700e-01 4.6421996500e-02 0.0000000000e+00
118 -1.2567983300e-01 5.1405121600e-02 0.0000000000e+00
119 -1.4501495000e-01 5.6388246700e-02 0.0000000000e+00
120 -1.6435006600e-01 6.1371371800e-02 0.0000000000e+00
121 1.9600997200e-02 2.3217365200e-02 0.0000000000e+00
122 6.5162735500e-04 3.1795864200e-02 0.0000000000e+00
123 -1.8297742500e-02 4.0374363200e-02 0.0000000000e+00
124 -3.7247112400e-02 4.8952862200e-02 0.0000000000e+00
125 -5.6196482300e-02 5.7531361200e-02 0.0000000000e+00
126 -7.5145852200e-02 6.6109860200e-02 0.0000000000e+00
127 -9.4095222000e-02 7.4688359200e-02 0.0000000000e+00
128 -1.1304459200e-01 8.3266858200e-02 0.0000000000e+00
129 -1.3199396200e-01 9.1845357200e-02 0.0000000000e+00
130 -1.5094333200e-01 1.0042385600e-01 0.0000000000e+00
131 3.0393886200e-02 2.8444426400e-02 0.0000000000e+00
132 1.2428830000e-02 4.0476939000e-02 0.0000000000e+00
133 -5.5362261900e-03 5.2509451600e-02 0.0000000000e+00
134 -2.3501282400e-02 6.4541964100e-02 0.0000000000e+00
135 -4.1466338600e-02 7.6574476700e-02 0.0000000000e+00
136 -5.9431394800e-02 8.8606989300e-02 0.0000000000e+00
137 -7.7396451000e-02 1.0063950200e-01 0.0000000000e+00
138 -9.5361507200e-02 1.1267201400e-01 0.0000000000e+00
139 -1.1332656300e-01 1.2470452700e-01 0.0000000000e+00
140 -1.3129162000e-01 1.3673704000e-01 0.0000000000e+00
141 4.1596942900e-02 3.2731263300e-02 0.0000000000e+00
142 2.5204951800e-02 4.7907833300e-02 0.0000000000e+00
143 8.8129605800e-03 6.3084403200e-02 0.0000000000e+00
144 -7.5790306000e-03 7.8260973200e-02 0.0000000000e+00
145 -2.3971021800e-02 9.3437543100e-02 0.0000000000e+00
146 -4.0363013000e-02 1.0861411300e-01 0.0000000000e+00
147 -5.6755004100e-02 1.2379068300e-01 0.0000000000e+00
148 -7.3146995300e-02 1.3896725300e-01 0.0000000000e+00
149 -8.9538986500e-02 1.5414382300e-01 0.0000000000e+00
150 -1.0593097800e-01 1.6932039300e-01 0.0000000000e+00
151 5.3032584100e-02 3.6356050100e-02 0.0000000000e+00
152 3.8745277200e-02 5.4237058700e-02 0.0000000000e+00
153 2.4457970300e-02 7.2118067300e-02 0.0000000000e+00
154 1.0170663300e-02 8.9999075900e-02 0.0000000000e+00
155 -4.1166435800e-03 1.0788008400e-01 0.0000000000e+00
156 -1.8403950500e-02 1.2576109300e-01 0.0000000000e+00
157 -3.2691257400e-02 1.4364210200e-01 0.0000000000e+00
158 -4.6978564300e-02 1.6152311000e-01 0.0000000000e+00
159 -6.1265871300e-02 1.7940411900e-01 0.0000000000e+00
160 -7.5553178200e-02 1.9728512700e-01 0.0000000000e+00
161 6.4615505800e-02 3.9480324700e-02 0.0000000000e+00
162 5.2881910900e-02 5.9523448300e-02 0.0000000000e+00
163 4.1148316000e-02 7.9566572000e-02 0.0000000000e+00
164 2.9414721100e-02 9.9609695700e-02 0.0000000000e+00
165 1.7681126200e-02 1.1965281900e-01 0.0000000000e+00
166 5.9475313100e-03 1.3969594300e-01 0.0000000000e+00
167 -5.7860635800e-03 1.5973906700e-01 0.0000000000e+00
168 -1.7519658500e-02 1.7978219000e-01 0.0000000000e+00
169 -2.9253253400e-02 1.9982531400e-01 0.0000000000e+00
170 -4.0986848300e-02 2.1986843800e-01 0.0000000000e+00
171 7.6298630800e-02 4.2207209400e-02 0.0000000000e+00
172 6.7468242100e-02 6.3790220700e-02 0.0000000000e+00
173 5.8637853400e-02 8.5373231900e-02 0.0000000000e+00
174 4.9807464700e-02 1.0695624300e-01 0.0000000000e+00
175 4.0977076100e-02 1.2853925400e-01 0.0000000000e+00
176 3.2146687400e-02 1.5012226600e-01 0.0000000000e+00
177 2.3316298700e-02 1.7170527700e-01 0.0000000000e+00
178 1.4485910000e-02 1.9328828800e-01 0.0000000000e+00
179 5.6555213700e-03 2.1487129900e-01 0.0000000000e+00
180 -3.1748673000e-03 2.3645431000e-01 0.0000000000e+00
181 8.8052892800e-02 4.4609763000e-02 0.0000000000e+00
182 8.2363832700e-02 6.7052047800e-02 0.0000000000e+00
183 7.6674772700e-02 8.9494332600e-02 0.0000000000e+00
184 7.0985712700e-02 1.1193661700e-01 0.0000000000e+00
185 6.5296652600e-02 1.3437890200e-01 0.0000000000e+00
186 5.9607592600e-02 1.5682118700e-01 0.0000000000e+00
187 5.3918532500e-02 1.7926347200e-01 0.0000000000e+00
188 4.8229472500e-02 2.0170575600e-01 0.0000000000e+00
189 4.2540412500e-02 2.2414804100e-01 0.0000000000e+00
190 3.6851352400e-02 2.4659032600e-01 0.0000000000e+00
191 9.9859751500e-02 4.6739417200e-02 0.0000000000e+00
192 9.7430890200e-02 6.9323926400e-02 0.0000000000e+00
193 9.5002028900e-02 9.1908435600e-02 0.0000000000e+00
194 9.2573167700e-02 1.1449294500e-01 0.0000000000e+00
195 9.0144306400e-02 1.3707745400e-01 0.0000000000e+00
196 8.7715445100e-02 1.5966196300e-01 0.0000000000e+00
197 8.5286583800e-02 1.8224647200e-01 0.0000000000e+00
198 8.2857722600e-02 2.0483098200e-01 0.0000000000e+00
199 8.0428861300e-02 2.2741549100e-01 0.0000000000e+00
200 7.8000000000e-02 2.5000000000e-01 0.0000000000e+00
201 1.3070135600e-01 5.1218678600e-02 0.0000000000e+00
202 1.2837821600e-01 7.3305492100e-02 0.0000000000e+00
203 1.2605507700e-01 9.5392305600e-02 0.0000000000e+00
204 1.2373193800e-01 1.1747911900e-01 0.0000000000e+00
205 1.2140879900e-01 1.3956593300e-01 0.0000000000e+00
206 1.1908566000e-01 1.6165274600e-01 0.0000000000e+00
207 1.1676252100e-01 1.8373956000e-01 0.0000000000e+00
208 1.1443938200e-01 2.0582637300e-01 0.0000000000e+00
209 1.1211624300e-01 2.2791318700e-01 0.0000000000e+00
210 1.0979310300e-01 2.5000000000e-01 0.0000000000e+00
211 1.6169289100e-01 5.4513740400e-02 0.0000000000e+00
212 1.5945881500e-01 7.6234435900e-02 0.0000000000e+00
213 1.5722473900e-01 9.7955131400e-02 0.0000000000e+00
214 1.5499066300e-01 1.1967582700e-01 0.0000000000e+00
215 1.5275658700e-01 1.4139652200e-01 0.0000000000e+00
216 1.5052251100e-01 1.6311721800e-01 0.0000000000e+00
217 1.4828843500e-01 1.8483791300e-01 0.0000000000e+00
218 1.4605435900e-01 2.0655860900e-01 0.0000000000e+00
219 1.4382028300e-01 2.2827930400e-01 0.0000000000e+00
220 1.4158620700e-01 2.5000000000e-01 0.0000000000e+00
221 1.9276949000e-01 5.6882513200e-02 0.0000000000e+00
222 1.9061502600e-01 7.8340011700e-02 0.0000000000e+00
223 1.8846056100e-01 9.9797510200e-02 0.0000000000e+00
224 1.8630609700e-01 1.2125500900e-01 0.0000000000e+00
225 1.8415163200e-01 1.4271250700e-01 0.0000000000e+00
226 1.8199716800e-01 1.6417000600e-01 0.0000000000e+00
227 1.7984270400e-01 1.8562750400e-01 0.0000000000e+00
228 1.7768823900e-01 2.0708500300e-01 0.0000000000e+00
229 1.7553377500e-01 2.2854250100e-01 0.0000000000e+00
230 1.7337931000e-01 2.5000000000e-01 0.0000000000e+00
231 2.2389473400e-01 5.8496290500e-02 0.0000000000e+00
232 2.2181447600e-01 7.9774480400e-02 0.0000000000e+00
233 2.1973421800e-01 1.0105267000e-01 0.0000000000e+00
234 2.1765396000e-01 1.2233086000e-01 0.0000000000e+00
235 2.1557370300e-01 1.4360905000e-01 0.0000000000e+00
236 2.1349344500e-01 1.6488724000e-01 0.0000000000e+00
237 2.1141318700e-01 1.8616543000e-01 0.0000000000e+00
238 2.0933292900e-01 2.0744362000e-01 0.0000000000e+00
239 2.0725267200e-01 2.2872181000e-01 0.0000000000e+00
240 2.0517241400e-01 2.5000000000e-01 0.0000000000e+00
241 2.5504652400e-01 5.9477262400e-02 0.0000000000e+00
242 2.5303752400e-01 8.0646455500e-02 0.0000000000e+00
243 2.5102852300e-01 1.0181564900e-01 0.0000000000e+00
244 2.4901952200e-01 1.2298484200e-01 0.0000000000e+00
245 2.4701052100e-01 1.4415403500e-01 0.0000000000e+00
246 2.4500152000e-01 1.6532322800e-01 0.0000000000e+00
247 2.4299252000e-01 1.8649242100e-01 0.0000000000e+00
248 2.4098351900e-01 2.0766161400e-01 0.0000000000e+00
249 2.3897451800e-01 2.2883080700e-01 0.0000000000e+00
250 2.3696551700e-01 2.5000000000e-01 0.0000000000e+00
251 2.8621076700e-01 5.9916701100e-02 0.0000000000e+00
252 2.8427164000e-01 8.1037067700e-02 0.0000000000e+00
253 2.8233251200e-01 1.0215743400e-01 0.0000000000e+00
254 2.8039338500e-01 1.2327780100e-01 0.0000000000e+00
255 2.7845425700e-01 1.4439816700e-01 0.0000000000e+00
256 2.7651513000e-01 1.6551853400e-01 0.0000000000e+00
257 2.7457600300e-01 1.8663890000e-01 0.0000000000e+00
258 2.7263687500e-01 2.0775926700e-01 0.0000000000e+00
259 2.7069774800e-01 2.2887963300e-01 0.0000000000e+00
260 2.6875862100e-01 2.5000000000e-01 0.0000000000e+00
261 3.1737818100e-01 5.9891926800e-02 0.0000000000e+00
262 3.1550857500e-01 8.1015046000e-02 0.0000000000e+00
263 3.1363896900e-01 1.0213816500e-01 0.0000000000e+00
264 3.1176936200e-01 1.2326128500e-01 0.0000000000e+00
265 3.0989975600e-01 1.4438440400e-01 0.0000000000e+00
266 3.0803015000e-01 1.6550752300e-01 0.0000000000e+00
267 3.0616054300e-01 1.8663064200e-01 0.0000000000e+00
268 3.0429093700e-01 2.0775376200e-01 0.0000000000e+00
269 3.0242133000e-01 2.2887688100e-01 0.0000000000e+00
270 3.0055172400e-01 2.5000000000e-01 0.0000000000e+00
271 3.4854259100e-01 5.9453859900e-02 0.0000000000e+00
272 3.4674284000e-01 8.0625653200e-02 0.0000000000e+00
273 3.4494308800e-01 1.0179744700e-01 0.0000000000e+00
274 3.4314333700e-01 1.2296924000e-01 0.0000000000e+00
275 3.4134358500e-01 1.4414103300e-01 0.0000000000e+00
276 3.3954383400e-01 1.6531282700e-01 0.0000000000e+00
277 3.3774408200e-01 1.8648462000e-01 0.0000000000e+00
278 3.3594433100e-01 2.0765641300e-01 0.0000000000e+00
279 3.3414457900e-01 2.2882820700e-01 0.0000000000e+00
280 3.3234482800e-01 2.5000000000e-01 0.0000000000e+00
281 3.7969998300e-01 5.8659005900e-02 0.0000000000e+00
282 3.7797086600e-01 7.9919116400e-02 0.0000000000e+00
283 3.7624174900e-01 1.0117922700e-01 0.0000000000e+00
284 3.7451263300e-01 1.2243933700e-01 0.0000000000e+00
285 3.7278351600e-01 1.4369944800e-01 0.0000000000e+00
286 3.7105439900e-01 1.6495955800e-01 0.0000000000e+00
287 3.6932528200e-01 1.8621966900e-01 0.0000000000e+00
288 3.6759616500e-01 2.0747977900e-01 0.0000000000e+00
289 3.6586704800e-01 2.2873989000e-01 0.0000000000e+00
290 3.6413793100e-01 2.5000000000e-01 0.0000000000e+00
291 4.1084751100e-01 5.7541897000e-02 0.0000000000e+00
292 4.0919012500e-01 7.8926130600e-02 0.0000000000e+00
293 4.0753273800e-01 1.0031036400e-01 0.0000000000e+00
294 4.0587535200e-01 1.2169459800e-01 0.0000000000e+00
295 4.0421796600e-01 1.4307883200e-01 0.0000000000e+00
296 4.0256058000e-01 1.6446306500e-01 0.0000000000e+00
297 4.0090319300e-01 1.8584729900e-01 0.0000000000e+00
298 3.9924580700e-01 2.0723153300e-01 0.0000000000e+00
299 3.9758842100e-01 2.2861576600e-01 0.0000000000e+00
300 3.9593103400e-01 2.5000000000e-01 0.0000000000e+00
301 4.4198338700e-01 5.6136430300e-02 0.0000000000e+00
302 4.4039902600e-01 7.7676827000e-02 0.0000000000e+00
303 4.3881466500e-01 9.9217223600e-02 0.0000000000e+00
304 4.3723030400e-01 1.2075762000e-01 0.0000000000e+00
305 4.3564594300e-01 1.4229801700e-01 0.0000000000e+00
306 4.3406158200e-01 1.6383841300e-01 0.0000000000e+00
307 4.3247722100e-01 1.8537881000e-01 0.0000000000e+00
308 4.3089286000e-01 2.0691920700e-01 0.0000000000e+00
309 4.2930849900e-01 2.2845960300e-01 0.0000000000e+00
310 4.2772413800e-01 2.5000000000e-01 0.0000000000e+00
311 4.7310644700e-01 5.4470750100e-02 0.0000000000e+00
312 4.7159653500e-01 7.6196222300e-02 0.0000000000e+00
313 4.7008662300e-01 9.7921694500e-02 0.0000000000e+00
314 4.6857671200e-01 1.1964716700e-01 0.0000000000e+00
315 4.6706680000e-01 1.4137263900e-01 0.0000000000e+00
316 4.6555688800e-01 1.6309811100e-01 0.0000000000e+00
317 4.6404697700e-01 1.8482358300e-01 0.0000000000e+00
318 4.6253706500e-01 2.0654905600e-01 0.0000000000e+00
319 4.6102715300e-01 2.2827452800e-01 0.0000000000e+00
320 4.5951724100e-01 2.5000000000e-01 0.0000000000e+00
321 5.0421614900e-01 5.2571662300e-02 0.0000000000e+00
322 5.0278217100e-01 7.4508144200e-02 0.0000000000e+00
323 5.0134819300e-01 9.6444626200e-02 0.0000000000e+00
324 4.9991421500e-01 1.1838110800e-01 0.0000000000e+00
325 4.9848023600e-01 1.4031759000e-01 0.0000000000e+00
326 4.9704625800e-01 1.6225407200e-01 0.0000000000e+00
327 4.9561228000e-01 1.8419055400e-01 0.0000000000e+00
328 4.9417830100e-01 2.0612703600e-01 0.0000000000e+00
329 4.9274432300e-01 2.2806351800e-01 0.0000000000e+00
330 4.9131034500e-01 2.5000000000e-01 0.0000000000e+00
331 5.3531218100e-01 5.0460326100e-02 0.0000000000e+00
332 5.3395565500e-01 7.2631401000e-02 0.0000000000e+00
333 5.3259912900e-01 9.4802475900e-02 0.0000000000e+00
334 5.3124260300e-01 1.1697355100e-01 0.0000000000e+00
335 5.2988607800e-01 1.3914462600e-01 0.0000000000e+00
336 5.2852955200e-01 1.6131570100e-01 0.0000000000e+00
337 5.2717302600e-01 1.8348677500e-01 0.0000000000e+00
338 5.2581650000e-01 2.0565785000e-01 0.0000000000e+00
339 5.2445997400e-01 2.2782892500e-01 0.0000000000e+00
340 5.2310344800e-01 2.5000000000e-01 0.0000000000e+00
341 5.6639441800e-01 4.8154676900e-02 0.0000000000e+00
342 5.6511687700e-01 7.0581935000e-02 0.0000000000e+00
343 5.6383933600e-01 9.3009193100e-02 0.0000000000e+00
344 5.6256179600e-01 1.1543645100e-01 0.0000000000e+00
345 5.6128425500e-01 1.3786370900e-01 0.0000000000e+00
346 5.6000671400e-01 1.6029096800e-01 0.0000000000e+00
347 5.5872917400e-01 1.8271822600e-01 0.0000000000e+00
348 5.5745163300e-01 2.0514548400e-01 0.0000000000e+00
349 5.5617409200e-01 2.2757274200e-01 0.0000000000e+00
350 5.5489655200e-01 2.5000000000e-01 0.0000000000e+00
351 5.9746278200e-01 4.5669011800e-02 0.0000000000e+00
352 5.9626576800e-01 6.8372454900e-02 0.0000000000e+00
353 5.9506875400e-01 9.1075898000e-02 0.0000000000e+00
354 5.9387174000e-01 1.1377934100e-01 0.0000000000e+00
355 5.9267472600e-01 1.3648278400e-01 0.0000000000e+00
356 5.9147771200e-01 1.5918622700e-01 0.0000000000e+00
357 5.9028069800e-01 1.8188967100e-01 0.0000000000e+00
358 5.8908368300e-01 2.0459311400e-01 0.0000000000e+00
359 5.8788666900e-01 2.2729655700e-01 0.0000000000e+00
360 5.8668965500e-01 2.5000000000e-01 0.0000000000e+00
361 6.2851744300e-01 4.3017559600e-02 0.0000000000e+00
362 6.2740247800e-01 6.6015608500e-02 0.0000000000e+00
363 6.2628751300e-01 8.9013657500e-02 0.0000000000e+00
364 6.2517254800e-01 1.1201170600e-01 0.0000000000e+00
365 6.2405758300e-01 1.3500975500e-01 0.0000000000e+00
366 6.2294261800e-01 1.5800780400e-01 0.0000000000e+00
367 6.2182765300e-01 1.8100585300e-01 0.0000000000e+00
368 6.2071268900e-01 2.0400390200e-01 0.0000000000e+00
369 6.1959772400e-01 2.2700195100e-01 0.0000000000e+00
370 6.1848275900e-01 2.5000000000e-01 0.0000000000e+00
371 6.5955836100e-01 4.0209743400e-02 0.0000000000e+00
372 6.5852697200e-01 6.3519771900e-02 0.0000000000e+00
373 6.5749558300e-01 8.6829800400e-02 0.0000000000e+00
374 6.5646419500e-01 1.1013982900e-01 0.0000000000e+00
375 6.5543280600e-01 1.3344985700e-01 0.0000000000e+00
376 6.5440141700e-01 1.5675988600e-01 0.0000000000e+00
377 6.5337002800e-01 1.8006991400e-01 0.0000000000e+00
378 6.5233864000e-01 2.0337994300e-01 0.0000000000e+00
379 6.5130725100e-01 2.2668997100e-01 0.0000000000e+00
380 6.5027586200e-01 2.5000000000e-01 0.0000000000e+00
381 6.9058557900e-01 3.7254353400e-02 0.0000000000e+00
382 6.8963928800e-01 6.0892758600e-02 0.0000000000e+00
383 6.8869299800e-01 8.4531163800e-02 0.0000000000e+00
384 6.8774670800e-01 1.0816956900e-01 0.0000000000e+00
385 6.8680041700e-01 1.3180797400e-01 0.0000000000e+00
386 6.8585412700e-01 1.5544637900e-01 0.0000000000e+00
387 6.8490783700e-01 1.7908478400e-01 0.0000000000e+00
388 6.8396154600e-01 2.0272319000e-01 0.0000000000e+00
389 6.8301525600e-01 2.2636159500e-01 0.0000000000e+00
390 6.8206896600e-01 2.5000000000e-01 0.0000000000e+00
391 7.2159893200e-01 3.4156836000e-02 0.0000000000e+00
392 7.2073928000e-01 5.8139409800e-02 0.0000000000e+00
393 7.1987962900e-01 8.2121983600e-02 0.0000000000e+00
394 7.1901997700e-01 1.0610455700e-01 0.0000000000e+00
395 7.1816032600e-01 1.3008713100e-01 0.0000000000e+00
396 7.1730067500e-01 1.5406970500e-01 0.0000000000e+00
397 7.1644102300e-01 1.7805227900e-01 0.0000000000e+00
398 7.1558137200e-01 2.0203485200e-01 0.0000000000e+00
399 7.1472172000e-01 2.2601742600e-01 0.0000000000e+00
400 7.1386206900e-01 2.5000000000e-01 0.0000000000e+00
401 7.5259826500e-01 3.0922012600e-02 0.0000000000e+00
402 7.5182681100e-01 5.5264011200e-02 0.0000000000e+00
403 7.5105535600e-01 7.9606009800e-02 0.0000000000e+00
404 7.5028390100e-01 1.0394800800e-01 0.0000000000e+00
405 7.4951244600e-01 1.2829000700e-01 0.0000000000e+00
406 7.4874099200e-01 1.5263200600e-01 0.0000000000e+00
407 7.4796953700e-01 1.7697400400e-01 0.0000000000e+00
408 7.4719808200e-01 2.0131600300e-01 0.0000000000e+00
409 7.4642662700e-01 2.2565800100e-01 0.0000000000e+00
410 7.4565517200e-01 2.5000000000e-01 0.0000000000e+00
411 7.8358311200e-01 2.7551245200e-02 0.0000000000e+00
412 7.8290146400e-01 5.2267773500e-02 0.0000000000e+00
413 7.8221981500e-01 7.6984301800e-02 0.0000000000e+00
414 7.8153816700e-01 1.0170083000e-01 0.0000000000e+00
415 7.8085651800e-01 1.2641735800e-01 0.0000000000e+00
416 7.8017487000e-01 1.5113388700e-01 0.0000000000e+00
417 7.7949322100e-01 1.7585041500e-01 0.0000000000e+00
418 7.7881157300e-01 2.0056694300e-01 0.0000000000e+00
419 7.7812992400e-01 2.2528347200e-01 0.0000000000e+00
420 7.7744827600e-01 2.5000000000e-01 0.0000000000e+00
421 8.1455300100e-01 2.4045712100e-02 0.0000000000e+00
422 8.1396282100e-01 4.9151744100e-02 0.0000000000e+00
423 8.1337264000e-01 7.4257776100e-02 0.0000000000e+00
424 8.1278246000e-01 9.9363808100e-02 0.0000000000e+00
425 8.1219228000e-01 1.2446984000e-01 0.0000000000e+00
426 8.1160210000e-01 1.4957587200e-01 0.0000000000e+00
427 8.1101192000e-01 1.7468190400e-01 0.0000000000e+00
428 8.1042174000e-01 1.9978793600e-01 0.0000000000e+00
429 8.0983155900e-01 2.2489396800e-01 0.0000000000e+00
430 8.0924137900e-01 2.5000000000e-01 0.0000000000e+00
431 8.4550715700e-01 2.0403866900e-02 0.0000000000e+00
432 8.4501019300e-01 4.5914548400e-02 0.0000000000e+00
433 8.4451322900e-01 7.1425229800e-02 0.0000000000e+00
434 8.4401626500e-01 9.6935911300e-02 0.0000000000e+00
435 8.4351930200e-01 1.2244659300e-01 0.0000000000e+00
436 8.4302233800e-01 1.4795727400e-01 0.0000000000e+00
437 8.4252537400e-01 1.7346795600e-01 0.0000000000e+00
438 8.4202841000e-01 1.9897863700e-01 0.0000000000e+00
439 8.4153144700e-01 2.2448931900e-01 0.0000000000e+00
440 8.4103448300e-01 2.5000000000e-01 0.0000000000e+00
441 8.7644462500e-01 1.6622899800e-02 0.0000000000e+00
442 8.7604273200e-01 4.2553688700e-02 0.0000000000e+00
443 8.7564083800e-01 6.8484477600e-02 0.0000000000e+00
444 8.7523894500e-01 9.4415266500e-02 0.0000000000e+00
445 8.7483705200e-01 1.2034605500e-01 0.0000000000e+00
446 8.7443515900e-01 1.4627684400e-01 0.0000000000e+00
447 8.7403326600e-01 1.7220763300e-01 0.0000000000e+00
448 8.7363137300e-01 1.9813842200e-01 0.0000000000e+00
449 8.7322947900e-01 2.2406921100e-01 0.0000000000e+00
450 8.7282758600e-01 2.5000000000e-01 0.0000000000e+00
451 9.0736426500e-01 1.2698832000e-02 0.0000000000e+00
452 9.0705942400e-01 3.9065628500e-02 0.0000000000e+00
453 9.0675458200e-01 6.5432424900e-02 0.0000000000e+00
454 9.0644974000e-01 9.1799221300e-02 0.0000000000e+00
455 9.0614489800e-01 1.1816601800e-01 0.0000000000e+00
456 9.0584005700e-01 1.4453281400e-01 0.0000000000e+00
457 9.0553521500e-01 1.7089961100e-01 0.0000000000e+00
458 9.0523037300e-01 1.9726640700e-01 0.0000000000e+00
459 9.0492553100e-01 2.2363320400e-01 0.0000000000e+00
460 9.0462069000e-01 2.5000000000e-01 0.0000000000e+00
461 9.3826456500e-01 8.6252835700e-03 0.0000000000e+00
462 9.3805892400e-01 3.5444696500e-02 0.0000000000e+00
463 9.3785328300e-01 6.2264109400e-02 0.0000000000e+00
464 9.3764764100e-01 8.9083522400e-02 0.0000000000e+00
465 9.3744200000e-01 1.1590293500e-01 0.0000000000e+00
466 9.3723635800e-01 1.4272234800e-01 0.0000000000e+00
467 9.3703071700e-01 1.6954176100e-01 0.0000000000e+00
468 9.3682507600e-01 1.9636117400e-01 0.0000000000e+00
469 9.3661943400e-01 2.2318058700e-01 0.0000000000e+00
470 9.3641379300e-01 2.5000000000e-01 0.0000000000e+00
471 9.6914384800e-01 4.3953799600e-03 0.0000000000e+00
472 9.6903974200e-01 3.1684782200e-02 0.0000000000e+00
473 9.6893563700e-01 5.8974184400e-02 0.0000000000e+00
474 9.6883153100e-01 8.6263586600e-02 0.0000000000e+00
475 9.6872742500e-01 1.1355298900e-01 0.0000000000e+00
476 9.6862331900e-01 1.4084239100e-01 0.0000000000e+00
477 9.6851921400e-01 1.6813179300e-01 0.0000000000e+00
478 9.6841510800e-01 1.9542119600e-01 0.0000000000e+00
479 9.6831100200e-01 2.2271059800e-01 0.0000000000e+00
480 9.6820689700e-01 2.5000000000e-01 0.0000000000e+00
481 1.0000000000e+00 0.0000000000e+00 0.0000000000e+00
482 1.0000000000e+00 2.7777777800e-02 0.0000000000e+00
483 1.0000000000e+00 5.5555555600e-02 0.0000000000e+00
484 1.0000000000e+00 8.3333333300e-02 0.0000000000e+00
485 1.0000000000e+00 1.1111111100e-01 0.0000000000e+00
486 1.0000000000e+00 1.3888888900e-01 0.0000000000e+00
487 1.0000000000e+00 1.6666666700e-01 0.0000000000e+00
488 1.0000000000e+00 1.9444444400e-01 0.0000000000e+00
489 1.0000000000e+00 2.2222222200e-01 0.0000000000e+00
490 1.0000000000e+00 2.5000000000e-01 0.0000000000e+00
491 1.0000000000e+00 -2.7777777800e-02 0.0000000000e+00
492 9.6893822100e-01 -3.1698961100e-02 0.0000000000e+00
493 9.6902963600e-01 -4.4113312600e-03 0.0000000000e+00
494 1.0000000000e+00 -5.5555555600e-02 0.0000000000e+00
495 9.6884680500e-01 -5.8986591000e-02 0.0000000000e+00
496 1.0000000000e+00 -8.3333333300e-02 0.0000000000e+00
497 9.6875539000e-01 -8.6274220800e-02 0.0000000000e+00
498 1.0000000000e+00 -1.1111111100e-01 0.0000000000e+00
499 9.6866397400e-01 -1.1356185100e-01 0.0000000000e+00
500 1.0000000000e+00 -1.3888888900e-01 0.0000000000e+00
501 9.6857255900e-01 -1.4084948100e-01 0.0000000000e+00
502 1.0000000000e+00 -1.6666666700e-01 0.0000000000e+00
503 9.6848114300e-01 -1.6813711000e-01 0.0000000000e+00
504 1.0000000000e+00 -1.9444444400e-01 0.0000000000e+00
505 9.6838972800e-01 -1.9542474000e-01 0.0000000000e+00
506 1.0000000000e+00 -2.2222222200e-01 0.0000000000e+00
507 9.6829831200e-01 -2.2271237000e-01 0.0000000000e+00
508 1.0000000000e+00 -2.5000000000e-01 0.0000000000e+00
509 9.6820689700e-01 -2.5000000000e-01 0.0000000000e+00
510 9.3785574300e-01 -3.5472000800e-02 0.0000000000e+00
511 9.3803598700e-01 -8.6560009200e-03 0.0000000000e+00
512 9.3767549900e-01 -6.2288000700e-02 0.0000000000e+00
513 9.3749525600e-01 -8.9104000600e-02 0.0000000000e+00
514 9.3731501200e-01 -1.1592000100e-01 0.0000000000e+00
515 9.3713476800e-01 -1.4273600000e-01 0.0000000000e+00
516 9.3695452400e-01 -1.6955200000e-01 0.0000000000e+00
517 9.3677428100e-01 -1.9636800000e-01 0.0000000000e+00
518 9.3659403700e-01 -2.2318400000e-01 0.0000000000e+00
519 9.3641379300e-01 -2.5000000000e-01 0.0000000000e+00
520 9.0675445700e-01 -3.9105073500e-02 0.0000000000e+00
521 9.0702117700e-01 -1.2743207700e-02 0.0000000000e+00
522 9.0648773600e-01 -6.5466939300e-02 0.0000000000e+00
523 9.0622101500e-01 -9.1828805100e-02 0.0000000000e+00
524 9.0595429400e-01 -1.1819067100e-01 0.0000000000e+00
525 9.0568757300e-01 -1.4455253700e-01 0.0000000000e+00
526 9.0542085200e-01 -1.7091440300e-01 0.0000000000e+00
527 9.0515413100e-01 -1.9727626800e-01 0.0000000000e+00
528 9.0488741100e-01 -2.2363813400e-01 0.0000000000e+00
529 9.0462069000e-01 -2.5000000000e-01 0.0000000000e+00
530 8.7563586400e-01 -4.2604341400e-02 0.0000000000e+00
531 8.7598689900e-01 -1.6679884000e-02 0.0000000000e+00
532 8.7528482900e-01 -6.8528798700e-02 0.0000000000e+00
533 8.7493379500e-01 -9.4453256000e-02 0.0000000000e+00
534 8.7458276000e-01 -1.2037771300e-01 0.0000000000e+00
535 8.7423172500e-01 -1.4630217100e-01 0.0000000000e+00
536 8.7388069000e-01 -1.7222662800e-01 0.0000000000e+00
537 8.7352965600e-01 -1.9815108500e-01 0.0000000000e+00
538 8.7317862100e-01 -2.2407554300e-01 0.0000000000e+00
539 8.7282758600e-01 -2.5000000000e-01 0.0000000000e+00
540 8.4450132500e-01 -4.5975529100e-02 0.0000000000e+00
541 8.4493468000e-01 -2.0472470300e-02 0.0000000000e+00
542 8.4406797000e-01 -7.1478588000e-02 0.0000000000e+00
543 8.4363461400e-01 -9.6981646800e-02 0.0000000000e+00
544 8.4320125900e-01 -1.2248470600e-01 0.0000000000e+00
545 8.4276790400e-01 -1.4798776500e-01 0.0000000000e+00
546 8.4233454900e-01 -1.7349082300e-01 0.0000000000e+00
547 8.4190119300e-01 -1.9899388200e-01 0.0000000000e+00
548 8.4146783800e-01 -2.2449694100e-01 0.0000000000e+00
549 8.4103448300e-01 -2.5000000000e-01 0.0000000000e+00
550 8.1335186400e-01 -4.9222229000e-02 0.0000000000e+00
551 8.1386567500e-01 -2.4125007600e-02 0.0000000000e+00
552 8.1283805400e-01 -7.4319450300e-02 0.0000000000e+00
553 8.1232424300e-01 -9.9416671700e-02 0.0000000000e+00
554 8.1181043200e-01 -1.2451389300e-01 0.0000000000e+00
555 8.1129662200e-01 -1.4961111400e-01 0.0000000000e+00
556 8.1078281100e-01 -1.7470833600e-01 0.0000000000e+00
557 8.1026900100e-01 -1.9980555700e-01 0.0000000000e+00
558 8.0975519000e-01 -2.2490277900e-01 0.0000000000e+00
559 8.0924137900e-01 -2.5000000000e-01 0.0000000000e+00
560 7.8218833000e-01 -5.2346900400e-02 0.0000000000e+00
561 7.8278083700e-01 -2.7640262900e-02 0.0000000000e+00
562 7.8159582300e-01 -7.7053537800e-02 0.0000000000e+00
563 7.8100331700e-01 -1.0176017500e-01 0.0000000000e+00
564 7.8041081000e-01 -1.2646681300e-01 0.0000000000e+00
565 7.7981830300e-01 -1.5117345000e-01 0.0000000000e+00
566 7.7922579600e-01 -1.7588008800e-01 0.0000000000e+00
567 7.7863328900e-01 -2.0058672500e-01 0.0000000000e+00
568 7.7804078300e-01 -2.2529336300e-01 0.0000000000e+00
569 7.7744827600e-01 -2.5000000000e-01 0.0000000000e+00
570 7.5101141300e-01 -5.5350860800e-02 0.0000000000e+00
571 7.5168094300e-01 -3.1019718400e-02 0.0000000000e+00
572 7.5034188300e-01 -7.9682003200e-02 0.0000000000e+00
573 7.4967235300e-01 -1.0401314600e-01 0.0000000000e+00
574 7.4900282300e-01 -1.2834428800e-01 0.0000000000e+00
575 7.4833329300e-01 -1.5267543000e-01 0.0000000000e+00
576 7.4766376200e-01 -1.7700657300e-01 0.0000000000e+00
577 7.4699423200e-01 -2.0133771500e-01 0.0000000000e+00
578 7.4632470200e-01 -2.2566885800e-01 0.0000000000e+00
579 7.4565517200e-01 -2.5000000000e-01 0.0000000000e+00
580 7.1982153800e-01 -5.8233086900e-02 0.0000000000e+00
581 7.2056647200e-01 -3.4262222800e-02 0.0000000000e+00
582 7.1907660500e-01 -8.2203951100e-02 0.0000000000e+00
583 7.1833167100e-01 -1.0617481500e-01 0.0000000000e+00
584 7.1758673700e-01 -1.3014567900e-01 0.0000000000e+00
585 7.1684180400e-01 -1.5411654300e-01 0.0000000000e+00
586 7.1609687000e-01 -1.7808740800e-01 0.0000000000e+00
587 7.1535193600e-01 -2.0205827200e-01 0.0000000000e+00
588 7.1460700300e-01 -2.2602913600e-01 0.0000000000e+00
589 7.1386206900e-01 -2.5000000000e-01 0.0000000000e+00
590 6.8861911700e-01 -6.0992241500e-02 0.0000000000e+00
591 6.8943788600e-01 -3.7366271700e-02 0.0000000000e+00
592 6.8780034800e-01 -8.4618211300e-02 0.0000000000e+00
593 6.8698157900e-01 -1.0824418100e-01 0.0000000000e+00
594 6.8616281000e-01 -1.3187015100e-01 0.0000000000e+00
595 6.8534404100e-01 -1.5549612100e-01 0.0000000000e+00
596 6.8452527200e-01 -1.7912209100e-01 0.0000000000e+00
597 6.8370650300e-01 -2.0274806000e-01 0.0000000000e+00
598 6.8288773400e-01 -2.2637403000e-01 0.0000000000e+00
599 6.8206896600e-01 -2.5000000000e-01 0.0000000000e+00
600 6.5740428400e-01 -6.3623945900e-02 0.0000000000e+00
601 6.5829533700e-01 -4.0326939100e-02 0.0000000000e+00
602 6.5651323100e-01 -8.6920952700e-02 0.0000000000e+00
603 6.5562217900e-01 -1.1021795900e-01 0.0000000000e+00
604 6.5473112600e-01 -1.3351496600e-01 0.0000000000e+00
605 6.5384007300e-01 -1.5681197300e-01 0.0000000000e+00
606 6.5294902000e-01 -1.8010898000e-01 0.0000000000e+00
607 6.5205796800e-01 -2.0340598600e-01 0.0000000000e+00
608 6.5116691500e-01 -2.2670299300e-01 0.0000000000e+00
609 6.5027586200e-01 -2.5000000000e-01 0.0000000000e+00
610 6.2617718800e-01 -6.6123263700e-02 0.0000000000e+00
611 6.2713899100e-01 -4.3138671700e-02 0.0000000000e+00
612 6.2521538400e-01 -8.9107855700e-02 0.0000000000e+00
613 6.2425358000e-01 -1.1209244800e-01 0.0000000000e+00
614 6.2329177700e-01 -1.3507704000e-01 0.0000000000e+00
615 6.2232997300e-01 -1.5806163200e-01 0.0000000000e+00
616 6.2136816900e-01 -1.8104622400e-01 0.0000000000e+00
617 6.2040636600e-01 -2.0403081600e-01 0.0000000000e+00
618 6.1944456200e-01 -2.2701540800e-01 0.0000000000e+00
619 6.1848275900e-01 -2.5000000000e-01 0.0000000000e+00
620 5.9493778300e-01 -6.8482188800e-02 0.0000000000e+00
621 5.9596879900e-01 -4.5792462400e-02 0.0000000000e+00
622 5.9390676700e-01 -9.1171915200e-02 0.0000000000e+00
623 5.9287575100e-01 -1.1386164200e-01 0.0000000000e+00
624 5.9184473500e-01 -1.3655136800e-01 0.0000000000e+00
625 5.9081371900e-01 -1.5924109400e-01 0.0000000000e+00
626 5.8978270300e-01 -1.8193082100e-01 0.0000000000e+00
627 5.8875168700e-01 -2.0462054700e-01 0.0000000000e+00
628 5.8772067100e-01 -2.2731027400e-01 0.0000000000e+00
629 5.8668965500e-01 -2.5000000000e-01 0.0000000000e+00
630 5.6368610100e-01 -7.0692101600e-02 0.0000000000e+00
631 5.6478479400e-01 -4.8278614300e-02 0.0000000000e+00
632 5.6258740700e-01 -9.3105588900e-02 0.0000000000e+00
633 5.6148871300e-01 -1.1551907600e-01 0.0000000000e+00
634 5.6039002000e-01 -1.3793256300e-01 0.0000000000e+00
635 5.5929132600e-01 -1.6034605100e-01 0.0000000000e+00
636 5.5819263300e-01 -1.8275953800e-01 0.0000000000e+00
637 5.5709393900e-01 -2.0517302500e-01 0.0000000000e+00
638 5.5599524500e-01 -2.2758651300e-01 0.0000000000e+00
639 5.5489655200e-01 -2.5000000000e-01 0.0000000000e+00
640 5.3242200000e-01 -7.2740223700e-02 0.0000000000e+00
641 5.3358681900e-01 -5.0582751700e-02 0.0000000000e+00
642 5.3125718100e-01 -9.4897695800e-02 0.0000000000e+00
643 5.3009236200e-01 -1.1705516800e-01 0.0000000000e+00
644 5.2892754300e-01 -1.3921264000e-01 0.0000000000e+00
645 5.2776272400e-01 -1.6137011200e-01 0.0000000000e+00
646 5.2659790500e-01 -1.8352758400e-01 0.0000000000e+00
647 5.2543308600e-01 -2.0568505600e-01 0.0000000000e+00
648 5.2426826700e-01 -2.2784252800e-01 0.0000000000e+00
649 5.2310344800e-01 -2.5000000000e-01 0.0000000000e+00
650 5.0114554900e-01 -7.4613534400e-02 0.0000000000e+00
651 5.0237495000e-01 -5.2690226200e-02 0.0000000000e+00
652 4.9991614900e-01 -9.6536842600e-02 0.0000000000e+00
653 4.9868674800e-01 -1.1846015100e-01 0.0000000000e+00
654 4.9745734800e-01 -1.4038345900e-01 0.0000000000e+00
655 4.9622794700e-01 -1.6230676700e-01 0.0000000000e+00
656 4.9499854600e-01 -1.8423007500e-01 0.0000000000e+00
657 4.9376914600e-01 -2.0615338400e-01 0.0000000000e+00
658 4.9253974500e-01 -2.2807669200e-01 0.0000000000e+00
659 4.9131034500e-01 -2.5000000000e-01 0.0000000000e+00
660 4.6985686100e-01 -7.6295634600e-02 0.0000000000e+00
661 4.7114931400e-01 -5.4582588900e-02 0.0000000000e+00
662 4.6856440900e-01 -9.8008680300e-02 0.0000000000e+00
663 4.6727195600e-01 -1.1972172600e-01 0.0000000000e+00
664 4.6597950400e-01 -1.4143477200e-01 0.0000000000e+00
665 4.6468705100e-01 -1.6314781700e-01 0.0000000000e+00
666 4.6339459900e-01 -1.8486086300e-01 0.0000000000e+00
667 4.6210214600e-01 -2.0657390900e-01 0.0000000000e+00
668 4.6080969400e-01 -2.2828695400e-01 0.0000000000e+00
669 4.5951724100e-01 -2.5000000000e-01 0.0000000000e+00
670 4.3855624300e-01 -7.7767491200e-02 0.0000000000e+00
671 4.3991025600e-01 -5.6238427600e-02 0.0000000000e+00
672 4.3720223000e-01 -9.9296554800e-02 0.0000000000e+00
673 4.3584821700e-01 -1.2082561800e-01 0.0000000000e+00
674 4.3449420400e-01 -1.4235468200e-01 0.0000000000e+00
675 4.3314019000e-01 -1.6388374600e-01 0.0000000000e+00
676 4.3178617700e-01 -1.8541280900e-01 0.0000000000e+00
677 4.3043216400e-01 -2.0694187300e-01 0.0000000000e+00
678 4.2907815100e-01 -2.2847093600e-01 0.0000000000e+00
679 4.2772413800e-01 -2.5000000000e-01 0.0000000000e+00
680 4.0724419800e-01 -7.9004694800e-02 0.0000000000e+00
681 4.0865834300e-01 -5.7630281700e-02 0.0000000000e+00
682 4.0583005200e-01 -1.0037910800e-01 0.0000000000e+00
683 4.0441590700e-01 -1.2175352100e-01 0.0000000000e+00
684 4.0300176100e-01 -1.4312793400e-01 0.0000000000e+00
685 4.0158761600e-01 -1.6450234700e-01 0.0000000000e+00
686 4.0017347100e-01 -1.8587676100e-01 0.0000000000e+00
687 3.9875932500e-01 -2.0725117400e-01 0.0000000000e+00
688 3.9734518000e-01 -2.2862558700e-01 0.0000000000e+00
689 3.9593103400e-01 -2.5000000000e-01 0.0000000000e+00
690 3.7592180300e-01 -7.9981487700e-02 0.0000000000e+00
691 3.7739478700e-01 -5.8729173700e-02 0.0000000000e+00
692 3.7444881900e-01 -1.0123380200e-01 0.0000000000e+00
693 3.7297583500e-01 -1.2248611600e-01 0.0000000000e+00
694 3.7150285100e-01 -1.4373843000e-01 0.0000000000e+00
695 3.7002986700e-01 -1.6499074400e-01 0.0000000000e+00
696 3.6855688300e-01 -1.8624305800e-01 0.0000000000e+00
697 3.6708389900e-01 -2.0749537200e-01 0.0000000000e+00
698 3.6561091500e-01 -2.2874768600e-01 0.0000000000e+00
699 3.6413793100e-01 -2.5000000000e-01 0.0000000000e+00
700 3.4459073800e-01 -8.0667717600e-02 0.0000000000e+00
701 3.4612147700e-01 -5.9501182300e-02 0.0000000000e+00
702 3.4305999900e-01 -1.0183425300e-01 0.0000000000e+00
703 3.4152926000e-01 -1.2300078800e-01 0.0000000000e+00
704 3.3999852200e-01 -1.4416732300e-01 0.0000000000e+00
705 3.3846778300e-01 -1.6533385900e-01 0.0000000000e+00
706 3.3693704400e-01 -1.8650039400e-01 0.0000000000e+00
707 3.3540630500e-01 -2.0766692900e-01 0.0000000000e+00
708 3.3387556600e-01 -2.2883346500e-01 0.0000000000e+00
709 3.3234482800e-01 -2.5000000000e-01 0.0000000000e+00
710 3.1325362100e-01 -8.1031293400e-02 0.0000000000e+00
711 3.1484135800e-01 -5.9910205100e-02 0.0000000000e+00
712 3.1166588400e-01 -1.0215238200e-01 0.0000000000e+00
713 3.1007814700e-01 -1.2327347000e-01 0.0000000000e+00
714 3.0849041000e-01 -1.4439455800e-01 0.0000000000e+00
715 3.0690267200e-01 -1.6551564700e-01 0.0000000000e+00
716 3.0531493500e-01 -1.8663673500e-01 0.0000000000e+00
717 3.0372719800e-01 -2.0775782300e-01 0.0000000000e+00
718 3.0213946100e-01 -2.2887891200e-01 0.0000000000e+00
719 3.0055172400e-01 -2.5000000000e-01 0.0000000000e+00
720 2.8191418300e-01 -8.1020781700e-02 0.0000000000e+00
721 2.8355862800e-01 -5.9898379400e-02 0.0000000000e+00
722 2.8026973800e-01 -1.0214318400e-01 0.0000000000e+00
723 2.7862529200e-01 -1.2326558600e-01 0.0000000000e+00
724 2.7698084700e-01 -1.4438798900e-01 0.0000000000e+00
725 2.7533640200e-01 -1.6551039100e-01 0.0000000000e+00
726 2.7369195700e-01 -1.8663279300e-01 0.0000000000e+00
727 2.7204751100e-01 -2.0775519500e-01 0.0000000000e+00
728 2.7040306600e-01 -2.2887759800e-01 0.0000000000e+00
729 2.6875862100e-01 -2.5000000000e-01 0.0000000000e+00
730 2.5057817200e-01 -8.0589396400e-02 0.0000000000e+00
731 2.5227975400e-01 -5.9413071000e-02 0.0000000000e+00
732 2.4887659100e-01 -1.0176572200e-01 0.0000000000e+00
733 2.4717500900e-01 -1.2294204700e-01 0.0000000000e+00
734 2.4547342700e-01 -1.4411837300e-01 0.0000000000e+00
735 2.4377184500e-01 -1.6529469800e-01 0.0000000000e+00
736 2.4207026300e-01 -1.8647102400e-01 0.0000000000e+00
737 2.4036868100e-01 -2.0764734900e-01 0.0000000000e+00
738 2.3866709900e-01 -2.2882367500e-01 0.0000000000e+00
739 2.3696551700e-01 -2.5000000000e-01 0.0000000000e+00
740 2.1925422400e-01 -7.9666849400e-02 0.0000000000e+00
741 2.2101445100e-01 -5.8375205600e-02 0.0000000000e+00
742 2.1749399800e-01 -1.0095849300e-01 0.0000000000e+00
743 2.1573377200e-01 -1.2225013700e-01 0.0000000000e+00
744 2.1397354500e-01 -1.4354178100e-01 0.0000000000e+00
745 2.1221331900e-01 -1.6483342500e-01 0.0000000000e+00
746 2.1045309300e-01 -1.8612506900e-01 0.0000000000e+00
747 2.0869286600e-01 -2.0741671200e-01 0.0000000000e+00
748 2.0693264000e-01 -2.2870835600e-01 0.0000000000e+00
749 2.0517241400e-01 -2.5000000000e-01 0.0000000000e+00
750 1.8795551800e-01 -7.8168797600e-02 0.0000000000e+00
751 1.8977754400e-01 -5.6689897300e-02 0.0000000000e+00
752 1.8613349200e-01 -9.9647697900e-02 0.0000000000e+00
753 1.8431146600e-01 -1.2112659800e-01 0.0000000000e+00
754 1.8248944000e-01 -1.4260549900e-01 0.0000000000e+00
755 1.8066741400e-01 -1.6408439900e-01 0.0000000000e+00
756 1.7884538800e-01 -1.8556329900e-01 0.0000000000e+00
757 1.7702336200e-01 -2.0704219900e-01 0.0000000000e+00
758 1.7520133600e-01 -2.2852110000e-01 0.0000000000e+00
759 1.7337931000e-01 -2.5000000000e-01 0.0000000000e+00
760 1.5670284600e-01 -7.5981915400e-02 0.0000000000e+00
761 1.5859242600e-01 -5.4229654900e-02 0.0000000000e+00
762 1.5481326600e-01 -9.7734176000e-02 0.0000000000e+00
763 1.5292368600e-01 -1.1948643700e-01 0.0000000000e+00
764 1.5103410600e-01 -1.4123869700e-01 0.0000000000e+00
765 1.4914452700e-01 -1.6299095800e-01 0.0000000000e+00
766 1.4725494700e-01 -1.8474321800e-01 0.0000000000e+00
767 1.4536536700e-01 -2.0649547900e-01 0.0000000000e+00
768 1.4347578700e-01 -2.2824773900e-01 0.0000000000e+00
769 1.4158620700e-01 -2.5000000000e-01 0.0000000000e+00
770 1.2553076100e-01 -7.2946374700e-02 0.0000000000e+00
771 1.2749796800e-01 -5.0814671500e-02 0.0000000000e+00
772 1.2356355300e-01 -9.5078077900e-02 0.0000000000e+00
773 1.2159634600e-01 -1.1720978100e-01 0.0000000000e+00
774 1.1962913900e-01 -1.3934148400e-01 0.0000000000e+00
775 1.1766193200e-01 -1.6147318700e-01 0.0000000000e+00
776 1.1569472500e-01 -1.8360489100e-01 0.0000000000e+00
777 1.1372751800e-01 -2.0573659400e-01 0.0000000000e+00
778 1.1176031100e-01 -2.2786829700e-01 0.0000000000e+00
779 1.0979310300e-01 -2.5000000000e-01 0.0000000000e+00
780 1.0277777800e+00 -2.7777777800e-02 0.0000000000e+00
781 1.0277777800e+00 0.0000000000e+00 0.0000000000e+00
782 1.0555555600e+00 -2.7777777800e-02 0.0000000000e+00
783 1.0555555600e+00 0.0000000000e+00 0.0000000000e+00
784 1.0833333300e+00 -2.7777777800e-02 0.0000000000e+00
785 1.0833333300e+00 0.0000000000e+00 0.0000000000e+00
786 1.1111111100e+00 -2.7777777800e-02 0.0000000000e+00
787 1.1111111100e+00 0.0000000000e+00 0.0000000000e+00
788 1.1388888900e+00 -2.7777777800e-02 0.0000000000e+00
789 1.1388888900e+00 0.0000000000e+00 0.0000000000e+00
790 1.1666666700e+00 -2.7777777800e-02 0.0000000000e+00
791 1.1666666700e+00 0.0000000000e+00 0.0000000000e+00
792 1.1944444400e+00 -2.7777777800e-02 0.0000000000e+00
793 1.1944444400e+00 0.0000000000e+00 0.0000000000e+00
794 1.2222222200e+00 -2.7777777800e-02 0.0000000000e+00
795 1.2222222200e+00 0.0000000000e+00 0.0000000000e+00
796 1.2500000000e+00 -2.7777777800e-02 0.0000000000e+00
797 1.2500000000e+00 0.0000000000e+00 0.0000000000e+00
798 1.0277777800e+00 -5.5555555600e-02 0.0000000000e+00
799 1.0555555600e+00 -5.5555555600e-02 0.0000000000e+00
800 1.0833333300e+00 -5.5555555600e-02 0.0000000000e+00
801 1.1111111100e+00 -5.5555555600e-02 0.0000000000e+00
802 1.1388888900e+00 -5.5555555600e-02 0.0000000000e+00
803 1.1666666700e+00 -5.5555555600e-02 0.0000000000e+00
804 1.1944444400e+00 -5.5555555600e-02 0.0000000000e+00
805 1.2222222200e+00 -5.5555555600e-02 0.0000000000e+00
806 1.2500000000e+00 -5.5555555600e-02 0.0000000000e+00
807 1.0277777800e+00 -8.3333333300e-02 0.0000000000e+00
808 1.0555555600e+00 -8.3333333300e-02 0.0000000000e+00
809 1.0833333300e+00 -8.3333333300e-02 0.0000000000e+00
810 1.1111111100e+00 -8.3333333300e-02 0.0000000000e+00
811 1.1388888900e+00 -8.3333333300e-02 0.0000000000e+00
812 1.1666666700e+00 -8.3333333300e-02 0.0000000000e+00
813 1.1944444400e+00 -8.3333333300e-02 0.0000000000e+00
814 1.2222222200e+00 -8.3333333300e-02 0.0000000000e+00
815 1.2500000000e+00 -8.3333333300e-02 0.0000000000e+00
816 1.0277777800e+00 -1.1111111100e-01 0.0000000000e+00
817 1.0555555600e+00 -1.1111111100e-01 0.0000000000e+00
818 1.0833333300e+00 -1.1111111100e-01 0.0000000000e+00
819 1.1111111100e+00 -1.1111111100e-01 0.0000000000e+00
820 1.1388888900e+00 -1.1111111100e-01 0.0000000000e+00
821 1.1666666700e+00 -1.1111111100e-01 0.0000000000e+00
822 1.1944444400e+00 -1.1111111100e-01 0.0000000000e+00
823 1.2222222200e+00 -1.1111111100e-01 0.0000000000e+00
824 1.2500000000e+00 -1.1111111100e-01 0.0000000000e+00
825 1.0277777800e+00 -1.3888888900e-01 0.0000000000e+00
826 1.0555555600e+00 -1.3888888900e-01 0.0000000000e+00
827 1.0833333300e+00 -1.3888888900e-01 0.0000000000e+00
828 1.1111111100e+00 -1.3888888900e-01 0.0000000000e+00
829 1.1388888900e+00 -1.3888888900e-01 0.0000000000e+00
830 1.1666666700e+00 -1.3888888900e-01 0.0000000000e+00
831 1.1944444400e+00 -1.3888888900e-01 0.0000000000e+00
832 1.2222222200e+00 -1.3888888900e-01 0.0000000000e+00
833 1.2500000000e+00 -1.3888888900e-01 0.0000000000e+00
834 1.0277777800e+00 -1.6666666700e-01 0.0000000000e+00
835 1.0555555600e+00 -1.6666666700e-01 0.0000000000e+00
836 1.0833333300e+00 -1.6666666700e-01 0.0000000000e+00
837 1.1111111100e+00 -1.6666666700e-01 0.0000000000e+00
838 1.1388888900e+00 -1.6666666700e-01 0.0000000000e+00
839 1.1666666700e+00 -1.6666666700e-01 0.0000000000e+00
840 1.1944444400e+00 -1.6666666700e-01 0.0000000000e+00
841 1.2222222200e+00 -1.6666666700e-01 0.0000000000e+00
842 1.2500000000e+00 -1.6666666700e-01 0.0000000000e+00
843 1.0277777800e+00 -1.9444444400e-01 0.0000000000e+00
844 1.0555555600e+00 -1.9444444400e-01 0.0000000000e+00
845 1.0833333300e+00 -1.9444444400e-01 0.0000000000e+00
846 1.1111111100e+00 -1.9444444400e-01 0.0000000000e+00
847 1.1388888900e+00 -1.9444444400e-01 0.0000000000e+00
848 1.1666666700e+00 -1.9444444400e-01 0.0000000000e+00
849 1.1944444400e+00 -1.9444444400e-01 0.0000000000e+00
850 1.2222222200e+00 -1.9444444400e-01 0.0000000000e+00
851 1.2500000000e+00 -1.9444444400e-01 0.0000000000e+00
852 1.0277777800e+00 -2.2222222200e-01 0.0000000000e+00
853 1.0555555600e+00 -2.2222222200e-01 0.0000000000e+00
854 1.0833333300e+00 -2.2222222200e-01 0.0000000000e+00
855 1.1111111100e+00 -2.2222222200e-01 0.0000000000e+00
856 1.1388888900e+00 -2.2222222200e-01 0.0000000000e+00
857 1.1666666700e+00 -2.2222222200e-01 0.0000000000e+00
858 1.1944444400e+00 -2.2222222200e-01 0.0000000000e+00
859 1.2222222200e+00 -2.2222222200e-01 0.0000000000e+00
860 1.2500000000e+00 -2.2222222200e-01 0.0000000000e+00
861 1.0277777800e+00 -2.5000000000e-01 0.0000000000e+00
862 1.0555555600e+00 -2.5000000000e-01 0.0000000000e+00
863 1.0833333300e+00 -2.5000000000e-01 0.0000000000e+00
864 1.1111111100e+00 -2.5000000000e-01 0.0000000000e+00
865 1.1388888900e+00 -2.5000000000e-01 0.0000000000e+00
866 1.1666666700e+00 -2.5000000000e-01 0.0000000000e+00
867 1.1944444400e+00 -2.5000000000e-01 0.0000000000e+00
868 1.2222222200e+00 -2.5000000000e-01 0.0000000000e+00
869 1.2500000000e+00 -2.5000000000e-01 0.0000000000e+00
870 1.0277777800e+00 2.7777777800e-02 0.0000000000e+00
871 1.0555555600e+00 2.7777777800e-02 0.0000000000e+00
872 1.0833333300e+00 2.7777777800e-02 0.0000000000e+00
873 1.1111111100e+00 2.7777777800e-02 0.0000000000e+00
874 1.1388888900e+00 2.7777777800e-02 0.0000000000e+00
875 1.1666666700e+00 2.7777777800e-02 0.0000000000e+00
876 1.1944444400e+00 2.7777777800e-02 0.0000000000e+00
877 1.2222222200e+00 2.7777777800e-02 0.0000000000e+00
878 1.2500000000e+00 2.7777777800e-02 0.0000000000e+00
879 1.0277777800e+00 5.5555555600e-02 0.0000000000e+00
880 1.0555555600e+00 5.5555555600e-02 0.0000000000e+00
881 1.0833333300e+00 5.5555555600e-02 0.0000000000e+00
882 1.1111111100e+00 5.5555555600e-02 0.0000000000e+00
883 1.1388888900e+00 5.5555555600e-02 0.0000000000e+00
884 1.1666666700e+00 5.5555555600e-02 0.0000000000e+00
885 1.1944444400e+00 5.5555555600e-02 0.0000000000e+00
886 1.2222222200e+00 5.5555555600e-02 0.0000000000e+00
887 1.2500000000e+00 5.5555555600e-02 0.0000000000e+00
888 1.0277777800e+00 8.3333333300e-02 0.0000000000e+00
889 1.0555555600e+00 8.3333333300e-02 0.0000000000e+00
890 1.0833333300e+00 8.3333333300e-02 0.0000000000e+00
891 1.1111111100e+00 8.3333333300e-02 0.0000000000e+00
892 1.1388888900e+00 8.3333333300e-02 0.0000000000e+00
893 1.1666666700e+00 8.3333333300e-02 0.0000000000e+00
894 1.1944444400e+00 8.3333333300e-02 0.0000000000e+00
895 1.2222222200e+00 8.3333333300e-02 0.0000000000e+00
896 1.2500000000e+00 8.3333333300e-02 0.0000000000e+00
897 1.0277777800e+00 1.1111111100e-01 0.0000000000e+00
898 1.0555555600e+00 1.1111111100e-01 0.0000000000e+00
899 1.0833333300e+00 1.1111111100e-01 0.0000000000e+00
900 1.1111111100e+00 1.1111111100e-01 0.0000000000e+00
901 1.1388888900e+00 1.1111111100e-01 0.0000000000e+00
902 1.1666666700e+00 1.1111111100e-01 0.0000000000e+00
903 1.1944444400e+00 1.1111111100e-01 0.0000000000e+00
904 1.2222222200e+00 1.1111111100e-01 0.0000000000e+00
905 1.2500000000e+00 1.1111111100e-01 0.0000000000e+00
906 1.0277777800e+00 1.3888888900e-01 0.0000000000e+00
907 1.0555555600e+00 1.3888888900e-01 0.0000000000e+00
908 1.0833333300e+00 1.3888888900e-01 0.0000000000e+00
909 1.1111111100e+00 1.3888888900e-01 0.0000000000e+00
910 1.1388888900e+00 1.3888888900e-01 0.0000000000e+00
911 1.1666666700e+00 1.3888888900e-01 0.0000000000e+00
912 1.1944444400e+00 1.3888888900e-01 0.0000000000e+00
913 1.2222222200e+00 1.3888888900e-01 0.0000000000e+00
914 1.2500000000e+00 1.3888888900e-01 0.0000000000e+00
915 1.0277777800e+00 1.6666666700e-01 0.0000000000e+00
916 1.0555555600e+00 1.6666666700e-01 0.0000000000e+00
917 1.0833333300e+00 1.6666666700e-01 0.0000000000e+00
918 1.1111111100e+00 1.6666666700e-01 0.0000000000e+00
919 1.1388888900e+00 1.6666666700e-01 0.0000000000e+00
920 1.1666666700e+00 1.6666666700e-01 0.0000000000e+00
921 1.1944444400e+00 1.6666666700e-01 0.0000000000e+00
922 1.2222222200e+00 1.6666666700e-01 0.0000000000e+00
923 1.2500000000e+00 1.6666666700e-01 0.0000000000e+00
924 1.0277777800e+00 1.9444444400e-01 0.0000000000e+00
925 1.0555555600e+00 1.9444444400e-01 0.0000000000e+00
926 1.0833333300e+00 1.9444444400e-01 0.0000000000e+00
927 1.1111111100e+00 1.9444444400e-01 0.0000000000e+00
928 1.1388888900e+00 1.9444444400e-01 0.0000000000e+00
929 1.1666666700e+00 1.9444444400e-01 0.0000000000e+00
930 1.1944444400e+00 1.9444444400e-01 0.0000000000e+00
931 1.2222222200e+00 1.9444444400e-01 0.0000000000e+00
932 1.2500000000e+00 1.9444444400e-01 0.0000000000e+00
933 1.0277777800e+00 2.2222222200e-01 0.0000000000e+00
934 1.0555555600e+00 2.2222222200e-01 0.0000000000e+00
935 1.0833333300e+00 2.2222222200e-01 0.0000000000e+00
936 1.1111111100e+00 2.2222222200e-01 0.0000000000e+00
937 1.1388888900e+00 2.2222222200e-01 0.0000000000e+00
938 1.1666666700e+00 2.2222222200e-01 0.0000000000e+00
939 1.1944444400e+00 2.2222222200e-01 0.0000000000e+00
940 1.2222222200e+00 2.2222222200e-01 0.0000000000e+00
941 1.2500000000e+00 2.2222222200e-01 0.0000000000e+00
942 1.0277777800e+00 2.5000000000e-01 0.0000000000e+00
943 1.0555555600e+00 2.5000000000e-01 0.0000000000e+00
944 1.0833333300e+00 2.5000000000e-01 0.0000000000e+00
945 1.1111111100e+00 2.5000000000e-01 0.0000000000e+00
946 1.1388888900e+00 2.5000000000e-01 0.0000000000e+00
947 1.1666666700e+00 2.5000000000e-01 0.0000000000e+00
948 1.1944444400e+00 2.5000000000e-01 0.0000000000e+00
949 1.2222222200e+00 2.5000000000e-01 0.0000000000e+00
950 1.2500000000e+00 2.5000000000e-01 0.0000000000e+00
951 1.0043488400e+00 2.8000602900e-01 0.0000000000e+00
952 1.0341269300e+00 2.7957073500e-01 0.0000000000e+00
953 1.0638707500e+00 2.7899688600e-01 0.0000000000e+00
954 1.0935710000e+00 2.7828712500e-01 0.0000000000e+00
955 1.1232185600e+00 2.7744472000e-01 0.0000000000e+00
956 1.1528045400e+00 2.7647355100e-01 0.0000000000e+00
957 1.1823203600e+00 2.7537808900e-01 0.0000000000e+00
958 1.2117577500e+00 2.7416338000e-01 0.0000000000e+00
959 1.2411088000e+00 2.7283501700e-01 0.0000000000e+00
960 1.2703660000e+00 2.7139911800e-01 0.0000000000e+00
961 1.0100023300e+00 3.1901383900e-01 0.0000000000e+00
962 1.0423808200e+00 3.1801266400e-01 0.0000000000e+00
963 1.0746805100e+00 3.1669281200e-01 0.0000000000e+00
964 1.1068799700e+00 3.1506036200e-01 0.0000000000e+00
965 1.1389582200e+00 3.1312283200e-01 0.0000000000e+00
966 1.1708948700e+00 3.1088914300e-01 0.0000000000e+00
967 1.2026701400e+00 3.0836958200e-01 0.0000000000e+00
968 1.2342650200e+00 3.0557575300e-01 0.0000000000e+00
969 1.2656613300e+00 3.0252052000e-01 0.0000000000e+00
970 1.2968417900e+00 2.9921795300e-01 0.0000000000e+00
971 1.0173518700e+00 3.6972400000e-01 0.0000000000e+00
972 1.0531108800e+00 3.6798717800e-01 0.0000000000e+00
973 1.0887331900e+00 3.6569752300e-01 0.0000000000e+00
974 1.1241816200e+00 3.6286557700e-01 0.0000000000e+00
975 1.1594197900e+00 3.5950438300e-01 0.0000000000e+00
976 1.1944123000e+00 3.5562941900e-01 0.0000000000e+00
977 1.2291248600e+00 3.5125852900e-01 0.0000000000e+00
978 1.2635244900e+00 3.4641184300e-01 0.0000000000e+00
979 1.2975796300e+00 3.4111167800e-01 0.0000000000e+00
980 1.3312603200e+00 3.3538244400e-01 0.0000000000e+00
981 1.0269062700e+00 4.3564722000e-01 0.0000000000e+00
982 1.0670599500e+00 4.3295405900e-01 0.0000000000e+00
983 1.1070016700e+00 4.2940365800e-01 0.0000000000e+00
984 1.1466737700e+00 4.2501236800e-01 0.0000000000e+00
985 1.1860198400e+00 4.1980041100e-01 0.0000000000e+00
986 1.2249849700e+00 4.1379178800e-01 0.0000000000e+00
987 1.2635160100e+00 4.0701417000e-01 0.0000000000e+00
988 1.3015618000e+00 3.9949876900e-01 0.0000000000e+00
989 1.3390734200e+00 3.9128019300e-01 0.0000000000e+00
990 1.3760044100e+00 3.8239629000e-01 0.0000000000e+00
991 1.0393269900e+00 5.2134742000e-01 0.0000000000e+00
992 1.0851937600e+00 5.1741101600e-01 0.0000000000e+00
993 1.1307507100e+00 5.1222164600e-01 0.0000000000e+00
994 1.1759135700e+00 5.0580320800e-01 0.0000000000e+00
995 1.2205999100e+00 4.9818525800e-01 0.0000000000e+00
996 1.2647294500e+00 4.8940287900e-01 0.0000000000e+00
997 1.3082245000e+00 4.7949651400e-01 0.0000000000e+00
998 1.3510103100e+00 4.6851178300e-01 0.0000000000e+00
999 1.3930153600e+00 4.5649927200e-01 0.0000000000e+00
1000 1.4341717400e+00 4.4351429900e-01 0.0000000000e+00
1001 1.0554739200e+00 6.3275767500e-01 0.0000000000e+00
1002 1.1087677000e+00 6.2720505700e-01 0.0000000000e+00
1003 1.1616244500e+00 6.1988502700e-01 0.0000000000e+00
1004 1.2139253200e+00 6.1083129600e-01 0.0000000000e+00
1005 1.2655539900e+00 6.0008555700e-01 0.0000000000e+00
1006 1.3163972600e+00 5.8769729500e-01 0.0000000000e+00
1007 1.3663455500e+00 5.7372355900e-01 0.0000000000e+00
1008 1.4152933700e+00 5.5822869900e-01 0.0000000000e+00
1009 1.4631398700e+00 5.4128407100e-01 0.0000000000e+00
1010 1.5097892700e+00 5.2296770800e-01 0.0000000000e+00
1011 1.0764649400e+00 7.7759099600e-01 0.0000000000e+00
1012 1.1394138300e+00 7.6993729800e-01 0.0000000000e+00
1013 1.2017603200e+00 7.5984741100e-01 0.0000000000e+00
1014 1.2633405800e+00 7.4736780000e-01 0.0000000000e+00
1015 1.3239942900e+00 7.3255593500e-01 0.0000000000e+00
1016 1.3835654200e+00 7.1548002400e-01 0.0000000000e+00
1017 1.4419028900e+00 6.9621870600e-01 0.0000000000e+00
1018 1.4988613400e+00 6.7486068000e-01 0.0000000000e+00
1019 1.5543017400e+00 6.5150430200e-01 0.0000000000e+00
1020 1.6080920400e+00 6.2625713100e-01 0.0000000000e+00
1021 1.1037532600e+00 9.6587431100e-01 0.0000000000e+00
1022 1.1792537900e+00 9.5548921100e-01 0.0000000000e+00
1023 1.2539369500e+00 9.4179850900e-01 0.0000000000e+00
1024 1.3275804200e+00 9.2486525400e-01 0.0000000000e+00
1025 1.3999666900e+00 9.0476742400e-01 0.0000000000e+00
1026 1.4708840200e+00 8.8159757200e-01 0.0000000000e+00
1027 1.5401274500e+00 8.5546239700e-01 0.0000000000e+00
1028 1.6074997100e+00 8.2648225500e-01 0.0000000000e+00
1029 1.6728121600e+00 7.9479060100e-01 0.0000000000e+00
1030 1.7358856500e+00 7.6053338000e-01 0.0000000000e+00
1031 1.1392280700e+00 1.2106426200e+00 0.0000000000e+00
1032 1.2310457400e+00 1.1967066900e+00 0.0000000000e+00
1033 1.3217665600e+00 1.1783349300e+00 0.0000000000e+00
1034 1.4110922100e+00 1.1556119400e+00 0.0000000000e+00
1035 1.4987308000e+00 1.1286423600e+00 0.0000000000e+00
1036 1.5843982000e+00 1.0975503800e+00 0.0000000000e+00
1037 1.6678193600e+00 1.0624791900e+00 0.0000000000e+00
1038 1.7487295800e+00 1.0235903000e+00 0.0000000000e+00
1039 1.8268757100e+00 9.8106278600e-01 0.0000000000e+00
1040 1.9020173400e+00 9.3509250000e-01 0.0000000000e+00
1041 1.1853453400e+00 1.5288414300e+00 0.0000000000e+00
1042 1.2983752800e+00 1.5102894300e+00 0.0000000000e+00
1043 1.4099450600e+00 1.4858323000e+00 0.0000000000e+00
1044 1.5196575400e+00 1.4555826500e+00 0.0000000000e+00
1045 1.6271241500e+00 1.4196797800e+00 0.0000000000e+00
1046 1.7319666400e+00 1.3782890400e+00 0.0000000000e+00
1047 1.8338188600e+00 1.3316010400e+00 0.0000000000e+00
1048 1.9323284200e+00 1.2798307700e+00 0.0000000000e+00
1049 2.0271583300e+00 1.2232166400e+00 0.0000000000e+00
1050 2.1179885500e+00 1.1620193700e+00 0.0000000000e+00
1051 1.2452977800e+00 1.9424998600e+00 0.0000000000e+00
1052 1.3859036700e+00 1.9179469700e+00 0.0000000000e+00
1053 1.5245771000e+00 1.8855788500e+00 0.0000000000e+00
1054 1.6607924700e+00 1.8455445400e+00 0.0000000000e+00
1055 1.7940355000e+00 1.7980284100e+00 0.0000000000e+00
1056 1.9238056100e+00 1.7432492800e+00 0.0000000000e+00
1057 2.0496182000e+00 1.6814594200e+00 0.0000000000e+00
1058 2.1710069000e+00 1.6129433600e+00 0.0000000000e+00
1059 2.2875257300e+00 1.5380166300e+00 0.0000000000e+00
1060 2.3987511000e+00 1.4570242800e+00 0.0000000000e+00
1061 1.3232359500e+00 2.4802558400e+00 0.0000000000e+00
1062 1.4996905900e+00 2.4479018000e+00 0.0000000000e+00
1063 1.6735987600e+00 2.4052493900e+00 0.0000000000e+00
1064 1.8442678800e+00 2.3524950200e+00 0.0000000000e+00
1065 2.0110202600e+00 2.2898816500e+00 0.0000000000e+00
1066 2.1731962700e+00 2.2176976200e+00 0.0000000000e+00
1067 2.3301573400e+00 2.1362753300e+00 0.0000000000e+00
1068 2.4812889400e+00 2.0459897400e+00 0.0000000000e+00
1069 2.6260033500e+00 1.9472566300e+00 0.0000000000e+00
1070 2.7637424300e+00 1.8405306800e+00 0.0000000000e+00
1071 1.4245555700e+00 3.1793386200e+00 0.0000000000e+00
1072 1.6476135800e+00 3.1368430600e+00 0.0000000000e+00
1073 1.8673269200e+00 3.0808210800e+00 0.0000000000e+00
1074 2.0827859100e+00 3.0115306500e+00 0.0000000000e+00
1075 2.2931004400e+00 2.9292908600e+00 0.0000000000e+00
1076 2.4974041300e+00 2.8344804400e+00 0.0000000000e+00
1077 2.6948582300e+00 2.7275360000e+00 0.0000000000e+00
1078 2.8846555800e+00 2.6089500300e+00 0.0000000000e+00
1079 3.0660242600e+00 2.4792686300e+00 0.0000000000e+00
1080 3.2382311500e+00 2.3390890000e+00 0.0000000000e+00
1081 1.5562710900e+00 4.0881462500e+00 0.0000000000e+00
1082 1.8399134800e+00 4.0324667400e+00 0.0000000000e+00
1083 2.1191735400e+00 3.9590643100e+00 0.0000000000e+00
1084 2.3928593600e+00 3.8682769900e+00 0.0000000000e+00
1085 2.6598047000e+00 3.7605228600e+00 0.0000000000e+00
1086 2.9188743600e+00 3.6362981500e+00 0.0000000000e+00
1087 3.1689694000e+00 3.4961749200e+00 0.0000000000e+00
1088 3.4090322400e+00 3.3407984400e+00 0.0000000000e+00
1089 3.6380514600e+00 3.1708842600e+00 0.0000000000e+00
1090 3.8550665200e+00 2.9872148300e+00 0.0000000000e+00
1091 1.7275012600e+00 5.2695961800e+00 0.0000000000e+00
1092 2.0899033400e+00 5.1967775200e+00 0.0000000000e+00
1093 2.4465741400e+00 5.1007805100e+00 0.0000000000e+00
1094 2.7959548400e+00 4.9820472300e+00 0.0000000000e+00
1095 3.1365202300e+00 4.8411244600e+00 0.0000000000e+00
1096 3.4667856500e+00 4.6786611600e+00 0.0000000000e+00
1097 3.7853139300e+00 4.4954055000e+00 0.0000000000e+00
1098 4.0907218900e+00 4.2922013700e+00 0.0000000000e+00
1099 4.3816868200e+00 4.0699845700e+00 0.0000000000e+00
1100 4.6569524900e+00 3.8297784100e+00 0.0000000000e+00
1101 1.9501004800e+00 6.8054811000e+00 0.0000000000e+00
1102 2.4148901700e+00 6.7103815500e+00 0.0000000000e+00
1103 2.8721949200e+00 6.5850115800e+00 0.0000000000e+00
1104 3.3199789800e+00 6.4299485600e+00 0.0000000000e+00
1105 3.7562504200e+00 6.2459065500e+00 0.0000000000e+00
1106 4.1790703500e+00 6.0337331000e+00 0.0000000000e+00
1107 4.5865618200e+00 5.7944052700e+00 0.0000000000e+00
1108 4.9769184500e+00 5.5290252000e+00 0.0000000000e+00
1109 5.3484128000e+00 5.2388149900e+00 0.0000000000e+00
1110 5.6994042700e+00 4.9251110800e+00 0.0000000000e+00
1111 2.2394794700e+00 8.8021315200e+00 0.0000000000e+00
1112 2.8373730500e+00 8.6780668000e+00 0.0000000000e+00
1113 3.4255019500e+00 8.5145120000e+00 0.0000000000e+00
1114 4.0012103600e+00 8.3122203100e+00 0.0000000000e+00
1115 4.5618996800e+00 8.0721232900e+00 0.0000000000e+00
1116 5.1050404600e+00 7.7953266300e+00 0.0000000000e+00
1117 5.6281840800e+00 7.4831049900e+00 0.0000000000e+00
1118 6.1289739900e+00 7.1368961800e+00 0.0000000000e+00
1119 6.6051565900e+00 6.7582945400e+00 0.0000000000e+00
1120 7.0545916000e+00 6.3490435700e+00 0.0000000000e+00
1121 2.6156721600e+00 1.1397777100e+01 0.0000000000e+00
1122 3.3866008000e+00 1.1236057600e+01 0.0000000000e+00
1123 4.1448010800e+00 1.1022862600e+01 0.0000000000e+00
1124 4.8868111600e+00 1.0759173600e+01 0.0000000000e+00
1125 5.6092437200e+00 1.0446205100e+01 0.0000000000e+00
1126 6.3088016200e+00 1.0085398200e+01 0.0000000000e+00
1127 6.9822930300e+00 9.6784146300e+00 0.0000000000e+00
1128 7.6266461900e+00 9.2271284700e+00 0.0000000000e+00
1129 8.2389235100e+00 8.7336179700e+00 0.0000000000e+00
1130 8.8163351200e+00 8.2001558000e+00 0.0000000000e+00
1131 3.1047226700e+00 1.4772116300e+01 0.0000000000e+00
1132 4.1005968700e+00 1.4561445700e+01 0.0000000000e+00
1133 5.0798899700e+00 1.4283718300e+01 0.0000000000e+00
1134 6.0380922100e+00 1.3940212900e+01 0.0000000000e+00
1135 6.9707909900e+00 1.3532511400e+01 0.0000000000e+00
1136 7.8736911200e+00 1.3062491300e+01 0.0000000000e+00
1137 8.7426346700e+00 1.2532317200e+01 0.0000000000e+00
1138 9.5736200600e+00 1.1944430500e+01 0.0000000000e+00
1139 1.0362820500e+01 1.1301538400e+01 0.0000000000e+00
1140 1.1106601700e+01 1.0606601700e+01 0.0000000000e+00
1141 1.2703660000e+00 -2.7139911800e-01 0.0000000000e+00
1142 1.2411088000e+00 -2.7283501400e-01 0.0000000000e+00
1143 1.2117577500e+00 -2.7416337200e-01 0.0000000000e+00
1144 1.1823203600e+00 -2.7537807700e-01 0.0000000000e+00
1145 1.1528045400e+00 -2.7647353500e-01 0.0000000000e+00
1146 1.1232185500e+00 -2.7744470100e-01 0.0000000000e+00
1147 1.0935710000e+00 -2.7828710200e-01 0.0000000000e+00
1148 1.0638707500e+00 -2.7899685900e-01 0.0000000000e+00
1149 1.0341269200e+00 -2.7957070400e-01 0.0000000000e+00
1150 1.0043488400e+00 -2.8000599400e-01 0.0000000000e+00
1151 1.2968417900e+00 -2.9921795300e-01 0.0000000000e+00
1152 1.2656613300e+00 -3.0252051500e-01 0.0000000000e+00
1153 1.2342650200e+00 -3.0557574300e-01 0.0000000000e+00
1154 1.2026701400e+00 -3.0836956800e-01 0.0000000000e+00
1155 1.1708948700e+00 -3.1088912400e-01 0.0000000000e+00
1156 1.1389582200e+00 -3.1312280800e-01 0.0000000000e+00
1157 1.1068799600e+00 -3.1506033400e-01 0.0000000000e+00
1158 1.0746805000e+00 -3.1669277900e-01 0.0000000000e+00
1159 1.0423808100e+00 -3.1801262600e-01 0.0000000000e+00
1160 1.0100023200e+00 -3.1901379600e-01 0.0000000000e+00
1161 1.3312603200e+00 -3.3538244400e-01 0.0000000000e+00
1162 1.2975796300e+00 -3.4111167200e-01 0.0000000000e+00
1163 1.2635244900e+00 -3.4641183100e-01 0.0000000000e+00
1164 1.2291248600e+00 -3.5125851200e-01 0.0000000000e+00
1165 1.1944123000e+00 -3.5562939600e-01 0.0000000000e+00
1166 1.1594197900e+00 -3.5950435400e-01 0.0000000000e+00
1167 1.1241816100e+00 -3.6286554300e-01 0.0000000000e+00
1168 1.0887331800e+00 -3.6569748200e-01 0.0000000000e+00
1169 1.0531108700e+00 -3.6798713200e-01 0.0000000000e+00
1170 1.0173518600e+00 -3.6972394800e-01 0.0000000000e+00
1171 1.3760044100e+00 -3.8239629000e-01 0.0000000000e+00
1172 1.3390734200e+00 -3.9128018600e-01 0.0000000000e+00
1173 1.3015618000e+00 -3.9949875500e-01 0.0000000000e+00
1174 1.2635160100e+00 -4.0701414900e-01 0.0000000000e+00
1175 1.2249849700e+00 -4.1379176000e-01 0.0000000000e+00
1176 1.1860198400e+00 -4.1980037600e-01 0.0000000000e+00
1177 1.1466737700e+00 -4.2501232600e-01 0.0000000000e+00
1178 1.1070016700e+00 -4.2940360900e-01 0.0000000000e+00
1179 1.0670599500e+00 -4.3295400300e-01 0.0000000000e+00
1180 1.0269062600e+00 -4.3564715700e-01 0.0000000000e+00
1181 1.4341717400e+00 -4.4351429900e-01 0.0000000000e+00
1182 1.3930153600e+00 -4.5649926300e-01 0.0000000000e+00
1183 1.3510103100e+00 -4.6851176600e-01 0.0000000000e+00
1184 1.3082245000e+00 -4.7949648900e-01 0.0000000000e+00
1185 1.2647294400e+00 -4.8940284500e-01 0.0000000000e+00
1186 1.2205999000e+00 -4.9818521600e-01 0.0000000000e+00
1187 1.1759135700e+00 -5.0580315700e-01 0.0000000000e+00
1188 1.1307507000e+00 -5.1222158600e-01 0.0000000000e+00
1189 1.0851937500e+00 -5.1741094800e-01 0.0000000000e+00
1190 1.0393269700e+00 -5.2134734300e-01 0.0000000000e+00
1191 1.5097892700e+00 -5.2296770800e-01 0.0000000000e+00
1192 1.4631398700e+00 -5.4128406200e-01 0.0000000000e+00
1193 1.4152933700e+00 -5.5822867900e-01 0.0000000000e+00
1194 1.3663455400e+00 -5.7372352900e-01 0.0000000000e+00
1195 1.3163972600e+00 -5.8769725500e-01 0.0000000000e+00
1196 1.2655539800e+00 -6.0008550800e-01 0.0000000000e+00
1197 1.2139253100e+00 -6.1083123700e-01 0.0000000000e+00
1198 1.1616244400e+00 -6.1988495800e-01 0.0000000000e+00
1199 1.1087676900e+00 -6.2720497800e-01 0.0000000000e+00
1200 1.0554739100e+00 -6.3275758600e-01 0.0000000000e+00
1201 1.6080920400e+00 -6.2625713100e-01 0.0000000000e+00
1202 1.5543017400e+00 -6.5150429000e-01 0.0000000000e+00
1203 1.4988613400e+00 -6.7486065600e-01 0.0000000000e+00
1204 1.4419028900e+00 -6.9621866900e-01 0.0000000000e+00
1205 1.3835654100e+00 -7.1547997500e-01 0.0000000000e+00
1206 1.3239942900e+00 -7.3255587300e-01 0.0000000000e+00
1207 1.2633405700e+00 -7.4736772600e-01 0.0000000000e+00
1208 1.2017603100e+00 -7.5984732500e-01 0.0000000000e+00
1209 1.1394138100e+00 -7.6993719900e-01 0.0000000000e+00
1210 1.0764649200e+00 -7.7759088400e-01 0.0000000000e+00
1211 1.7358856500e+00 -7.6053338000e-01 0.0000000000e+00
1212 1.6728121600e+00 -7.9479058800e-01 0.0000000000e+00
1213 1.6074997000e+00 -8.2648222900e-01 0.0000000000e+00
1214 1.5401274400e+00 -8.5546235800e-01 0.0000000000e+00
1215 1.4708840100e+00 -8.8159752000e-01 0.0000000000e+00
1216 1.3999666800e+00 -9.0476735900e-01 0.0000000000e+00
1217 1.3275804100e+00 -9.2486517600e-01 0.0000000000e+00
1218 1.2539369300e+00 -9.4179841800e-01 0.0000000000e+00
1219 1.1792537700e+00 -9.5548910600e-01 0.0000000000e+00
1220 1.1037532400e+00 -9.6587419400e-01 0.0000000000e+00
1221 1.9020173400e+00 -9.3509250000e-01 0.0000000000e+00
1222 1.8268757100e+00 -9.8106276800e-01 0.0000000000e+00
1223 1.7487295700e+00 -1.0235902600e+00 0.0000000000e+00
1224 1.6678193500e+00 -1.0624791400e+00 0.0000000000e+00
1225 1.5843981900e+00 -1.0975503100e+00 0.0000000000e+00
1226 1.4987307900e+00 -1.1286422700e+00 0.0000000000e+00
1227 1.4110921900e+00 -1.1556118300e+00 0.0000000000e+00
1228 1.3217665400e+00 -1.1783348100e+00 0.0000000000e+00
1229 1.2310457200e+00 -1.1967065500e+00 0.0000000000e+00
1230 1.1392280500e+00 -1.2106424600e+00 0.0000000000e+00
1231 2.1179885500e+00 -1.1620193700e+00 0.0000000000e+00
1232 2.0271583300e+00 -1.2232166200e+00 0.0000000000e+00
1233 1.9323284200e+00 -1.2798307300e+00 0.0000000000e+00
1234 1.8338188500e+00 -1.3316009800e+00 0.0000000000e+00
1235 1.7319666300e+00 -1.3782889700e+00 0.0000000000e+00
1236 1.6271241400e+00 -1.4196796900e+00 0.0000000000e+00
1237 1.5196575300e+00 -1.4555825400e+00 0.0000000000e+00
1238 1.4099450400e+00 -1.4858321700e+00 0.0000000000e+00
1239 1.2983752600e+00 -1.5102892900e+00 0.0000000000e+00
1240 1.1853453100e+00 -1.5288412700e+00 0.0000000000e+00
1241 2.3987511000e+00 -1.4570242800e+00 0.0000000000e+00
1242 2.2875257200e+00 -1.5380166100e+00 0.0000000000e+00
1243 2.1710069000e+00 -1.6129433100e+00 0.0000000000e+00
1244 2.0496181900e+00 -1.6814593500e+00 0.0000000000e+00
1245 1.9238055900e+00 -1.7432492000e+00 0.0000000000e+00
1246 1.7940354800e+00 -1.7980283100e+00 0.0000000000e+00
1247 1.6607924500e+00 -1.8455444100e+00 0.0000000000e+00
1248 1.5245770800e+00 -1.8855787000e+00 0.0000000000e+00
1249 1.3859036500e+00 -1.9179468100e+00 0.0000000000e+00
1250 1.2452977500e+00 -1.9424996700e+00 0.0000000000e+00
1251 2.7637424300e+00 -1.8405306800e+00 0.0000000000e+00
1252 2.6260033500e+00 -1.9472566100e+00 0.0000000000e+00
1253 2.4812889300e+00 -2.0459896900e+00 0.0000000000e+00
1254 2.3301573300e+00 -2.1362752600e+00 0.0000000000e+00
1255 2.1731962500e+00 -2.2176975200e+00 0.0000000000e+00
1256 2.0110202400e+00 -2.2898815400e+00 0.0000000000e+00
1257 1.8442678600e+00 -2.3524948800e+00 0.0000000000e+00
1258 1.6735987400e+00 -2.4052492200e+00 0.0000000000e+00
1259 1.4996905600e+00 -2.4479016100e+00 0.0000000000e+00
1260 1.3232359200e+00 -2.4802556300e+00 0.0000000000e+00
1261 3.2382311500e+00 -2.3390890000e+00 0.0000000000e+00
1262 3.0660242500e+00 -2.4792686100e+00 0.0000000000e+00
1263 2.8846555700e+00 -2.6089499800e+00 0.0000000000e+00
1264 2.6948582200e+00 -2.7275359200e+00 0.0000000000e+00
1265 2.4974041100e+00 -2.8344803300e+00 0.0000000000e+00
1266 2.2931004200e+00 -2.9292907300e+00 0.0000000000e+00
1267 2.0827858800e+00 -3.0115304800e+00 0.0000000000e+00
1268 1.8673268900e+00 -3.0808208900e+00 0.0000000000e+00
1269 1.6476135500e+00 -3.1368428400e+00 0.0000000000e+00
1270 1.4245555400e+00 -3.1793383700e+00 0.0000000000e+00
1271 3.8550665200e+00 -2.9872148300e+00 0.0000000000e+00
1272 3.6380514600e+00 -3.1708842300e+00 0.0000000000e+00
1273 3.4090322300e+00 -3.3407983900e+00 0.0000000000e+00
1274 3.1689693900e+00 -3.4961748300e+00 0.0000000000e+00
1275 2.9188743400e+00 -3.6362980400e+00 0.0000000000e+00
1276 2.6598046800e+00 -3.7605227200e+00 0.0000000000e+00
1277 2.3928593300e+00 -3.8682768200e+00 0.0000000000e+00
1278 2.1191735100e+00 -3.9590641100e+00 0.0000000000e+00
1279 1.8399134500e+00 -4.0324665100e+00 0.0000000000e+00
1280 1.5562710500e+00 -4.0881460000e+00 0.0000000000e+00
1281 4.6569524900e+00 -3.8297784100e+00 0.0000000000e+00
1282 4.3816868200e+00 -4.0699845400e+00 0.0000000000e+00
1283 4.0907218800e+00 -4.2922013100e+00 0.0000000000e+00
1284 3.7853139100e+00 -4.4954054100e+00 0.0000000000e+00
1285 3.4667856400e+00 -4.6786610400e+00 0.0000000000e+00
1286 3.1365202000e+00 -4.8411243100e+00 0.0000000000e+00
1287 2.7959548200e+00 -4.9820470500e+00 0.0000000000e+00
1288 2.4465741100e+00 -5.1007803000e+00 0.0000000000e+00
1289 2.0899033100e+00 -5.1967772800e+00 0.0000000000e+00
1290 1.7275012200e+00 -5.2695959100e+00 0.0000000000e+00
1291 5.6994042700e+00 -4.9251110800e+00 0.0000000000e+00
1292 5.3484128000e+00 -5.2388149600e+00 0.0000000000e+00
1293 4.9769184400e+00 -5.5290251400e+00 0.0000000000e+00
1294 4.5865618000e+00 -5.7944051800e+00 0.0000000000e+00
1295 4.1790703300e+00 -6.0337329800e+00 0.0000000000e+00
1296 3.7562504000e+00 -6.2459064100e+00 0.0000000000e+00
1297 3.3199789500e+00 -6.4299483900e+00 0.0000000000e+00
1298 2.8721948900e+00 -6.5850113800e+00 0.0000000000e+00
1299 2.4148901400e+00 -6.7103813100e+00 0.0000000000e+00
1300 1.9501004400e+00 -6.8054808400e+00 0.0000000000e+00
1301 7.0545916000e+00 -6.3490435700e+00 0.0000000000e+00
1302 6.6051565800e+00 -6.7582945200e+00 0.0000000000e+00
1303 6.1289739800e+00 -7.1368961300e+00 0.0000000000e+00
1304 5.6281840700e+00 -7.4831049100e+00 0.0000000000e+00
1305 5.1050404500e+00 -7.7953265300e+00 0.0000000000e+00
1306 4.5618996600e+00 -8.0721231700e+00 0.0000000000e+00
1307 4.0012103400e+00 -8.3122201600e+00 0.0000000000e+00
1308 3.4255019200e+00 -8.5145118300e+00 0.0000000000e+00
1309 2.8373730200e+00 -8.6780666000e+00 0.0000000000e+00
1310 2.2394794400e+00 -8.8021312900e+00 0.0000000000e+00
1311 8.8163351200e+00 -8.2001558000e+00 0.0000000000e+00
1312 8.2389235100e+00 -8.7336179600e+00 0.0000000000e+00
1313 7.6266461900e+00 -9.2271284400e+00 0.0000000000e+00
1314 6.9822930200e+00 -9.6784145800e+00 0.0000000000e+00
1315 6.3088016100e+00 -1.0085398200e+01 0.0000000000e+00
1316 5.6092437100e+00 -1.0446205000e+01 0.0000000000e+00
1317 4.8868111500e+00 -1.0759173500e+01 0.0000000000e+00
1318 4.1448010700e+00 -1.1022862400e+01 0.0000000000e+00
1319 3.3866007800e+00 -1.1236057500e+01 0.0000000000e+00
1320 2.6156721400e+00 -1.1397776900e+01 0.0000000000e+00
1321 1.1106601700e+01 -1.0606601700e+01 0.0000000000e+00
1322 1.0362820500e+01 -1.1301538400e+01 0.0000000000e+00
1323 9.5736200600e+00 -1.1944430500e+01 0.0000000000e+00
1324 8.7426346700e+00 -1.2532317200e+01 0.0000000000e+00
1325 7.8736911200e+00 -1.3062491300e+01 0.0000000000e+00
1326 6.9707909900e+00 -1.3532511400e+01 0.0000000000e+00
1327 6.0380922100e+00 -1.3940212900e+01 0.0000000000e+00
1328 5.0798899700e+00 -1.4283718300e+01 0.0000000000e+00
1329 4.1005968700e+00 -1.4561445700e+01 0.0000000000e+00
1330 3.1047226700e+00 -1.4772116300e+01 0.0000000000e+00
1331 -2.1047226700e+00 1.4772116300e+01 0.0000000000e+00
1332 -1.5975481900e+00 1.1397777100e+01 0.0000000000e+00
1333 -1.4535262200e+00 1.1421022500e+01 0.0000000000e+00
1334 -1.9267299500e+00 1.4802397800e+01 0.0000000000e+00
1335 -1.3092343500e+00 1.1442621500e+01 0.0000000000e+00
1336 -1.7483856400e+00 1.4830534800e+01 0.0000000000e+00
1337 -1.1646924300e+00 1.1462571200e+01 0.0000000000e+00
1338 -1.5697155900e+00 1.4856523100e+01 0.0000000000e+00
1339 -1.0199203100e+00 1.1480868600e+01 0.0000000000e+00
1340 -1.3907456700e+00 1.4880358900e+01 0.0000000000e+00
1341 -8.7493791400e-01 1.1497511000e+01 0.0000000000e+00
1342 -1.2115018100e+00 1.4902038800e+01 0.0000000000e+00
1343 -7.2976516800e-01 1.1512496100e+01 0.0000000000e+00
1344 -1.0320100000e+00 1.4921559800e+01 0.0000000000e+00
1345 -5.8442203600e-01 1.1525821600e+01 0.0000000000e+00
1346 -8.5229621700e-01 1.4938918800e+01 0.0000000000e+00
1347 -4.3892850600e-01 1.1537485600e+01 0.0000000000e+00
1348 -6.7238651500e-01 1.4954113500e+01 0.0000000000e+00
1349 -2.9330458600e-01 1.1547486600e+01 0.0000000000e+00
1350 -4.9230695500e-01 1.4967141600e+01 0.0000000000e+00
1351 -1.4757030500e-01 1.1555822900e+01 0.0000000000e+00
1352 -3.1208362900e-01 1.4978001200e+01 0.0000000000e+00
1353 -1.7457056800e-03 1.1562493300e+01 0.0000000000e+00
1354 -1.3174264600e-01 1.4986690800e+01 0.0000000000e+00
1355 1.4414915400e-01 1.1567497100e+01 0.0000000000e+00
1356 4.8689864200e-02 1.4993209100e+01 0.0000000000e+00
1357 2.9009420700e-01 1.1570833300e+01 0.0000000000e+00
1358 2.2918776100e-01 1.4997555200e+01 0.0000000000e+00
1359 4.3606937900e-01 1.1572501500e+01 0.0000000000e+00
1360 4.0972489400e-01 1.4999728300e+01 0.0000000000e+00
1361 5.8205459200e-01 1.1572501500e+01 0.0000000000e+00
1362 5.9027510600e-01 1.4999728300e+01 0.0000000000e+00
1363 7.2802976400e-01 1.1570833300e+01 0.0000000000e+00
1364 7.7081223900e-01 1.4997555200e+01 0.0000000000e+00
1365 8.7397481700e-01 1.1567497100e+01 0.0000000000e+00
1366 9.5131013600e-01 1.4993209100e+01 0.0000000000e+00
1367 1.0198696800e+00 1.1562493300e+01 0.0000000000e+00
1368 1.1317426500e+00 1.4986690800e+01 0.0000000000e+00
1369 1.1656942800e+00 1.1555822800e+01 0.0000000000e+00
1370 1.3120836300e+00 1.4978001200e+01 0.0000000000e+00
1371 1.3114285600e+00 1.1547486500e+01 0.0000000000e+00
1372 1.4923069600e+00 1.4967141600e+01 0.0000000000e+00
1373 1.4570524800e+00 1.1537485600e+01 0.0000000000e+00
1374 1.6723865100e+00 1.4954113500e+01 0.0000000000e+00
1375 1.6025460100e+00 1.1525821600e+01 0.0000000000e+00
1376 1.8522962200e+00 1.4938918800e+01 0.0000000000e+00
1377 1.7478891400e+00 1.1512496000e+01 0.0000000000e+00
1378 2.0320100000e+00 1.4921559800e+01 0.0000000000e+00
1379 1.8930618900e+00 1.1497511000e+01 0.0000000000e+00
1380 2.2115018100e+00 1.4902038800e+01 0.0000000000e+00
1381 2.0380442800e+00 1.1480868600e+01 0.0000000000e+00
1382 2.3907456700e+00 1.4880358900e+01 0.0000000000e+00
1383 2.1828164000e+00 1.1462571200e+01 0.0000000000e+00
1384 2.5697155900e+00 1.4856523100e+01 0.0000000000e+00
1385 2.3273583200e+00 1.1442621500e+01 0.0000000000e+00
1386 2.7483856400e+00 1.4830534800e+01 0.0000000000e+00
1387 2.4716501900e+00 1.1421022400e+01 0.0000000000e+00
1388 2.9267299500e+00 1.4802397800e+01 0.0000000000e+00
1389 -1.2074139800e+00 8.8021315300e+00 0.0000000000e+00
1390 -1.0895233500e+00 8.8199644500e+00 0.0000000000e+00
1391 -9.7142566600e-01 8.8365344100e+00 0.0000000000e+00
1392 -8.5313614600e-01 8.8518390100e+00 0.0000000000e+00
1393 -7.3467003600e-01 8.8658760200e+00 0.0000000000e+00
1394 -6.1604260500e-01 8.8786434300e+00 0.0000000000e+00
1395 -4.9726914600e-01 8.8901393700e+00 0.0000000000e+00
1396 -3.7836497300e-01 8.9003621800e+00 0.0000000000e+00
1397 -2.5934542100e-01 8.9093103900e+00 0.0000000000e+00
1398 -1.4022583900e-01 8.9169826800e+00 0.0000000000e+00
1399 -2.1021592400e-02 8.9233779600e+00 0.0000000000e+00
1400 9.8251942500e-02 8.9284953000e+00 0.0000000000e+00
1401 2.1757937900e-01 8.9323339500e+00 0.0000000000e+00
1402 3.3694532100e-01 8.9348933600e+00 0.0000000000e+00
1403 4.5633437000e-01 8.9361731600e+00 0.0000000000e+00
1404 5.7573112100e-01 8.9361731600e+00 0.0000000000e+00
1405 6.9512016900e-01 8.9348933600e+00 0.0000000000e+00
1406 8.1448611200e-01 8.9323339500e+00 0.0000000000e+00
1407 9.3381354800e-01 8.9284953000e+00 0.0000000000e+00
1408 1.0530870800e+00 8.9233779600e+00 0.0000000000e+00
1409 1.1722913300e+00 8.9169826800e+00 0.0000000000e+00
1410 1.2914109100e+00 8.9093103800e+00 0.0000000000e+00
1411 1.4104304600e+00 8.9003621700e+00 0.0000000000e+00
1412 1.5293346400e+00 8.8901393600e+00 0.0000000000e+00
1413 1.6481081000e+00 8.8786434200e+00 0.0000000000e+00
1414 1.7667355300e+00 8.8658760100e+00 0.0000000000e+00
1415 1.8852016400e+00 8.8518389900e+00 0.0000000000e+00
1416 2.0034911600e+00 8.8365344000e+00 0.0000000000e+00
1417 2.1215888400e+00 8.8199644400e+00 0.0000000000e+00
1418 -9.0731074300e-01 6.8054811100e+00 0.0000000000e+00
1419 -8.0952114300e-01 6.8191506100e+00 0.0000000000e+00
1420 -7.1157283100e-01 6.8318520100e+00 0.0000000000e+00
1421 -6.1347747100e-01 6.8435834700e+00 0.0000000000e+00
1422 -5.1524674800e-01 6.8543432900e+00 0.0000000000e+00
1423 -4.1689236700e-01 6.8641299200e+00 0.0000000000e+00
1424 -3.1842605200e-01 6.8729419200e+00 0.0000000000e+00
1425 -2.1985954100e-01 6.8807780300e+00 0.0000000000e+00
1426 -1.2120458700e-01 6.8876371200e+00 0.0000000000e+00
1427 -2.2472957400e-02 6.8935181800e+00 0.0000000000e+00
1428 7.6323570600e-02 6.8984203600e+00 0.0000000000e+00
1429 1.7517321000e-01 6.9023429600e+00 0.0000000000e+00
1430 2.7406416600e-01 6.9052854100e+00 0.0000000000e+00
1431 3.7298463900e-01 6.9072472800e+00 0.0000000000e+00
1432 4.7192282400e-01 6.9082282900e+00 0.0000000000e+00
1433 5.7086691200e-01 6.9082282900e+00 0.0000000000e+00
1434 6.6980509700e-01 6.9072472800e+00 0.0000000000e+00
1435 7.6872556900e-01 6.9052854100e+00 0.0000000000e+00
1436 8.6761652600e-01 6.9023429600e+00 0.0000000000e+00
1437 9.6646616500e-01 6.8984203600e+00 0.0000000000e+00
1438 1.0652626900e+00 6.8935181700e+00 0.0000000000e+00
1439 1.1639943200e+00 6.8876371100e+00 0.0000000000e+00
1440 1.2626492800e+00 6.8807780300e+00 0.0000000000e+00
1441 1.3612157900e+00 6.8729419100e+00 0.0000000000e+00
1442 1.4596821000e+00 6.8641299100e+00 0.0000000000e+00
1443 1.5580364800e+00 6.8543432900e+00 0.0000000000e+00
1444 1.6562672100e+00 6.8435834700e+00 0.0000000000e+00
1445 1.7543625700e+00 6.8318520000e+00 0.0000000000e+00
1446 1.8523108800e+00 6.8191506000e+00 0.0000000000e+00
1447 -6.7646210100e-01 5.2695961900e+00 0.0000000000e+00
1448 -5.9413483200e-01 5.2800630600e+00 0.0000000000e+00
1449 -5.1168603600e-01 5.2897886400e+00 0.0000000000e+00
1450 -4.2912464500e-01 5.2987715400e+00 0.0000000000e+00
1451 -3.4645960400e-01 5.3070104400e+00 0.0000000000e+00
1452 -2.6369987800e-01 5.3145041500e+00 0.0000000000e+00
1453 -1.8085444200e-01 5.3212515900e+00 0.0000000000e+00
1454 -9.7932285600e-02 5.3272517800e+00 0.0000000000e+00
1455 -1.4942407700e-02 5.3325038400e+00 0.0000000000e+00
1456 6.8106181800e-02 5.3370070300e+00 0.0000000000e+00
1457 1.5120446500e-01 5.3407606800e+00 0.0000000000e+00
1458 2.3434341500e-01 5.3437642600e+00 0.0000000000e+00
1459 3.1751400300e-01 5.3460173200e+00 0.0000000000e+00
1460 4.0070719200e-01 5.3475195400e+00 0.0000000000e+00
1461 4.8391394200e-01 5.3482707100e+00 0.0000000000e+00
1462 5.6712521300e-01 5.3482707100e+00 0.0000000000e+00
1463 6.5033196400e-01 5.3475195400e+00 0.0000000000e+00
1464 7.3352515300e-01 5.3460173200e+00 0.0000000000e+00
1465 8.1669574000e-01 5.3437642500e+00 0.0000000000e+00
1466 8.9983469100e-01 5.3407606800e+00 0.0000000000e+00
1467 9.8293297400e-01 5.3370070300e+00 0.0000000000e+00
1468 1.0659815600e+00 5.3325038400e+00 0.0000000000e+00
1469 1.1489714400e+00 5.3272517700e+00 0.0000000000e+00
1470 1.2318936000e+00 5.3212515800e+00 0.0000000000e+00
1471 1.3147390300e+00 5.3145041500e+00 0.0000000000e+00
1472 1.3974987600e+00 5.3070104300e+00 0.0000000000e+00
1473 1.4801638000e+00 5.2987715300e+00 0.0000000000e+00
1474 1.5627251900e+00 5.2897886400e+00 0.0000000000e+00
1475 1.6451739900e+00 5.2800630500e+00 0.0000000000e+00
1476 -4.9888622400e-01 4.0881462600e+00 0.0000000000e+00
1477 -4.2845305700e-01 4.0961495700e+00 0.0000000000e+00
1478 -3.5792696600e-01 4.1035860700e+00 0.0000000000e+00
1479 -2.8731478000e-01 4.1104546800e+00 0.0000000000e+00
1480 -2.1662334200e-01 4.1167544100e+00 0.0000000000e+00
1481 -1.4585950400e-01 4.1224843500e+00 0.0000000000e+00
1482 -7.5030128900e-02 4.1276436600e+00 0.0000000000e+00
1483 -4.1420907700e-03 4.1322316000e+00 0.0000000000e+00
1484 6.6797729100e-02 4.1362475000e+00 0.0000000000e+00
1485 1.3778244200e-01 4.1396907800e+00 0.0000000000e+00
1486 2.0880515100e-01 4.1425609400e+00 0.0000000000e+00
1487 2.7985895700e-01 4.1448575800e+00 0.0000000000e+00
1488 3.5093695400e-01 4.1465803400e+00 0.0000000000e+00
1489 4.2203223200e-01 4.1477289900e+00 0.0000000000e+00
1490 4.9313787900e-01 4.1483033500e+00 0.0000000000e+00
1491 5.6424698400e-01 4.1483033500e+00 0.0000000000e+00
1492 6.3535263100e-01 4.1477289900e+00 0.0000000000e+00
1493 7.0644790900e-01 4.1465803400e+00 0.0000000000e+00
1494 7.7752590600e-01 4.1448575700e+00 0.0000000000e+00
1495 8.4857971100e-01 4.1425609400e+00 0.0000000000e+00
1496 9.1960242100e-01 4.1396907800e+00 0.0000000000e+00
1497 9.9058713400e-01 4.1362475000e+00 0.0000000000e+00
1498 1.0615269500e+00 4.1322315900e+00 0.0000000000e+00
1499 1.1324149900e+00 4.1276436600e+00 0.0000000000e+00
1500 1.2032443700e+00 4.1224843400e+00 0.0000000000e+00
1501 1.2740082000e+00 4.1167544100e+00 0.0000000000e+00
1502 1.3446996400e+00 4.1104546800e+00 0.0000000000e+00
1503 1.4153118300e+00 4.1035860600e+00 0.0000000000e+00
1504 1.4858379200e+00 4.0961495600e+00 0.0000000000e+00
1505 -3.6228939500e-01 3.1793386200e+00 0.0000000000e+00
1506 -3.0100553700e-01 3.1854468800e+00 0.0000000000e+00
1507 -2.3965075700e-01 3.1911225500e+00 0.0000000000e+00
1508 -1.7823026900e-01 3.1963647900e+00 0.0000000000e+00
1509 -1.1674929400e-01 3.2011728500e+00 0.0000000000e+00
1510 -5.5213061300e-02 3.2055460300e+00 0.0000000000e+00
1511 6.3731895300e-03 3.2094837100e+00 0.0000000000e+00
1512 6.8004213200e-02 3.2129853000e+00 0.0000000000e+00
1513 1.2967475800e-01 3.2160503000e+00 0.0000000000e+00
1514 1.9137956500e-01 3.2186782800e+00 0.0000000000e+00
1515 2.5311337200e-01 3.2208688300e+00 0.0000000000e+00
1516 3.1487091300e-01 3.2226216600e+00 0.0000000000e+00
1517 3.7664691600e-01 3.2239365000e+00 0.0000000000e+00
1518 4.3843610800e-01 3.2248131700e+00 0.0000000000e+00
1519 5.0023321500e-01 3.2252515400e+00 0.0000000000e+00
1520 5.6203296100e-01 3.2252515400e+00 0.0000000000e+00
1521 6.2383006800e-01 3.2248131700e+00 0.0000000000e+00
1522 6.8561926000e-01 3.2239365000e+00 0.0000000000e+00
1523 7.4739526300e-01 3.2226216600e+00 0.0000000000e+00
1524 8.0915280400e-01 3.2208688300e+00 0.0000000000e+00
1525 8.7088661100e-01 3.2186782700e+00 0.0000000000e+00
1526 9.3259141800e-01 3.2160503000e+00 0.0000000000e+00
1527 9.9426196300e-01 3.2129853000e+00 0.0000000000e+00
1528 1.0558929900e+00 3.2094837100e+00 0.0000000000e+00
1529 1.1174792400e+00 3.2055460300e+00 0.0000000000e+00
1530 1.1790154700e+00 3.2011728500e+00 0.0000000000e+00
1531 1.2404964500e+00 3.1963647800e+00 0.0000000000e+00
1532 1.3019169300e+00 3.1911225400e+00 0.0000000000e+00
1533 1.3632717100e+00 3.1854468800e+00 0.0000000000e+00
1534 -2.5721491500e-01 2.4802558500e+00 0.0000000000e+00
1535 -2.0296898700e-01 2.4849063800e+00 0.0000000000e+00
1536 -1.4866906200e-01 2.4892275500e+00 0.0000000000e+00
1537 -9.4319109700e-02 2.4932187400e+00 0.0000000000e+00
1538 -3.9923105500e-02 2.4968793700e+00 0.0000000000e+00
1539 1.4514968600e-02 2.5002089000e+00 0.0000000000e+00
1540 6.8991124400e-02 2.5032068500e+00 0.0000000000e+00
1541 1.2350136800e-01 2.5058727900e+00 0.0000000000e+00
1542 1.7804170100e-01 2.5082063400e+00 0.0000000000e+00
1543 2.3260812000e-01 2.5102071500e+00 0.0000000000e+00
1544 2.8719661800e-01 2.5118749300e+00 0.0000000000e+00
1545 3.4180318500e-01 2.5132094500e+00 0.0000000000e+00
1546 3.9642380900e-01 2.5142105100e+00 0.0000000000e+00
1547 4.5105447500e-01 2.5148779600e+00 0.0000000000e+00
1548 5.0569116600e-01 2.5152117100e+00 0.0000000000e+00
1549 5.6032986600e-01 2.5152117100e+00 0.0000000000e+00
1550 6.1496655800e-01 2.5148779600e+00 0.0000000000e+00
1551 6.6959722300e-01 2.5142105100e+00 0.0000000000e+00
1552 7.2421784700e-01 2.5132094500e+00 0.0000000000e+00
1553 7.7882441500e-01 2.5118749300e+00 0.0000000000e+00
1554 8.3341291300e-01 2.5102071500e+00 0.0000000000e+00
1555 8.8797933200e-01 2.5082063400e+00 0.0000000000e+00
1556 9.4251966400e-01 2.5058727900e+00 0.0000000000e+00
1557 9.9702990800e-01 2.5032068500e+00 0.0000000000e+00
1558 1.0515060600e+00 2.5002088900e+00 0.0000000000e+00
1559 1.1059441400e+00 2.4968793600e+00 0.0000000000e+00
1560 1.1603401400e+00 2.4932187400e+00 0.0000000000e+00
1561 1.2146900900e+00 2.4892275500e+00 0.0000000000e+00
1562 1.2689900200e+00 2.4849063800e+00 0.0000000000e+00
1563 -1.7638839200e-01 1.9424998600e+00 0.0000000000e+00
1564 -1.2755625500e-01 1.9460290700e+00 0.0000000000e+00
1565 -7.8683141800e-02 1.9493083300e+00 0.0000000000e+00
1566 -2.9772063500e-02 1.9523371600e+00 0.0000000000e+00
1567 1.9173962800e-02 1.9551151400e+00 0.0000000000e+00
1568 6.8151915100e-02 1.9576418600e+00 0.0000000000e+00
1569 1.1715876700e-01 1.9599169500e+00 0.0000000000e+00
1570 1.6619148700e-01 1.9619400900e+00 0.0000000000e+00
1571 2.1524704200e-01 1.9637109700e+00 0.0000000000e+00
1572 2.6432239300e-01 1.9652293500e+00 0.0000000000e+00
1573 3.1341449900e-01 1.9664950000e+00 0.0000000000e+00
1574 3.6252031800e-01 1.9675077400e+00 0.0000000000e+00
1575 4.1163680400e-01 1.9682674300e+00 0.0000000000e+00
1576 4.6076091000e-01 1.9687739400e+00 0.0000000000e+00
1577 5.0988959000e-01 1.9690272200e+00 0.0000000000e+00
1578 5.5901979300e-01 1.9690272200e+00 0.0000000000e+00
1579 6.0814847300e-01 1.9687739400e+00 0.0000000000e+00
1580 6.5727257900e-01 1.9682674300e+00 0.0000000000e+00
1581 7.0638906500e-01 1.9675077400e+00 0.0000000000e+00
1582 7.5549488400e-01 1.9664950000e+00 0.0000000000e+00
1583 8.0458699000e-01 1.9652293500e+00 0.0000000000e+00
1584 8.5366234100e-01 1.9637109700e+00 0.0000000000e+00
1585 9.0271789600e-01 1.9619400900e+00 0.0000000000e+00
1586 9.5175061600e-01 1.9599169500e+00 0.0000000000e+00
1587 1.0007574700e+00 1.9576418600e+00 0.0000000000e+00
1588 1.0497354200e+00 1.9551151400e+00 0.0000000000e+00
1589 1.0986814500e+00 1.9523371600e+00 0.0000000000e+00
1590 1.1475925300e+00 1.9493083200e+00 0.0000000000e+00
1591 1.1964656400e+00 1.9460290700e+00 0.0000000000e+00
1592 -1.1421414600e-01 1.5288414300e+00 0.0000000000e+00
1593 -6.9546463900e-02 1.5315080700e+00 0.0000000000e+00
1594 -2.4847820700e-02 1.5339858600e+00 0.0000000000e+00
1595 1.9879508600e-02 1.5362744300e+00 0.0000000000e+00
1596 6.4633244300e-02 1.5383734500e+00 0.0000000000e+00
1597 1.0941110300e-01 1.5402826200e+00 0.0000000000e+00
1598 1.5421079800e-01 1.5420016700e+00 0.0000000000e+00
1599 1.9903004000e-01 1.5435303300e+00 0.0000000000e+00
1600 2.4386653400e-01 1.5448684000e+00 0.0000000000e+00
1601 2.8871798700e-01 1.5460156800e+00 0.0000000000e+00
1602 3.3358209900e-01 1.5469719900e+00 0.0000000000e+00
1603 3.7845657300e-01 1.5477372100e+00 0.0000000000e+00
1604 4.2333910700e-01 1.5483112300e+00 0.0000000000e+00
1605 4.6822739900e-01 1.5486939500e+00 0.0000000000e+00
1606 5.1311914600e-01 1.5488853200e+00 0.0000000000e+00
1607 5.5801204500e-01 1.5488853200e+00 0.0000000000e+00
1608 6.0290379200e-01 1.5486939500e+00 0.0000000000e+00
1609 6.4779208400e-01 1.5483112300e+00 0.0000000000e+00
1610 6.9267461800e-01 1.5477372100e+00 0.0000000000e+00
1611 7.3754909200e-01 1.5469719900e+00 0.0000000000e+00
1612 7.8241320500e-01 1.5460156800e+00 0.0000000000e+00
1613 8.2726465800e-01 1.5448684000e+00 0.0000000000e+00
1614 8.7210115200e-01 1.5435303300e+00 0.0000000000e+00
1615 9.1692039300e-01 1.5420016700e+00 0.0000000000e+00
1616 9.6172008800e-01 1.5402826200e+00 0.0000000000e+00
1617 1.0064979500e+00 1.5383734500e+00 0.0000000000e+00
1618 1.0512516800e+00 1.5362744300e+00 0.0000000000e+00
1619 1.0959790100e+00 1.5339858600e+00 0.0000000000e+00
1620 1.1406776600e+00 1.5315080700e+00 0.0000000000e+00
1621 -6.6387799200e-02 1.2106426200e+00 0.0000000000e+00
1622 -2.4923544800e-02 1.2126457500e+00 0.0000000000e+00
1623 1.6563967300e-02 1.2145070200e+00 0.0000000000e+00
1624 5.8073027900e-02 1.2162261500e+00 0.0000000000e+00
1625 9.9601924600e-02 1.2178029000e+00 0.0000000000e+00
1626 1.4114894200e-01 1.2192370300e+00 0.0000000000e+00
1627 1.8271236300e-01 1.2205283500e+00 0.0000000000e+00
1628 2.2429046600e-01 1.2216766500e+00 0.0000000000e+00
1629 2.6588152900e-01 1.2226817900e+00 0.0000000000e+00
1630 3.0748382900e-01 1.2235436000e+00 0.0000000000e+00
1631 3.4909563900e-01 1.2242619700e+00 0.0000000000e+00
1632 3.9071523200e-01 1.2248367900e+00 0.0000000000e+00
1633 4.3234088000e-01 1.2252679800e+00 0.0000000000e+00
1634 4.7397085200e-01 1.2255554700e+00 0.0000000000e+00
1635 5.1560342100e-01 1.2256992300e+00 0.0000000000e+00
1636 5.5723685400e-01 1.2256992300e+00 0.0000000000e+00
1637 5.9886942300e-01 1.2255554700e+00 0.0000000000e+00
1638 6.4049939600e-01 1.2252679800e+00 0.0000000000e+00
1639 6.8212504300e-01 1.2248367900e+00 0.0000000000e+00
1640 7.2374463600e-01 1.2242619700e+00 0.0000000000e+00
1641 7.6535644600e-01 1.2235436000e+00 0.0000000000e+00
1642 8.0695874600e-01 1.2226817900e+00 0.0000000000e+00
1643 8.4854980900e-01 1.2216766500e+00 0.0000000000e+00
1644 8.9012791200e-01 1.2205283500e+00 0.0000000000e+00
1645 9.3169133300e-01 1.2192370300e+00 0.0000000000e+00
1646 9.7323835000e-01 1.2178029000e+00 0.0000000000e+00
1647 1.0147672500e+00 1.2162261500e+00 0.0000000000e+00
1648 1.0562763100e+00 1.2145070200e+00 0.0000000000e+00
1649 1.0977638200e+00 1.2126457500e+00 0.0000000000e+00
1650 -2.9598304100e-02 9.6587431200e-01 0.0000000000e+00
1651 9.4017756000e-03 9.6736705400e-01 0.0000000000e+00
1652 4.8419187000e-02 9.6875407800e-01 0.0000000000e+00
1653 8.7452656500e-02 9.7003518100e-01 0.0000000000e+00
1654 1.2650090800e-01 9.7121018000e-01 0.0000000000e+00
1655 1.6556266300e-01 9.7227890200e-01 0.0000000000e+00
1656 2.0463664200e-01 9.7324119400e-01 0.0000000000e+00
1657 2.4372156200e-01 9.7409691700e-01 0.0000000000e+00
1658 2.8281614000e-01 9.7484594500e-01 0.0000000000e+00
1659 3.2191909200e-01 9.7548817100e-01 0.0000000000e+00
1660 3.6102913000e-01 9.7602350200e-01 0.0000000000e+00
1661 4.0014496900e-01 9.7645185900e-01 0.0000000000e+00
1662 4.3926531900e-01 9.7677318200e-01 0.0000000000e+00
1663 4.7838889300e-01 9.7698742200e-01 0.0000000000e+00
1664 5.1751440100e-01 9.7709455100e-01 0.0000000000e+00
1665 5.5664055400e-01 9.7709455100e-01 0.0000000000e+00
1666 5.9576606100e-01 9.7698742200e-01 0.0000000000e+00
1667 6.3488963500e-01 9.7677318200e-01 0.0000000000e+00
1668 6.7400998600e-01 9.7645185900e-01 0.0000000000e+00
1669 7.1312582400e-01 9.7602350200e-01 0.0000000000e+00
1670 7.5223586300e-01 9.7548817100e-01 0.0000000000e+00
1671 7.9133881400e-01 9.7484594500e-01 0.0000000000e+00
1672 8.3043339300e-01 9.7409691600e-01 0.0000000000e+00
1673 8.6951831300e-01 9.7324119400e-01 0.0000000000e+00
1674 9.0859229200e-01 9.7227890200e-01 0.0000000000e+00
1675 9.4765404700e-01 9.7121017900e-01 0.0000000000e+00
1676 9.8670229800e-01 9.7003518100e-01 0.0000000000e+00
1677 1.0257357700e+00 9.6875407700e-01 0.0000000000e+00
1678 1.0647531800e+00 9.6736705400e-01 0.0000000000e+00
1679 -1.2986918600e-03 7.7759099600e-01 0.0000000000e+00
1680 3.5805868800e-02 7.7869113000e-01 0.0000000000e+00
1681 7.2923202800e-02 7.7971335000e-01 0.0000000000e+00
1682 1.1005237100e-01 7.8065750800e-01 0.0000000000e+00
1683 1.4719243400e-01 7.8152346800e-01 0.0000000000e+00
1684 1.8434244900e-01 7.8231110500e-01 0.0000000000e+00
1685 2.2150147200e-01 7.8302030300e-01 0.0000000000e+00
1686 2.5866855900e-01 7.8365096000e-01 0.0000000000e+00
1687 2.9584276400e-01 7.8420298500e-01 0.0000000000e+00
1688 3.3302314000e-01 7.8467629800e-01 0.0000000000e+00
1689 3.7020873900e-01 7.8507083100e-01 0.0000000000e+00
1690 4.0739861300e-01 7.8538652500e-01 0.0000000000e+00
1691 4.4459181200e-01 7.8562333600e-01 0.0000000000e+00
1692 4.8178738600e-01 7.8578122900e-01 0.0000000000e+00
1693 5.1898438600e-01 7.8586018100e-01 0.0000000000e+00
1694 5.5618186100e-01 7.8586018100e-01 0.0000000000e+00
1695 5.9337886000e-01 7.8578122900e-01 0.0000000000e+00
1696 6.3057443500e-01 7.8562333600e-01 0.0000000000e+00
1697 6.6776763400e-01 7.8538652500e-01 0.0000000000e+00
1698 7.0495750700e-01 7.8507083000e-01 0.0000000000e+00
1699 7.4214310600e-01 7.8467629800e-01 0.0000000000e+00
1700 7.7932348200e-01 7.8420298500e-01 0.0000000000e+00
1701 8.1649768700e-01 7.8365096000e-01 0.0000000000e+00
1702 8.5366477500e-01 7.8302030200e-01 0.0000000000e+00
1703 8.9082379800e-01 7.8231110400e-01 0.0000000000e+00
1704 9.2797381300e-01 7.8152346800e-01 0.0000000000e+00
1705 9.6511387500e-01 7.8065750800e-01 0.0000000000e+00
1706 1.0022430400e+00 7.7971335000e-01 0.0000000000e+00
1707 1.0393603800e+00 7.7869112900e-01 0.0000000000e+00
1708 2.0470240800e-02 6.3275767500e-01 0.0000000000e+00
1709 5.6116709900e-02 6.3355580200e-01 0.0000000000e+00
1710 9.1772445800e-02 6.3429740400e-01 0.0000000000e+00
1711 1.2743676700e-01 6.3498237400e-01 0.0000000000e+00
1712 1.6310899300e-01 6.3561061200e-01 0.0000000000e+00
1713 1.9878843800e-01 6.3618202800e-01 0.0000000000e+00
1714 2.3447441800e-01 6.3669653800e-01 0.0000000000e+00
1715 2.7016624900e-01 6.3715406900e-01 0.0000000000e+00
1716 3.0586324400e-01 6.3755455300e-01 0.0000000000e+00
1717 3.4156471600e-01 6.3789793300e-01 0.0000000000e+00
1718 3.7726997700e-01 6.3818415900e-01 0.0000000000e+00
1719 4.1297833900e-01 6.3841319000e-01 0.0000000000e+00
1720 4.4868911400e-01 6.3858499200e-01 0.0000000000e+00
1721 4.8440161100e-01 6.3869954000e-01 0.0000000000e+00
1722 5.2011514300e-01 6.3875681900e-01 0.0000000000e+00
1723 5.5582902000e-01 6.3875681900e-01 0.0000000000e+00
1724 5.9154255200e-01 6.3869954000e-01 0.0000000000e+00
1725 6.2725505000e-01 6.3858499200e-01 0.0000000000e+00
1726 6.6296582400e-01 6.3841319000e-01 0.0000000000e+00
1727 6.9867418600e-01 6.3818415900e-01 0.0000000000e+00
1728 7.3437944700e-01 6.3789793300e-01 0.0000000000e+00
1729 7.7008091900e-01 6.3755455300e-01 0.0000000000e+00
1730 8.0577791400e-01 6.3715406900e-01 0.0000000000e+00
1731 8.4146974500e-01 6.3669653800e-01 0.0000000000e+00
1732 8.7715572600e-01 6.3618202800e-01 0.0000000000e+00
1733 9.1283517100e-01 6.3561061200e-01 0.0000000000e+00
1734 9.4850739600e-01 6.3498237400e-01 0.0000000000e+00
1735 9.8417171800e-01 6.3429740400e-01 0.0000000000e+00
1736 1.0198274500e+00 6.3355580200e-01 0.0000000000e+00
1737 3.7215575000e-02 5.2134742000e-01 0.0000000000e+00
1738 7.1740435100e-02 5.2191323400e-01 0.0000000000e+00
1739 1.0627186500e-01 5.2243897600e-01 0.0000000000e+00
1740 1.4080938100e-01 5.2292457000e-01 0.0000000000e+00
1741 1.7535250000e-01 5.2336994500e-01 0.0000000000e+00
1742 2.0990073800e-01 5.2377503700e-01 0.0000000000e+00
1743 2.4445360900e-01 5.2413978800e-01 0.0000000000e+00
1744 2.7901062700e-01 5.2446414400e-01 0.0000000000e+00
1745 3.1357130600e-01 5.2474805800e-01 0.0000000000e+00
1746 3.4813515900e-01 5.2499149000e-01 0.0000000000e+00
1747 3.8270169900e-01 5.2519440300e-01 0.0000000000e+00
1748 4.1727043600e-01 5.2535676900e-01 0.0000000000e+00
1749 4.5184088400e-01 5.2547856400e-01 0.0000000000e+00
1750 4.8641255400e-01 5.2555977100e-01 0.0000000000e+00
1751 5.2098495700e-01 5.2560037700e-01 0.0000000000e+00
1752 5.5555760400e-01 5.2560037700e-01 0.0000000000e+00
1753 5.9013000700e-01 5.2555977100e-01 0.0000000000e+00
1754 6.2470167700e-01 5.2547856400e-01 0.0000000000e+00
1755 6.5927212500e-01 5.2535676900e-01 0.0000000000e+00
1756 6.9384086200e-01 5.2519440300e-01 0.0000000000e+00
1757 7.2840740200e-01 5.2499149000e-01 0.0000000000e+00
1758 7.6297125500e-01 5.2474805800e-01 0.0000000000e+00
1759 7.9753193400e-01 5.2446414400e-01 0.0000000000e+00
1760 8.3208895200e-01 5.2413978800e-01 0.0000000000e+00
1761 8.6664182300e-01 5.2377503700e-01 0.0000000000e+00
1762 9.0119006100e-01 5.2336994500e-01 0.0000000000e+00
1763 9.3573318000e-01 5.2292457000e-01 0.0000000000e+00
1764 9.7027069600e-01 5.2243897600e-01 0.0000000000e+00
1765 1.0048021300e+00 5.2191323400e-01 0.0000000000e+00
1766 5.0096601700e-02 4.3564722000e-01 0.0000000000e+00
1767 8.3758685600e-02 4.3603433200e-01 0.0000000000e+00
1768 1.1742526400e-01 4.3639402800e-01 0.0000000000e+00
1769 1.5109600700e-01 4.3672625600e-01 0.0000000000e+00
1770 1.8477058300e-01 4.3703096800e-01 0.0000000000e+00
1771 2.1844866100e-01 4.3730811900e-01 0.0000000000e+00
1772 2.5212990900e-01 4.3755766900e-01 0.0000000000e+00
1773 2.8581399500e-01 4.3777958300e-01 0.0000000000e+00
1774 3.1950058500e-01 4.3797382800e-01 0.0000000000e+00
1775 3.5318934700e-01 4.3814037600e-01 0.0000000000e+00
1776 3.8687994600e-01 4.3827920300e-01 0.0000000000e+00
1777 4.2057205000e-01 4.3839028900e-01 0.0000000000e+00
1778 4.5426532400e-01 4.3847361700e-01 0.0000000000e+00
1779 4.8795943300e-01 4.3852917600e-01 0.0000000000e+00
1780 5.2165404400e-01 4.3855695800e-01 0.0000000000e+00
1781 5.5534882300e-01 4.3855695800e-01 0.0000000000e+00
1782 5.8904343400e-01 4.3852917600e-01 0.0000000000e+00
1783 6.2273754300e-01 4.3847361700e-01 0.0000000000e+00
1784 6.5643081700e-01 4.3839028900e-01 0.0000000000e+00
1785 6.9012292100e-01 4.3827920300e-01 0.0000000000e+00
1786 7.2381352000e-01 4.3814037600e-01 0.0000000000e+00
1787 7.5750228200e-01 4.3797382800e-01 0.0000000000e+00
1788 7.9118887200e-01 4.3777958300e-01 0.0000000000e+00
1789 8.2487295700e-01 4.3755766900e-01 0.0000000000e+00
1790 8.5855420500e-01 4.3730811900e-01 0.0000000000e+00
1791 8.9223228400e-01 4.3703096800e-01 0.0000000000e+00
1792 9.2590686000e-01 4.3672625600e-01 0.0000000000e+00
1793 9.5957760300e-01 4.3639402800e-01 0.0000000000e+00
1794 9.9324418100e-01 4.3603433200e-01 0.0000000000e+00
1795 6.0005082300e-02 3.6972400000e-01 0.0000000000e+00
1796 9.3003492300e-02 3.6997364900e-01 0.0000000000e+00
1797 1.2600480100e-01 3.7020561700e-01 0.0000000000e+00
1798 1.5900879500e-01 3.7041987100e-01 0.0000000000e+00
1799 1.9201526100e-01 3.7061637900e-01 0.0000000000e+00
1800 2.2502398600e-01 3.7079511400e-01 0.0000000000e+00
1801 2.5803475500e-01 3.7095604900e-01 0.0000000000e+00
1802 2.9104735400e-01 3.7109916200e-01 0.0000000000e+00
1803 3.2406156800e-01 3.7122443100e-01 0.0000000000e+00
1804 3.5707718300e-01 3.7133183800e-01 0.0000000000e+00
1805 3.9009398300e-01 3.7142136700e-01 0.0000000000e+00
1806 4.2311175200e-01 3.7149300600e-01 0.0000000000e+00
1807 4.5613027700e-01 3.7154674500e-01 0.0000000000e+00
1808 4.8914934000e-01 3.7158257500e-01 0.0000000000e+00
1809 5.2216872700e-01 3.7160049100e-01 0.0000000000e+00
1810 5.5518822100e-01 3.7160049100e-01 0.0000000000e+00
1811 5.8820760800e-01 3.7158257500e-01 0.0000000000e+00
1812 6.2122667200e-01 3.7154674500e-01 0.0000000000e+00
1813 6.5424519600e-01 3.7149300600e-01 0.0000000000e+00
1814 6.8726296600e-01 3.7142136700e-01 0.0000000000e+00
1815 7.2027976500e-01 3.7133183800e-01 0.0000000000e+00
1816 7.5329538000e-01 3.7122443100e-01 0.0000000000e+00
1817 7.8630959400e-01 3.7109916200e-01 0.0000000000e+00
1818 8.1932219300e-01 3.7095604900e-01 0.0000000000e+00
1819 8.5233296200e-01 3.7079511400e-01 0.0000000000e+00
1820 8.8534168700e-01 3.7061637900e-01 0.0000000000e+00
1821 9.1834815300e-01 3.7041987000e-01 0.0000000000e+00
1822 9.5135214700e-01 3.7020561700e-01 0.0000000000e+00
1823 9.8435345600e-01 3.6997364800e-01 0.0000000000e+00
1824 6.7626989100e-02 3.1901383900e-01 0.0000000000e+00
1825 1.0011488100e-01 3.1915774700e-01 0.0000000000e+00
1826 1.3260444300e-01 3.1929146300e-01 0.0000000000e+00
1827 1.6509555400e-01 3.1941496800e-01 0.0000000000e+00
1828 1.9758809000e-01 3.1952824300e-01 0.0000000000e+00
1829 2.3008192700e-01 3.1963127300e-01 0.0000000000e+00
1830 2.6257694300e-01 3.1972404300e-01 0.0000000000e+00
1831 2.9507301400e-01 3.1980653900e-01 0.0000000000e+00
1832 3.2757001600e-01 3.1987874900e-01 0.0000000000e+00
1833 3.6006782500e-01 3.1994066300e-01 0.0000000000e+00
1834 3.9256631800e-01 3.1999227100e-01 0.0000000000e+00
1835 4.2506536900e-01 3.2003356700e-01 0.0000000000e+00
1836 4.5756485600e-01 3.2006454400e-01 0.0000000000e+00
1837 4.9006465300e-01 3.2008519800e-01 0.0000000000e+00
1838 5.2256463600e-01 3.2009552600e-01 0.0000000000e+00
1839 5.5506468200e-01 3.2009552600e-01 0.0000000000e+00
1840 5.8756466600e-01 3.2008519800e-01 0.0000000000e+00
1841 6.2006446300e-01 3.2006454400e-01 0.0000000000e+00
1842 6.5256394900e-01 3.2003356700e-01 0.0000000000e+00
1843 6.8506300100e-01 3.1999227100e-01 0.0000000000e+00
1844 7.1756149300e-01 3.1994066300e-01 0.0000000000e+00
1845 7.5005930200e-01 3.1987874900e-01 0.0000000000e+00
1846 7.8255630400e-01 3.1980653900e-01 0.0000000000e+00
1847 8.1505237500e-01 3.1972404300e-01 0.0000000000e+00
1848 8.4754739100e-01 3.1963127300e-01 0.0000000000e+00
1849 8.8004122900e-01 3.1952824300e-01 0.0000000000e+00
1850 9.1253376400e-01 3.1941496800e-01 0.0000000000e+00
1851 9.4502487500e-01 3.1929146300e-01 0.0000000000e+00
1852 9.7751443800e-01 3.1915774700e-01 0.0000000000e+00
1853 7.3489993500e-02 2.8000602900e-01 0.0000000000e+00
1854 1.0558517900e-01 2.8006859700e-01 0.0000000000e+00
1855 1.3768109100e-01 2.8012673500e-01 0.0000000000e+00
1856 1.6977767600e-01 2.8018043200e-01 0.0000000000e+00
1857 2.0187488000e-01 2.8022968300e-01 0.0000000000e+00
1858 2.3397265100e-01 2.8027447800e-01 0.0000000000e+00
1859 2.6607093400e-01 2.8031481300e-01 0.0000000000e+00
1860 2.9816967500e-01 2.8035068100e-01 0.0000000000e+00
1861 3.3026882200e-01 2.8038207700e-01 0.0000000000e+00
1862 3.6236831900e-01 2.8040899600e-01 0.0000000000e+00
1863 3.9446811400e-01 2.8043143400e-01 0.0000000000e+00
1864 4.2656815100e-01 2.8044938900e-01 0.0000000000e+00
1865 4.5866837800e-01 2.8046285700e-01 0.0000000000e+00
1866 4.9076873900e-01 2.8047183700e-01 0.0000000000e+00
1867 5.2286918200e-01 2.8047632700e-01 0.0000000000e+00
1868 5.5496965200e-01 2.8047632700e-01 0.0000000000e+00
1869 5.8707009500e-01 2.8047183700e-01 0.0000000000e+00
1870 6.1917045600e-01 2.8046285700e-01 0.0000000000e+00
1871 6.5127068300e-01 2.8044938900e-01 0.0000000000e+00
1872 6.8337072100e-01 2.8043143400e-01 0.0000000000e+00
1873 7.1547051500e-01 2.8040899600e-01 0.0000000000e+00
1874 7.4757001200e-01 2.8038207700e-01 0.0000000000e+00
1875 7.7966915900e-01 2.8035068100e-01 0.0000000000e+00
1876 8.1176790000e-01 2.8031481300e-01 0.0000000000e+00
1877 8.4386618300e-01 2.8027447800e-01 0.0000000000e+00
1878 8.7596395400e-01 2.8022968300e-01 0.0000000000e+00
1879 9.0806115800e-01 2.8018043200e-01 0.0000000000e+00
1880 9.4015774300e-01 2.8012673500e-01 0.0000000000e+00
1881 9.7225365500e-01 2.8006859700e-01 0.0000000000e+00
1882 -2.1047226700e+00 -1.4772116300e+01 0.0000000000e+00
1883 -1.5975481900e+00 -1.1397777100e+01 0.0000000000e+00
1884 -1.4535262200e+00 -1.1421022400e+01 0.0000000000e+00
1885 -1.9267299500e+00 -1.4802397800e+01 0.0000000000e+00
1886 -1.3092343500e+00 -1.1442621500e+01 0.0000000000e+00
1887 -1.7483856400e+00 -1.4830534800e+01 0.0000000000e+00
1888 -1.1646924300e+00 -1.1462571200e+01 0.0000000000e+00
1889 -1.5697155900e+00 -1.4856523100e+01 0.0000000000e+00
1890 -1.0199203100e+00 -1.1480868600e+01 0.0000000000e+00
1891 -1.3907456700e+00 -1.4880358900e+01 0.0000000000e+00
1892 -8.7493791800e-01 -1.1497511000e+01 0.0000000000e+00
1893 -1.2115018100e+00 -1.4902038800e+01 0.0000000000e+00
1894 -7.2976517300e-01 -1.1512496000e+01 0.0000000000e+00
1895 -1.0320100000e+00 -1.4921559800e+01 0.0000000000e+00
1896 -5.8442204100e-01 -1.1525821600e+01 0.0000000000e+00
1897 -8.5229621700e-01 -1.4938918800e+01 0.0000000000e+00
1898 -4.3892851200e-01 -1.1537485600e+01 0.0000000000e+00
1899 -6.7238651500e-01 -1.4954113500e+01 0.0000000000e+00
1900 -2.9330459300e-01 -1.1547486500e+01 0.0000000000e+00
1901 -4.9230695500e-01 -1.4967141600e+01 0.0000000000e+00
1902 -1.4757031200e-01 -1.1555822800e+01 0.0000000000e+00
1903 -3.1208362900e-01 -1.4978001200e+01 0.0000000000e+00
1904 -1.7457134400e-03 -1.1562493300e+01 0.0000000000e+00
1905 -1.3174264600e-01 -1.4986690800e+01 0.0000000000e+00
1906 1.4414914600e-01 -1.1567497000e+01 0.0000000000e+00
1907 4.8689864200e-02 -1.4993209100e+01 0.0000000000e+00
1908 2.9009419800e-01 -1.1570833200e+01 0.0000000000e+00
1909 2.2918776100e-01 -1.4997555200e+01 0.0000000000e+00
1910 4.3606937000e-01 -1.1572501400e+01 0.0000000000e+00
1911 4.0972489400e-01 -1.4999728300e+01 0.0000000000e+00
1912 5.8205458100e-01 -1.1572501400e+01 0.0000000000e+00
1913 5.9027510600e-01 -1.4999728300e+01 0.0000000000e+00
1914 7.2802975300e-01 -1.1570833200e+01 0.0000000000e+00
1915 7.7081223900e-01 -1.4997555200e+01 0.0000000000e+00
1916 8.7397480500e-01 -1.1567497000e+01 0.0000000000e+00
1917 9.5131013600e-01 -1.4993209100e+01 0.0000000000e+00
1918 1.0198696600e+00 -1.1562493300e+01 0.0000000000e+00
1919 1.1317426500e+00 -1.4986690800e+01 0.0000000000e+00
1920 1.1656942600e+00 -1.1555822800e+01 0.0000000000e+00
1921 1.3120836300e+00 -1.4978001200e+01 0.0000000000e+00
1922 1.3114285400e+00 -1.1547486400e+01 0.0000000000e+00
1923 1.4923069600e+00 -1.4967141600e+01 0.0000000000e+00
1924 1.4570524600e+00 -1.1537485500e+01 0.0000000000e+00
1925 1.6723865100e+00 -1.4954113500e+01 0.0000000000e+00
1926 1.6025459900e+00 -1.1525821500e+01 0.0000000000e+00
1927 1.8522962200e+00 -1.4938918800e+01 0.0000000000e+00
1928 1.7478891200e+00 -1.1512495900e+01 0.0000000000e+00
1929 2.0320100000e+00 -1.4921559800e+01 0.0000000000e+00
1930 1.8930618700e+00 -1.1497510900e+01 0.0000000000e+00
1931 2.2115018100e+00 -1.4902038800e+01 0.0000000000e+00
1932 2.0380442700e+00 -1.1480868400e+01 0.0000000000e+00
1933 2.3907456700e+00 -1.4880358900e+01 0.0000000000e+00
1934 2.1828163800e+00 -1.1462571100e+01 0.0000000000e+00
1935 2.5697155900e+00 -1.4856523100e+01 0.0000000000e+00
1936 2.3273583000e+00 -1.1442621400e+01 0.0000000000e+00
1937 2.7483856400e+00 -1.4830534800e+01 0.0000000000e+00
1938 2.4716501700e+00 -1.1421022300e+01 0.0000000000e+00
1939 2.9267299500e+00 -1.4802397800e+01 0.0000000000e+00
1940 -1.2074139800e+00 -8.8021315300e+00 0.0000000000e+00
1941 -1.0895233500e+00 -8.8199644400e+00 0.0000000000e+00
1942 -9.7142566800e-01 -8.8365343900e+00 0.0000000000e+00
1943 -8.5313615000e-01 -8.8518389800e+00 0.0000000000e+00
1944 -7.3467004100e-01 -8.8658759900e+00 0.0000000000e+00
1945 -6.1604261000e-01 -8.8786433900e+00 0.0000000000e+00
1946 -4.9726915200e-01 -8.8901393200e+00 0.0000000000e+00
1947 -3.7836498100e-01 -8.9003621300e+00 0.0000000000e+00
1948 -2.5934543000e-01 -8.9093103200e+00 0.0000000000e+00
1949 -1.4022584900e-01 -8.9169826100e+00 0.0000000000e+00
1950 -2.1021603700e-02 -8.9233778900e+00 0.0000000000e+00
1951 9.8251930100e-02 -8.9284952100e+00 0.0000000000e+00
1952 2.1757936500e-01 -8.9323338600e+00 0.0000000000e+00
1953 3.3694530600e-01 -8.9348932600e+00 0.0000000000e+00
1954 4.5633435400e-01 -8.9361730500e+00 0.0000000000e+00
1955 5.7573110400e-01 -8.9361730400e+00 0.0000000000e+00
1956 6.9512015100e-01 -8.9348932300e+00 0.0000000000e+00
1957 8.1448609300e-01 -8.9323338200e+00 0.0000000000e+00
1958 9.3381352800e-01 -8.9284951600e+00 0.0000000000e+00
1959 1.0530870600e+00 -8.9233778100e+00 0.0000000000e+00
1960 1.1722913100e+00 -8.9169825200e+00 0.0000000000e+00
1961 1.2914108900e+00 -8.9093102100e+00 0.0000000000e+00
1962 1.4104304400e+00 -8.9003620000e+00 0.0000000000e+00
1963 1.5293346100e+00 -8.8901391800e+00 0.0000000000e+00
1964 1.6481080700e+00 -8.8786432300e+00 0.0000000000e+00
1965 1.7667355000e+00 -8.8658758200e+00 0.0000000000e+00
1966 1.8852016100e+00 -8.8518387900e+00 0.0000000000e+00
1967 2.0034911300e+00 -8.8365341900e+00 0.0000000000e+00
1968 2.1215888100e+00 -8.8199642200e+00 0.0000000000e+00
1969 -9.0731074300e-01 -6.8054811100e+00 0.0000000000e+00
1970 -8.0952114400e-01 -6.8191506000e+00 0.0000000000e+00
1971 -7.1157283400e-01 -6.8318520000e+00 0.0000000000e+00
1972 -6.1347747500e-01 -6.8435834500e+00 0.0000000000e+00
1973 -5.1524675300e-01 -6.8543432600e+00 0.0000000000e+00
1974 -4.1689237400e-01 -6.8641298700e+00 0.0000000000e+00
1975 -3.1842606000e-01 -6.8729418700e+00 0.0000000000e+00
1976 -2.1985955000e-01 -6.8807779700e+00 0.0000000000e+00
1977 -1.2120459700e-01 -6.8876370400e+00 0.0000000000e+00
1978 -2.2472969100e-02 -6.8935181000e+00 0.0000000000e+00
1979 7.6323557500e-02 -6.8984202700e+00 0.0000000000e+00
1980 1.7517319600e-01 -6.9023428700e+00 0.0000000000e+00
1981 2.7406415100e-01 -6.9052853000e+00 0.0000000000e+00
1982 3.7298462200e-01 -6.9072471600e+00 0.0000000000e+00
1983 4.7192280600e-01 -6.9082281600e+00 0.0000000000e+00
1984 5.7086689300e-01 -6.9082281500e+00 0.0000000000e+00
1985 6.6980507600e-01 -6.9072471400e+00 0.0000000000e+00
1986 7.6872554700e-01 -6.9052852600e+00 0.0000000000e+00
1987 8.6761650200e-01 -6.9023428000e+00 0.0000000000e+00
1988 9.6646614100e-01 -6.8984201900e+00 0.0000000000e+00
1989 1.0652626700e+00 -6.8935179900e+00 0.0000000000e+00
1990 1.1639943000e+00 -6.8876369200e+00 0.0000000000e+00
1991 1.2626492500e+00 -6.8807778300e+00 0.0000000000e+00
1992 1.3612157600e+00 -6.8729417100e+00 0.0000000000e+00
1993 1.4596820700e+00 -6.8641296900e+00 0.0000000000e+00
1994 1.5580364500e+00 -6.8543430600e+00 0.0000000000e+00
1995 1.6562671700e+00 -6.8435832300e+00 0.0000000000e+00
1996 1.7543625300e+00 -6.8318517600e+00 0.0000000000e+00
1997 1.8523108400e+00 -6.8191503500e+00 0.0000000000e+00
1998 -6.7646210100e-01 -5.2695961900e+00 0.0000000000e+00
1999 -5.9413483300e-01 -5.2800630500e+00 0.0000000000e+00
2000 -5.1168603900e-01 -5.2897886300e+00 0.0000000000e+00
2001 -4.2912464900e-01 -5.2987715100e+00 0.0000000000e+00
2002 -3.4645961000e-01 -5.3070104000e+00 0.0000000000e+00
2003 -2.6369988500e-01 -5.3145041000e+00 0.0000000000e+00
2004 -1.8085445000e-01 -5.3212515300e+00 0.0000000000e+00
2005 -9.7932294900e-02 -5.3272517100e+00 0.0000000000e+00
2006 -1.4942418300e-02 -5.3325037700e+00 0.0000000000e+00
2007 6.8106169800e-02 -5.3370069500e+00 0.0000000000e+00
2008 1.5120445100e-01 -5.3407605900e+00 0.0000000000e+00
2009 2.3434340100e-01 -5.3437641600e+00 0.0000000000e+00
2010 3.1751398700e-01 -5.3460172100e+00 0.0000000000e+00
2011 4.0070717400e-01 -5.3475194200e+00 0.0000000000e+00
2012 4.8391392400e-01 -5.3482705800e+00 0.0000000000e+00
2013 5.6712519400e-01 -5.3482705700e+00 0.0000000000e+00
2014 6.5033194300e-01 -5.3475193900e+00 0.0000000000e+00
2015 7.3352513000e-01 -5.3460171600e+00 0.0000000000e+00
2016 8.1669571600e-01 -5.3437640900e+00 0.0000000000e+00
2017 8.9983466600e-01 -5.3407605100e+00 0.0000000000e+00
2018 9.8293294700e-01 -5.3370068400e+00 0.0000000000e+00
2019 1.0659815400e+00 -5.3325036500e+00 0.0000000000e+00
2020 1.1489714100e+00 -5.3272515700e+00 0.0000000000e+00
2021 1.2318935700e+00 -5.3212513700e+00 0.0000000000e+00
2022 1.3147390000e+00 -5.3145039300e+00 0.0000000000e+00
2023 1.3974987300e+00 -5.3070102000e+00 0.0000000000e+00
2024 1.4801637700e+00 -5.2987712900e+00 0.0000000000e+00
2025 1.5627251600e+00 -5.2897883900e+00 0.0000000000e+00
2026 1.6451739500e+00 -5.2800627900e+00 0.0000000000e+00
2027 -4.9888622400e-01 -4.0881462600e+00 0.0000000000e+00
2028 -4.2845305800e-01 -4.0961495600e+00 0.0000000000e+00
2029 -3.5792696800e-01 -4.1035860500e+00 0.0000000000e+00
2030 -2.8731478400e-01 -4.1104546600e+00 0.0000000000e+00
2031 -2.1662334700e-01 -4.1167543800e+00 0.0000000000e+00
2032 -1.4585951000e-01 -4.1224843000e+00 0.0000000000e+00
2033 -7.5030136500e-02 -4.1276436100e+00 0.0000000000e+00
2034 -4.1420996400e-03 -4.1322315400e+00 0.0000000000e+00
2035 6.6797719000e-02 -4.1362474300e+00 0.0000000000e+00
2036 1.3778243000e-01 -4.1396907000e+00 0.0000000000e+00
2037 2.0880513900e-01 -4.1425608600e+00 0.0000000000e+00
2038 2.7985894300e-01 -4.1448574800e+00 0.0000000000e+00
2039 3.5093693800e-01 -4.1465802300e+00 0.0000000000e+00
2040 4.2203221500e-01 -4.1477288700e+00 0.0000000000e+00
2041 4.9313786100e-01 -4.1483032300e+00 0.0000000000e+00
2042 5.6424696500e-01 -4.1483032200e+00 0.0000000000e+00
2043 6.3535261100e-01 -4.1477288500e+00 0.0000000000e+00
2044 7.0644788800e-01 -4.1465801900e+00 0.0000000000e+00
2045 7.7752588300e-01 -4.1448574200e+00 0.0000000000e+00
2046 8.4857968700e-01 -4.1425607800e+00 0.0000000000e+00
2047 9.1960239600e-01 -4.1396906000e+00 0.0000000000e+00
2048 9.9058710700e-01 -4.1362473100e+00 0.0000000000e+00
2049 1.0615269300e+00 -4.1322314000e+00 0.0000000000e+00
2050 1.1324149600e+00 -4.1276434500e+00 0.0000000000e+00
2051 1.2032443400e+00 -4.1224841300e+00 0.0000000000e+00
2052 1.2740081700e+00 -4.1167541900e+00 0.0000000000e+00
2053 1.3446996100e+00 -4.1104544500e+00 0.0000000000e+00
2054 1.4153117900e+00 -4.1035858300e+00 0.0000000000e+00
2055 1.4858378800e+00 -4.0961493200e+00 0.0000000000e+00
2056 -3.6228939500e-01 -3.1793386200e+00 0.0000000000e+00
2057 -3.0100553800e-01 -3.1854468700e+00 0.0000000000e+00
2058 -2.3965076000e-01 -3.1911225300e+00 0.0000000000e+00
2059 -1.7823027300e-01 -3.1963647600e+00 0.0000000000e+00
2060 -1.1674929900e-01 -3.2011728200e+00 0.0000000000e+00
2061 -5.5213067400e-02 -3.2055459900e+00 0.0000000000e+00
2062 6.3731821900e-03 -3.2094836600e+00 0.0000000000e+00
2063 6.8004204600e-02 -3.2129852400e+00 0.0000000000e+00
2064 1.2967474800e-01 -3.2160502400e+00 0.0000000000e+00
2065 1.9137955400e-01 -3.2186782000e+00 0.0000000000e+00
2066 2.5311336000e-01 -3.2208687500e+00 0.0000000000e+00
2067 3.1487089900e-01 -3.2226215700e+00 0.0000000000e+00
2068 3.7664690100e-01 -3.2239364000e+00 0.0000000000e+00
2069 4.3843609200e-01 -3.2248130600e+00 0.0000000000e+00
2070 5.0023319800e-01 -3.2252514200e+00 0.0000000000e+00
2071 5.6203294200e-01 -3.2252514100e+00 0.0000000000e+00
2072 6.2383004800e-01 -3.2248130400e+00 0.0000000000e+00
2073 6.8561923900e-01 -3.2239363600e+00 0.0000000000e+00
2074 7.4739524100e-01 -3.2226215100e+00 0.0000000000e+00
2075 8.0915278100e-01 -3.2208686700e+00 0.0000000000e+00
2076 8.7088658700e-01 -3.2186781100e+00 0.0000000000e+00
2077 9.3259139300e-01 -3.2160501300e+00 0.0000000000e+00
2078 9.9426193600e-01 -3.2129851100e+00 0.0000000000e+00
2079 1.0558929600e+00 -3.2094835100e+00 0.0000000000e+00
2080 1.1174792100e+00 -3.2055458300e+00 0.0000000000e+00
2081 1.1790154400e+00 -3.2011726400e+00 0.0000000000e+00
2082 1.2404964100e+00 -3.1963645600e+00 0.0000000000e+00
2083 1.3019169000e+00 -3.1911223100e+00 0.0000000000e+00
2084 1.3632716800e+00 -3.1854466400e+00 0.0000000000e+00
2085 -2.5721491500e-01 -2.4802558500e+00 0.0000000000e+00
2086 -2.0296898800e-01 -2.4849063700e+00 0.0000000000e+00
2087 -1.4866906400e-01 -2.4892275400e+00 0.0000000000e+00
2088 -9.4319112900e-02 -2.4932187200e+00 0.0000000000e+00
2089 -3.9923109700e-02 -2.4968793400e+00 0.0000000000e+00
2090 1.4514963300e-02 -2.5002088600e+00 0.0000000000e+00
2091 6.8991118000e-02 -2.5032068100e+00 0.0000000000e+00
2092 1.2350136100e-01 -2.5058727400e+00 0.0000000000e+00
2093 1.7804169200e-01 -2.5082062800e+00 0.0000000000e+00
2094 2.3260811000e-01 -2.5102070800e+00 0.0000000000e+00
2095 2.8719660700e-01 -2.5118748600e+00 0.0000000000e+00
2096 3.4180317300e-01 -2.5132093700e+00 0.0000000000e+00
2097 3.9642379600e-01 -2.5142104200e+00 0.0000000000e+00
2098 4.5105446100e-01 -2.5148778600e+00 0.0000000000e+00
2099 5.0569115100e-01 -2.5152116100e+00 0.0000000000e+00
2100 5.6032985000e-01 -2.5152116000e+00 0.0000000000e+00
2101 6.1496654100e-01 -2.5148778400e+00 0.0000000000e+00
2102 6.6959720500e-01 -2.5142103800e+00 0.0000000000e+00
2103 7.2421782800e-01 -2.5132093200e+00 0.0000000000e+00
2104 7.7882439400e-01 -2.5118747900e+00 0.0000000000e+00
2105 8.3341289200e-01 -2.5102070000e+00 0.0000000000e+00
2106 8.8797930900e-01 -2.5082061800e+00 0.0000000000e+00
2107 9.4251964100e-01 -2.5058726300e+00 0.0000000000e+00
2108 9.9702988400e-01 -2.5032066800e+00 0.0000000000e+00
2109 1.0515060400e+00 -2.5002087200e+00 0.0000000000e+00
2110 1.1059441100e+00 -2.4968791800e+00 0.0000000000e+00
2111 1.1603401100e+00 -2.4932185500e+00 0.0000000000e+00
2112 1.2146900700e+00 -2.4892273500e+00 0.0000000000e+00
2113 1.2689899900e+00 -2.4849061700e+00 0.0000000000e+00
2114 -1.7638839200e-01 -1.9424998600e+00 0.0000000000e+00
2115 -1.2755625600e-01 -1.9460290600e+00 0.0000000000e+00
2116 -7.8683143700e-02 -1.9493083100e+00 0.0000000000e+00
2117 -2.9772066400e-02 -1.9523371400e+00 0.0000000000e+00
2118 1.9173959000e-02 -1.9551151200e+00 0.0000000000e+00
2119 6.8151910400e-02 -1.9576418300e+00 0.0000000000e+00
2120 1.1715876100e-01 -1.9599169200e+00 0.0000000000e+00
2121 1.6619148100e-01 -1.9619400400e+00 0.0000000000e+00
2122 2.1524703400e-01 -1.9637109200e+00 0.0000000000e+00
2123 2.6432238400e-01 -1.9652292900e+00 0.0000000000e+00
2124 3.1341449000e-01 -1.9664949400e+00 0.0000000000e+00
2125 3.6252030700e-01 -1.9675076700e+00 0.0000000000e+00
2126 4.1163679200e-01 -1.9682673500e+00 0.0000000000e+00
2127 4.6076089800e-01 -1.9687738600e+00 0.0000000000e+00
2128 5.0988957600e-01 -1.9690271300e+00 0.0000000000e+00
2129 5.5901977900e-01 -1.9690271200e+00 0.0000000000e+00
2130 6.0814845800e-01 -1.9687738400e+00 0.0000000000e+00
2131 6.5727256300e-01 -1.9682673100e+00 0.0000000000e+00
2132 7.0638904800e-01 -1.9675076200e+00 0.0000000000e+00
2133 7.5549486600e-01 -1.9664948800e+00 0.0000000000e+00
2134 8.0458697100e-01 -1.9652292200e+00 0.0000000000e+00
2135 8.5366232100e-01 -1.9637108300e+00 0.0000000000e+00
2136 9.0271787500e-01 -1.9619399400e+00 0.0000000000e+00
2137 9.5175059400e-01 -1.9599168000e+00 0.0000000000e+00
2138 1.0007574500e+00 -1.9576417000e+00 0.0000000000e+00
2139 1.0497354000e+00 -1.9551149800e+00 0.0000000000e+00
2140 1.0986814200e+00 -1.9523369900e+00 0.0000000000e+00
2141 1.1475925000e+00 -1.9493081500e+00 0.0000000000e+00
2142 1.1964656100e+00 -1.9460288800e+00 0.0000000000e+00
2143 -1.1421414600e-01 -1.5288414300e+00 0.0000000000e+00
2144 -6.9546464700e-02 -1.5315080700e+00 0.0000000000e+00
2145 -2.4847822300e-02 -1.5339858500e+00 0.0000000000e+00
2146 1.9879506100e-02 -1.5362744100e+00 0.0000000000e+00
2147 6.4633241100e-02 -1.5383734300e+00 0.0000000000e+00
2148 1.0941109900e-01 -1.5402826000e+00 0.0000000000e+00
2149 1.5421079300e-01 -1.5420016300e+00 0.0000000000e+00
2150 1.9903003400e-01 -1.5435302900e+00 0.0000000000e+00
2151 2.4386652800e-01 -1.5448683600e+00 0.0000000000e+00
2152 2.8871797900e-01 -1.5460156300e+00 0.0000000000e+00
2153 3.3358209100e-01 -1.5469719400e+00 0.0000000000e+00
2154 3.7845656400e-01 -1.5477371500e+00 0.0000000000e+00
2155 4.2333909800e-01 -1.5483111600e+00 0.0000000000e+00
2156 4.6822738900e-01 -1.5486938700e+00 0.0000000000e+00
2157 5.1311913500e-01 -1.5488852400e+00 0.0000000000e+00
2158 5.5801203300e-01 -1.5488852400e+00 0.0000000000e+00
2159 6.0290377900e-01 -1.5486938600e+00 0.0000000000e+00
2160 6.4779207100e-01 -1.5483111300e+00 0.0000000000e+00
2161 6.9267460400e-01 -1.5477371100e+00 0.0000000000e+00
2162 7.3754907700e-01 -1.5469718900e+00 0.0000000000e+00
2163 7.8241318900e-01 -1.5460155600e+00 0.0000000000e+00
2164 8.2726464100e-01 -1.5448682800e+00 0.0000000000e+00
2165 8.7210113400e-01 -1.5435302100e+00 0.0000000000e+00
2166 9.1692037500e-01 -1.5420015400e+00 0.0000000000e+00
2167 9.6172006900e-01 -1.5402824900e+00 0.0000000000e+00
2168 1.0064979300e+00 -1.5383733100e+00 0.0000000000e+00
2169 1.0512516600e+00 -1.5362742800e+00 0.0000000000e+00
2170 1.0959789900e+00 -1.5339857100e+00 0.0000000000e+00
2171 1.1406776300e+00 -1.5315079200e+00 0.0000000000e+00
2172 -6.6387799200e-02 -1.2106426200e+00 0.0000000000e+00
2173 -2.4923545600e-02 -1.2126457400e+00 0.0000000000e+00
2174 1.6563965800e-02 -1.2145070100e+00 0.0000000000e+00
2175 5.8073025500e-02 -1.2162261300e+00 0.0000000000e+00
2176 9.9601921400e-02 -1.2178028800e+00 0.0000000000e+00
2177 1.4114893800e-01 -1.2192370100e+00 0.0000000000e+00
2178 1.8271235800e-01 -1.2205283200e+00 0.0000000000e+00
2179 2.2429046000e-01 -1.2216766200e+00 0.0000000000e+00
2180 2.6588152300e-01 -1.2226817400e+00 0.0000000000e+00
2181 3.0748382200e-01 -1.2235435500e+00 0.0000000000e+00
2182 3.4909563100e-01 -1.2242619100e+00 0.0000000000e+00
2183 3.9071522300e-01 -1.2248367300e+00 0.0000000000e+00
2184 4.3234087000e-01 -1.2252679100e+00 0.0000000000e+00
2185 4.7397084200e-01 -1.2255554000e+00 0.0000000000e+00
2186 5.1560341000e-01 -1.2256991500e+00 0.0000000000e+00
2187 5.5723684300e-01 -1.2256991400e+00 0.0000000000e+00
2188 5.9886941000e-01 -1.2255553800e+00 0.0000000000e+00
2189 6.4049938200e-01 -1.2252678800e+00 0.0000000000e+00
2190 6.8212502900e-01 -1.2248366900e+00 0.0000000000e+00
2191 7.2374462100e-01 -1.2242618700e+00 0.0000000000e+00
2192 7.6535643000e-01 -1.2235434900e+00 0.0000000000e+00
2193 8.0695872900e-01 -1.2226816700e+00 0.0000000000e+00
2194 8.4854979200e-01 -1.2216765400e+00 0.0000000000e+00
2195 8.9012789400e-01 -1.2205282200e+00 0.0000000000e+00
2196 9.3169131400e-01 -1.2192369000e+00 0.0000000000e+00
2197 9.7323833100e-01 -1.2178027600e+00 0.0000000000e+00
2198 1.0147672300e+00 -1.2162260100e+00 0.0000000000e+00
2199 1.0562762900e+00 -1.2145068700e+00 0.0000000000e+00
2200 1.0977638000e+00 -1.2126456000e+00 0.0000000000e+00
2201 -2.9598304100e-02 -9.6587431200e-01 0.0000000000e+00
2202 9.4017750200e-03 -9.6736705000e-01 0.0000000000e+00
2203 4.8419185900e-02 -9.6875407000e-01 0.0000000000e+00
2204 8.7452654700e-02 -9.7003516900e-01 0.0000000000e+00
2205 1.2650090500e-01 -9.7121016300e-01 0.0000000000e+00
2206 1.6556266000e-01 -9.7227888200e-01 0.0000000000e+00
2207 2.0463663800e-01 -9.7324117000e-01 0.0000000000e+00
2208 2.4372155800e-01 -9.7409688800e-01 0.0000000000e+00
2209 2.8281613500e-01 -9.7484591300e-01 0.0000000000e+00
2210 3.2191908600e-01 -9.7548813500e-01 0.0000000000e+00
2211 3.6102912500e-01 -9.7602346100e-01 0.0000000000e+00
2212 4.0014496200e-01 -9.7645181500e-01 0.0000000000e+00
2213 4.3926531200e-01 -9.7677313300e-01 0.0000000000e+00
2214 4.7838888500e-01 -9.7698737000e-01 0.0000000000e+00
2215 5.1751439300e-01 -9.7709449400e-01 0.0000000000e+00
2216 5.5664054500e-01 -9.7709449000e-01 0.0000000000e+00
2217 5.9576605200e-01 -9.7698735800e-01 0.0000000000e+00
2218 6.3488962500e-01 -9.7677311300e-01 0.0000000000e+00
2219 6.7400997500e-01 -9.7645178600e-01 0.0000000000e+00
2220 7.1312581300e-01 -9.7602342500e-01 0.0000000000e+00
2221 7.5223585100e-01 -9.7548809000e-01 0.0000000000e+00
2222 7.9133880200e-01 -9.7484586000e-01 0.0000000000e+00
2223 8.3043338000e-01 -9.7409682700e-01 0.0000000000e+00
2224 8.6951829900e-01 -9.7324110100e-01 0.0000000000e+00
2225 9.0859227800e-01 -9.7227880500e-01 0.0000000000e+00
2226 9.4765403200e-01 -9.7121007800e-01 0.0000000000e+00
2227 9.8670228300e-01 -9.7003507600e-01 0.0000000000e+00
2228 1.0257357500e+00 -9.6875396800e-01 0.0000000000e+00
2229 1.0647531600e+00 -9.6736694000e-01 0.0000000000e+00
2230 -1.2986918600e-03 -7.7759099600e-01 0.0000000000e+00
2231 3.5805868300e-02 -7.7869112600e-01 0.0000000000e+00
2232 7.2923201700e-02 -7.7971334200e-01 0.0000000000e+00
2233 1.1005237000e-01 -7.8065749700e-01 0.0000000000e+00
2234 1.4719243200e-01 -7.8152345300e-01 0.0000000000e+00
2235 1.8434244600e-01 -7.8231108500e-01 0.0000000000e+00
2236 2.2150146900e-01 -7.8302028000e-01 0.0000000000e+00
2237 2.5866855500e-01 -7.8365093300e-01 0.0000000000e+00
2238 2.9584276000e-01 -7.8420295400e-01 0.0000000000e+00
2239 3.3302313500e-01 -7.8467626400e-01 0.0000000000e+00
2240 3.7020873400e-01 -7.8507079200e-01 0.0000000000e+00
2241 4.0739860700e-01 -7.8538648300e-01 0.0000000000e+00
2242 4.4459180500e-01 -7.8562329000e-01 0.0000000000e+00
2243 4.8178737900e-01 -7.8578117900e-01 0.0000000000e+00
2244 5.1898437800e-01 -7.8586012700e-01 0.0000000000e+00
2245 5.5618185200e-01 -7.8586012300e-01 0.0000000000e+00
2246 5.9337885200e-01 -7.8578116700e-01 0.0000000000e+00
2247 6.3057442500e-01 -7.8562327100e-01 0.0000000000e+00
2248 6.6776762400e-01 -7.8538645600e-01 0.0000000000e+00
2249 7.0495749700e-01 -7.8507075700e-01 0.0000000000e+00
2250 7.4214309500e-01 -7.8467622100e-01 0.0000000000e+00
2251 7.7932347100e-01 -7.8420290400e-01 0.0000000000e+00
2252 8.1649767500e-01 -7.8365087500e-01 0.0000000000e+00
2253 8.5366476200e-01 -7.8302021400e-01 0.0000000000e+00
2254 8.9082378400e-01 -7.8231101200e-01 0.0000000000e+00
2255 9.2797379900e-01 -7.8152337200e-01 0.0000000000e+00
2256 9.6511386100e-01 -7.8065740800e-01 0.0000000000e+00
2257 1.0022430300e+00 -7.7971324600e-01 0.0000000000e+00
2258 1.0393603600e+00 -7.7869102200e-01 0.0000000000e+00
2259 2.0470240800e-02 -6.3275767500e-01 0.0000000000e+00
2260 5.6116709500e-02 -6.3355579900e-01 0.0000000000e+00
2261 9.1772444900e-02 -6.3429739800e-01 0.0000000000e+00
2262 1.2743676600e-01 -6.3498236500e-01 0.0000000000e+00
2263 1.6310899100e-01 -6.3561060000e-01 0.0000000000e+00
2264 1.9878843500e-01 -6.3618201300e-01 0.0000000000e+00
2265 2.3447441600e-01 -6.3669652000e-01 0.0000000000e+00
2266 2.7016624600e-01 -6.3715404700e-01 0.0000000000e+00
2267 3.0586324100e-01 -6.3755452900e-01 0.0000000000e+00
2268 3.4156471200e-01 -6.3789790500e-01 0.0000000000e+00
2269 3.7726997300e-01 -6.3818412800e-01 0.0000000000e+00
2270 4.1297833400e-01 -6.3841315600e-01 0.0000000000e+00
2271 4.4868910800e-01 -6.3858495500e-01 0.0000000000e+00
2272 4.8440160600e-01 -6.3869950000e-01 0.0000000000e+00
2273 5.2011513700e-01 -6.3875677600e-01 0.0000000000e+00
2274 5.5582901300e-01 -6.3875677300e-01 0.0000000000e+00
2275 5.9154254500e-01 -6.3869949100e-01 0.0000000000e+00
2276 6.2725504200e-01 -6.3858494000e-01 0.0000000000e+00
2277 6.6296581600e-01 -6.3841313400e-01 0.0000000000e+00
2278 6.9867417800e-01 -6.3818410100e-01 0.0000000000e+00
2279 7.3437943800e-01 -6.3789787200e-01 0.0000000000e+00
2280 7.7008091000e-01 -6.3755448900e-01 0.0000000000e+00
2281 8.0577790400e-01 -6.3715400100e-01 0.0000000000e+00
2282 8.4146973500e-01 -6.3669646800e-01 0.0000000000e+00
2283 8.7715571500e-01 -6.3618195400e-01 0.0000000000e+00
2284 9.1283516000e-01 -6.3561053600e-01 0.0000000000e+00
2285 9.4850738400e-01 -6.3498229400e-01 0.0000000000e+00
2286 9.8417170600e-01 -6.3429732100e-01 0.0000000000e+00
2287 1.0198274400e+00 -6.3355571600e-01 0.0000000000e+00
2288 3.7215575000e-02 -5.2134742000e-01 0.0000000000e+00
2289 7.1740434700e-02 -5.2191323100e-01 0.0000000000e+00
2290 1.0627186400e-01 -5.2243897100e-01 0.0000000000e+00
2291 1.4080938000e-01 -5.2292456200e-01 0.0000000000e+00
2292 1.7535249900e-01 -5.2336993500e-01 0.0000000000e+00
2293 2.0990073600e-01 -5.2377502400e-01 0.0000000000e+00
2294 2.4445360700e-01 -5.2413977200e-01 0.0000000000e+00
2295 2.7901062500e-01 -5.2446412500e-01 0.0000000000e+00
2296 3.1357130300e-01 -5.2474803700e-01 0.0000000000e+00
2297 3.4813515600e-01 -5.2499146600e-01 0.0000000000e+00
2298 3.8270169500e-01 -5.2519437700e-01 0.0000000000e+00
2299 4.1727043200e-01 -5.2535674000e-01 0.0000000000e+00
2300 4.5184088000e-01 -5.2547853200e-01 0.0000000000e+00
2301 4.8641254900e-01 -5.2555973600e-01 0.0000000000e+00
2302 5.2098495100e-01 -5.2560034000e-01 0.0000000000e+00
2303 5.5555759800e-01 -5.2560033700e-01 0.0000000000e+00
2304 5.9013000100e-01 -5.2555972800e-01 0.0000000000e+00
2305 6.2470167000e-01 -5.2547851900e-01 0.0000000000e+00
2306 6.5927211800e-01 -5.2535672100e-01 0.0000000000e+00
2307 6.9384085500e-01 -5.2519435300e-01 0.0000000000e+00
2308 7.2840739400e-01 -5.2499143600e-01 0.0000000000e+00
2309 7.6297124600e-01 -5.2474800200e-01 0.0000000000e+00
2310 7.9753192500e-01 -5.2446408500e-01 0.0000000000e+00
2311 8.3208894300e-01 -5.2413972700e-01 0.0000000000e+00
2312 8.6664181400e-01 -5.2377497400e-01 0.0000000000e+00
2313 9.0119005100e-01 -5.2336987900e-01 0.0000000000e+00
2314 9.3573317000e-01 -5.2292450100e-01 0.0000000000e+00
2315 9.7027068600e-01 -5.2243890400e-01 0.0000000000e+00
2316 1.0048021200e+00 -5.2191315900e-01 0.0000000000e+00
2317 5.0096601700e-02 -4.3564722000e-01 0.0000000000e+00
2318 8.3758685300e-02 -4.3603433000e-01 0.0000000000e+00
2319 1.1742526300e-01 -4.3639402400e-01 0.0000000000e+00
2320 1.5109600600e-01 -4.3672624900e-01 0.0000000000e+00
2321 1.8477058200e-01 -4.3703095900e-01 0.0000000000e+00
2322 2.1844866000e-01 -4.3730810800e-01 0.0000000000e+00
2323 2.5212990800e-01 -4.3755765600e-01 0.0000000000e+00
2324 2.8581399300e-01 -4.3777956800e-01 0.0000000000e+00
2325 3.1950058300e-01 -4.3797381100e-01 0.0000000000e+00
2326 3.5318934400e-01 -4.3814035700e-01 0.0000000000e+00
2327 3.8687994300e-01 -4.3827918100e-01 0.0000000000e+00
2328 4.2057204600e-01 -4.3839026500e-01 0.0000000000e+00
2329 4.5426532000e-01 -4.3847359100e-01 0.0000000000e+00
2330 4.8795942900e-01 -4.3852914800e-01 0.0000000000e+00
2331 5.2165404000e-01 -4.3855692700e-01 0.0000000000e+00
2332 5.5534881800e-01 -4.3855692500e-01 0.0000000000e+00
2333 5.8904342900e-01 -4.3852914100e-01 0.0000000000e+00
2334 6.2273753800e-01 -4.3847358000e-01 0.0000000000e+00
2335 6.5643081100e-01 -4.3839025000e-01 0.0000000000e+00
2336 6.9012291400e-01 -4.3827916200e-01 0.0000000000e+00
2337 7.2381351400e-01 -4.3814033300e-01 0.0000000000e+00
2338 7.5750227500e-01 -4.3797378200e-01 0.0000000000e+00
2339 7.9118886500e-01 -4.3777953500e-01 0.0000000000e+00
2340 8.2487295000e-01 -4.3755761900e-01 0.0000000000e+00
2341 8.5855419800e-01 -4.3730806600e-01 0.0000000000e+00
2342 8.9223227600e-01 -4.3703091300e-01 0.0000000000e+00
2343 9.2590685200e-01 -4.3672619900e-01 0.0000000000e+00
2344 9.5957759400e-01 -4.3639396900e-01 0.0000000000e+00
2345 9.9324417200e-01 -4.3603427100e-01 0.0000000000e+00
2346 6.0005082300e-02 -3.6972400000e-01 0.0000000000e+00
2347 9.3003492000e-02 -3.6997364700e-01 0.0000000000e+00
2348 1.2600480000e-01 -3.7020561300e-01 0.0000000000e+00
2349 1.5900879400e-01 -3.7041986500e-01 0.0000000000e+00
2350 1.9201526000e-01 -3.7061637200e-01 0.0000000000e+00
2351 2.2502398500e-01 -3.7079510500e-01 0.0000000000e+00
2352 2.5803475400e-01 -3.7095603900e-01 0.0000000000e+00
2353 2.9104735200e-01 -3.7109914900e-01 0.0000000000e+00
2354 3.2406156600e-01 -3.7122441600e-01 0.0000000000e+00
2355 3.5707718000e-01 -3.7133182100e-01 0.0000000000e+00
2356 3.9009398000e-01 -3.7142134900e-01 0.0000000000e+00
2357 4.2311174900e-01 -3.7149298700e-01 0.0000000000e+00
2358 4.5613027300e-01 -3.7154672300e-01 0.0000000000e+00
2359 4.8914933700e-01 -3.7158255100e-01 0.0000000000e+00
2360 5.2216872300e-01 -3.7160046600e-01 0.0000000000e+00
2361 5.5518821800e-01 -3.7160046400e-01 0.0000000000e+00
2362 5.8820760400e-01 -3.7158254600e-01 0.0000000000e+00
2363 6.2122666700e-01 -3.7154671400e-01 0.0000000000e+00
2364 6.5424519100e-01 -3.7149297400e-01 0.0000000000e+00
2365 6.8726296100e-01 -3.7142133300e-01 0.0000000000e+00
2366 7.2027976000e-01 -3.7133180200e-01 0.0000000000e+00
2367 7.5329537500e-01 -3.7122439300e-01 0.0000000000e+00
2368 7.8630958800e-01 -3.7109912200e-01 0.0000000000e+00
2369 8.1932218700e-01 -3.7095600800e-01 0.0000000000e+00
2370 8.5233295600e-01 -3.7079507100e-01 0.0000000000e+00
2371 8.8534168000e-01 -3.7061633400e-01 0.0000000000e+00
2372 9.1834814600e-01 -3.7041982400e-01 0.0000000000e+00
2373 9.5135214000e-01 -3.7020556800e-01 0.0000000000e+00
2374 9.8435344900e-01 -3.6997359800e-01 0.0000000000e+00
2375 6.7626989100e-02 -3.1901383900e-01 0.0000000000e+00
2376 1.0011488100e-01 -3.1915774500e-01 0.0000000000e+00
2377 1.3260444300e-01 -3.1929146000e-01 0.0000000000e+00
2378 1.6509555400e-01 -3.1941496300e-01 0.0000000000e+00
2379 1.9758808900e-01 -3.1952823700e-01 0.0000000000e+00
2380 2.3008192600e-01 -3.1963126600e-01 0.0000000000e+00
2381 2.6257694200e-01 -3.1972403400e-01 0.0000000000e+00
2382 2.9507301300e-01 -3.1980652900e-01 0.0000000000e+00
2383 3.2757001400e-01 -3.1987873700e-01 0.0000000000e+00
2384 3.6006782300e-01 -3.1994065000e-01 0.0000000000e+00
2385 3.9256631500e-01 -3.1999225700e-01 0.0000000000e+00
2386 4.2506536700e-01 -3.2003355100e-01 0.0000000000e+00
2387 4.5756485300e-01 -3.2006452700e-01 0.0000000000e+00
2388 4.9006465000e-01 -3.2008517900e-01 0.0000000000e+00
2389 5.2256463300e-01 -3.2009550500e-01 0.0000000000e+00
2390 5.5506467900e-01 -3.2009550400e-01 0.0000000000e+00
2391 5.8756466200e-01 -3.2008517500e-01 0.0000000000e+00
2392 6.2006445900e-01 -3.2006451900e-01 0.0000000000e+00
2393 6.5256394600e-01 -3.2003354100e-01 0.0000000000e+00
2394 6.8506299700e-01 -3.1999224300e-01 0.0000000000e+00
2395 7.1756148900e-01 -3.1994063300e-01 0.0000000000e+00
2396 7.5005929800e-01 -3.1987871800e-01 0.0000000000e+00
2397 7.8255630000e-01 -3.1980650700e-01 0.0000000000e+00
2398 8.1505237000e-01 -3.1972400900e-01 0.0000000000e+00
2399 8.4754738600e-01 -3.1963123800e-01 0.0000000000e+00
2400 8.8004122300e-01 -3.1952820600e-01 0.0000000000e+00
2401 9.1253375900e-01 -3.1941492900e-01 0.0000000000e+00
2402 9.4502486900e-01 -3.1929142300e-01 0.0000000000e+00
2403 9.7751443200e-01 -3.1915770600e-01 0.0000000000e+00
2404 7.3489993500e-02 -2.8000602900e-01 0.0000000000e+00
2405 1.0558517900e-01 -2.8006859600e-01 0.0000000000e+00
2406 1.3768109100e-01 -2.8012673200e-01 0.0000000000e+00
2407 1.6977767500e-01 -2.8018042900e-01 0.0000000000e+00
2408 2.0187488000e-01 -2.8022967800e-01 0.0000000000e+00
2409 2.3397265000e-01 -2.8027447200e-01 0.0000000000e+00
2410 2.6607093300e-01 -2.8031480600e-01 0.0000000000e+00
2411 2.9816967400e-01 -2.8035067200e-01 0.0000000000e+00
2412 3.3026882000e-01 -2.8038206700e-01 0.0000000000e+00
2413 3.6236831800e-01 -2.8040898500e-01 0.0000000000e+00
2414 3.9446811200e-01 -2.8043142200e-01 0.0000000000e+00
2415 4.2656814900e-01 -2.8044937600e-01 0.0000000000e+00
2416 4.5866837600e-01 -2.8046284300e-01 0.0000000000e+00
2417 4.9076873700e-01 -2.8047182100e-01 0.0000000000e+00
2418 5.2286918000e-01 -2.8047631100e-01 0.0000000000e+00
2419 5.5496964900e-01 -2.8047630900e-01 0.0000000000e+00
2420 5.8707009200e-01 -2.8047181800e-01 0.0000000000e+00
2421 6.1917045300e-01 -2.8046283700e-01 0.0000000000e+00
2422 6.5127068000e-01 -2.8044936700e-01 0.0000000000e+00
2423 6.8337071700e-01 -2.8043141100e-01 0.0000000000e+00
2424 7.1547051100e-01 -2.8040897200e-01 0.0000000000e+00
2425 7.4757000900e-01 -2.8038205100e-01 0.0000000000e+00
2426 7.7966915500e-01 -2.8035065400e-01 0.0000000000e+00
2427 8.1176789600e-01 -2.8031478500e-01 0.0000000000e+00
2428 8.4386617900e-01 -2.8027445000e-01 0.0000000000e+00
2429 8.7596394900e-01 -2.8022965300e-01 0.0000000000e+00
2430 9.0806115400e-01 -2.8018040100e-01 0.0000000000e+00
2431 9.4015773900e-01 -2.8012670200e-01 0.0000000000e+00
2432 9.7225365000e-01 -2.8006856400e-01 0.0000000000e+00
2433 1.2721926800e+00 -2.4168526300e-01 0.0000000000e+00
2434 1.2738386700e+00 -2.1181978800e-01 0.0000000000e+00
2435 1.2752914400e+00 -1.8181901800e-01 0.0000000000e+00
2436 1.2765399300e+00 -1.5170030900e-01 0.0000000000e+00
2437 1.2775746400e+00 -1.2148191300e-01 0.0000000000e+00
2438 1.2783877000e+00 -9.1182841600e-02 0.0000000000e+00
2439 1.2789729100e+00 -6.0822720400e-02 0.0000000000e+00
2440 1.2793258300e+00 -3.0421639300e-02 0.0000000000e+00
2441 1.2794437700e+00 0.0000000000e+00 0.0000000000e+00
2442 1.3010431600e+00 -2.6698719900e-01 0.0000000000e+00
2443 1.3048289300e+00 -2.3440771900e-01 0.0000000000e+00
2444 1.3081702900e+00 -2.0151706100e-01 0.0000000000e+00
2445 1.3110418100e+00 -1.6835514300e-01 0.0000000000e+00
2446 1.3134216500e+00 -1.3496394600e-01 0.0000000000e+00
2447 1.3152916800e+00 -1.0138719500e-01 0.0000000000e+00
2448 1.3166376800e+00 -6.7670030100e-02 0.0000000000e+00
2449 1.3174493900e+00 -3.3858657000e-02 0.0000000000e+00
2450 1.3177206500e+00 0.0000000000e+00 0.0000000000e+00
2451 1.3385487700e+00 -2.9987972100e-01 0.0000000000e+00
2452 1.3451162600e+00 -2.6377203300e-01 0.0000000000e+00
2453 1.3509128000e+00 -2.2712452100e-01 0.0000000000e+00
2454 1.3558942700e+00 -1.9000643100e-01 0.0000000000e+00
2455 1.3600227600e+00 -1.5249059200e-01 0.0000000000e+00
2456 1.3632668600e+00 -1.1465285700e-01 0.0000000000e+00
2457 1.3656018700e+00 -7.6571534000e-02 0.0000000000e+00
2458 1.3670100300e+00 -3.8326780600e-02 0.0000000000e+00
2459 1.3674806000e+00 0.0000000000e+00 0.0000000000e+00
2460 1.3873060800e+00 -3.4264000600e-01 0.0000000000e+00
2461 1.3974898000e+00 -3.0194564900e-01 0.0000000000e+00
2462 1.4064780700e+00 -2.6041422500e-01 0.0000000000e+00
2463 1.4142024700e+00 -2.1815311100e-01 0.0000000000e+00
2464 1.4206042300e+00 -1.7527523500e-01 0.0000000000e+00
2465 1.4256346100e+00 -1.3189822100e-01 0.0000000000e+00
2466 1.4292553400e+00 -8.8143491000e-02 0.0000000000e+00
2467 1.4314388600e+00 -4.4135342200e-02 0.0000000000e+00
2468 1.4321685500e+00 0.0000000000e+00 0.0000000000e+00
2469 1.4506906000e+00 -3.9822838500e-01 0.0000000000e+00
2470 1.4655754200e+00 -3.5157135700e-01 0.0000000000e+00
2471 1.4787129300e+00 -3.0369084700e-01 0.0000000000e+00
2472 1.4900031500e+00 -2.5474379900e-01 0.0000000000e+00
2473 1.4993601400e+00 -2.0489527500e-01 0.0000000000e+00
2474 1.5067127000e+00 -1.5431719600e-01 0.0000000000e+00
2475 1.5120048600e+00 -1.0318703700e-01 0.0000000000e+00
2476 1.5151963600e+00 -5.1686473500e-02 0.0000000000e+00
2477 1.5162629000e+00 0.0000000000e+00 0.0000000000e+00
2478 1.5330904600e+00 -4.7049327500e-01 0.0000000000e+00
2479 1.5540867200e+00 -4.1608477400e-01 0.0000000000e+00
2480 1.5726182500e+00 -3.5995045300e-01 0.0000000000e+00
2481 1.5885440200e+00 -3.0231169300e-01 0.0000000000e+00
2482 1.6017428200e+00 -2.4340132600e-01 0.0000000000e+00
2483 1.6121142000e+00 -1.8346186400e-01 0.0000000000e+00
2484 1.6195792400e+00 -1.2274364700e-01 0.0000000000e+00
2485 1.6240811000e+00 -6.1502943900e-02 0.0000000000e+00
2486 1.6255855400e+00 0.0000000000e+00 0.0000000000e+00
2487 1.6402102800e+00 -5.6443762500e-01 0.0000000000e+00
2488 1.6691514000e+00 -4.9995221100e-01 0.0000000000e+00
2489 1.6946951600e+00 -4.3308793500e-01 0.0000000000e+00
2490 1.7166471500e+00 -3.6414994900e-01 0.0000000000e+00
2491 1.7348403000e+00 -2.9345918900e-01 0.0000000000e+00
2492 1.7491361500e+00 -2.2134992900e-01 0.0000000000e+00
2493 1.7594259100e+00 -1.4816723700e-01 0.0000000000e+00
2494 1.7656312500e+00 -7.4264354300e-02 0.0000000000e+00
2495 1.7677049600e+00 0.0000000000e+00 0.0000000000e+00
2496 1.7794660400e+00 -6.8656528000e-01 0.0000000000e+00
2497 1.8187354800e+00 -6.0897987700e-01 0.0000000000e+00
2498 1.8533951400e+00 -5.2816666000e-01 0.0000000000e+00
2499 1.8831812100e+00 -4.4453968200e-01 0.0000000000e+00
2500 1.9078670200e+00 -3.5853441000e-01 0.0000000000e+00
2501 1.9272646900e+00 -2.7060441300e-01 0.0000000000e+00
2502 1.9412265800e+00 -1.8121790500e-01 0.0000000000e+00
2503 1.9496464500e+00 -9.0854187800e-02 0.0000000000e+00
2504 1.9524602100e+00 0.0000000000e+00 0.0000000000e+00
2505 1.9604985200e+00 -8.4533122600e-01 0.0000000000e+00
2506 2.0131947900e+00 -7.5071584000e-01 0.0000000000e+00
2507 2.0597051000e+00 -6.5176900100e-01 0.0000000000e+00
2508 2.0996754900e+00 -5.4904633300e-01 0.0000000000e+00
2509 2.1328017500e+00 -4.4313219600e-01 0.0000000000e+00
2510 2.1588317700e+00 -3.3463524000e-01 0.0000000000e+00
2511 2.1775674600e+00 -2.2418377100e-01 0.0000000000e+00
2512 2.1888662100e+00 -1.1242097100e-01 0.0000000000e+00
2513 2.1926420400e+00 0.0000000000e+00 0.0000000000e+00
2514 2.1958407600e+00 -1.0517269700e+00 0.0000000000e+00
2515 2.2659919000e+00 -9.3497260300e-01 0.0000000000e+00
2516 2.3279080700e+00 -8.1245205300e-01 0.0000000000e+00
2517 2.3811180700e+00 -6.8490498600e-01 0.0000000000e+00
2518 2.4252169200e+00 -5.5310932300e-01 0.0000000000e+00
2519 2.4598690000e+00 -4.1787532100e-01 0.0000000000e+00
2520 2.4848106100e+00 -2.8003940100e-01 0.0000000000e+00
2521 2.4998519000e+00 -1.4045779000e-01 0.0000000000e+00
2522 2.5048784200e+00 0.0000000000e+00 0.0000000000e+00
2523 2.5017856500e+00 -1.3200414200e+00 0.0000000000e+00
2524 2.5946281200e+00 -1.1745063800e+00 0.0000000000e+00
2525 2.6765719100e+00 -1.0213400100e+00 0.0000000000e+00
2526 2.7469933900e+00 -8.6152122400e-01 0.0000000000e+00
2527 2.8053566100e+00 -6.9607958000e-01 0.0000000000e+00
2528 2.8512173800e+00 -5.2608741800e-01 0.0000000000e+00
2529 2.8842266800e+00 -3.5265171500e-01 0.0000000000e+00
2530 2.9041332800e+00 -1.7690565300e-01 0.0000000000e+00
2531 2.9107857000e+00 0.0000000000e+00 0.0000000000e+00
2532 2.8995140300e+00 -1.6688502100e+00 0.0000000000e+00
2533 3.0218552200e+00 -1.4859003000e+00 0.0000000000e+00
2534 3.1298349200e+00 -1.2928943600e+00 0.0000000000e+00
2535 3.2226313400e+00 -1.0911223400e+00 0.0000000000e+00
2536 3.2995382300e+00 -8.8194092100e-01 0.0000000000e+00
2537 3.3599702900e+00 -6.6676315100e-01 0.0000000000e+00
2538 3.4034675900e+00 -4.4704772700e-01 0.0000000000e+00
2539 3.4296991000e+00 -2.2428787700e-01 0.0000000000e+00
2540 3.4384651800e+00 0.0000000000e+00 0.0000000000e+00
2541 3.4165609200e+00 -2.1223016500e+00 0.0000000000e+00
2542 3.5772504600e+00 -1.8907123900e+00 0.0000000000e+00
2543 3.7190768300e+00 -1.6459150100e+00 0.0000000000e+00
2544 3.8409606600e+00 -1.3896038000e+00 0.0000000000e+00
2545 3.9419743300e+00 -1.1235606600e+00 0.0000000000e+00
2546 4.0213490600e+00 -8.4964160200e-01 0.0000000000e+00
2547 4.0784807700e+00 -5.6976254200e-01 0.0000000000e+00
2548 4.1129346600e+00 -2.8588476800e-01 0.0000000000e+00
2549 4.1244484900e+00 0.0000000000e+00 0.0000000000e+00
2550 4.0887218900e+00 -2.7117885300e+00 0.0000000000e+00
2551 4.2992642900e+00 -2.4169681400e+00 0.0000000000e+00
2552 4.4850913400e+00 -2.1048418800e+00 0.0000000000e+00
2553 4.6447888100e+00 -1.7776297000e+00 0.0000000000e+00
2554 4.7771412900e+00 -1.4376663400e+00 0.0000000000e+00
2555 4.8811415000e+00 -1.0873836000e+00 0.0000000000e+00
2556 4.9559979400e+00 -7.2929180700e-01 0.0000000000e+00
2557 5.0011409100e+00 -3.6596072900e-01 0.0000000000e+00
2558 5.0162268400e+00 0.0000000000e+00 0.0000000000e+00
2559 4.9625311600e+00 -3.4781214800e+00 0.0000000000e+00
2560 5.2378822600e+00 -3.1011006000e+00 0.0000000000e+00
2561 5.4809102000e+00 -2.7014468100e+00 0.0000000000e+00
2562 5.6897654000e+00 -2.2820633700e+00 0.0000000000e+00
2563 5.8628583300e+00 -1.8460037200e+00 0.0000000000e+00
2564 5.9988716700e+00 -1.3964481900e+00 0.0000000000e+00
2565 6.0967702600e+00 -9.3667985000e-01 0.0000000000e+00
2566 6.1558090400e+00 -4.7005947700e-01 0.0000000000e+00
2567 6.1755386800e+00 0.0000000000e+00 0.0000000000e+00
2568 6.0984832200e+00 -4.4743543200e+00 0.0000000000e+00
2569 6.4580856400e+00 -3.9904728100e+00 0.0000000000e+00
2570 6.7754747400e+00 -3.4770332200e+00 0.0000000000e+00
2571 7.0482349800e+00 -2.9378271500e+00 0.0000000000e+00
2572 7.2742905100e+00 -2.3768423100e+00 0.0000000000e+00
2573 7.4519209100e+00 -1.7982321700e+00 0.0000000000e+00
2574 7.5797742900e+00 -1.2062843100e+00 0.0000000000e+00
2575 7.6568776200e+00 -6.0538785200e-01 0.0000000000e+00
2576 7.6826441000e+00 0.0000000000e+00 0.0000000000e+00
2577 7.5752209200e+00 -5.7694570300e+00 0.0000000000e+00
2578 8.0443500500e+00 -5.1466567000e+00 0.0000000000e+00
2579 8.4584086400e+00 -4.4852955700e+00 0.0000000000e+00
2580 8.8142454600e+00 -3.7903200700e+00 0.0000000000e+00
2581 9.1091523600e+00 -3.0669324900e+00 0.0000000000e+00
2582 9.3408849300e+00 -2.3205513400e+00 0.0000000000e+00
2583 9.5076795500e+00 -1.5567701100e+00 0.0000000000e+00
2584 9.6082668000e+00 -7.8131474100e-01 0.0000000000e+00
2585 9.6418811600e+00 0.0000000000e+00 0.0000000000e+00
2586 9.4949799300e+00 -7.4530905500e+00 0.0000000000e+00
2587 1.0106493800e+01 -6.6496957600e+00 0.0000000000e+00
2588 1.0646222700e+01 -5.7960366200e+00 0.0000000000e+00
2589 1.1110059100e+01 -4.8985608800e+00 0.0000000000e+00
2590 1.1494472800e+01 -3.9640497300e+00 0.0000000000e+00
2591 1.1796538200e+01 -2.9995662700e+00 0.0000000000e+00
2592 1.2013956400e+01 -2.0124016600e+00 0.0000000000e+00
2593 1.2145072700e+01 -1.0100197000e+00 0.0000000000e+00
2594 1.2188889300e+01 0.0000000000e+00 0.0000000000e+00
2595 1.1990666600e+01 -9.6418141500e+00 0.0000000000e+00
2596 1.2787280700e+01 -8.6036465500e+00 0.0000000000e+00
2597 1.3490381100e+01 -7.5000000000e+00 0.0000000000e+00
2598 1.4094616800e+01 -6.3392739300e+00 0.0000000000e+00
2599 1.4595389300e+01 -5.1303021500e+00 0.0000000000e+00
2600 1.4988887400e+01 -3.8822856800e+00 0.0000000000e+00
2601 1.5272116300e+01 -2.6047226700e+00 0.0000000000e+00
2602 1.5442920500e+01 -1.3073361400e+00 0.0000000000e+00
2603 1.5500000000e+01 0.0000000000e+00 0.0000000000e+00
2604 1.2721926800e+00 2.4168526300e-01 0.0000000000e+00
2605 1.2738386700e+00 2.1181978800e-01 0.0000000000e+00
2606 1.2752914400e+00 1.8181901800e-01 0.0000000000e+00
2607 1.2765399300e+00 1.5170030900e-01 0.0000000000e+00
2608 1.2775746400e+00 1.2148191300e-01 0.0000000000e+00
2609 1.2783877000e+00 9.1182841600e-02 0.0000000000e+00
2610 1.2789729100e+00 6.0822720400e-02 0.0000000000e+00
2611 1.2793258300e+00 3.0421639300e-02 0.0000000000e+00
2612 1.3010431600e+00 2.6698719900e-01 0.0000000000e+00
2613 1.3048289300e+00 2.3440771900e-01 0.0000000000e+00
2614 1.3081702900e+00 2.0151706100e-01 0.0000000000e+00
2615 1.3110418100e+00 1.6835514300e-01 0.0000000000e+00
2616 1.3134216500e+00 1.3496394600e-01 0.0000000000e+00
2617 1.3152916800e+00 1.0138719500e-01 0.0000000000e+00
2618 1.3166376800e+00 6.7670030100e-02 0.0000000000e+00
2619 1.3174493900e+00 3.3858657000e-02 0.0000000000e+00
2620 1.3385487700e+00 2.9987972100e-01 0.0000000000e+00
2621 1.3451162600e+00 2.6377203300e-01 0.0000000000e+00
2622 1.3509128000e+00 2.2712452100e-01 0.0000000000e+00
2623 1.3558942700e+00 1.9000643100e-01 0.0000000000e+00
2624 1.3600227600e+00 1.5249059200e-01 0.0000000000e+00
2625 1.3632668600e+00 1.1465285700e-01 0.0000000000e+00
2626 1.3656018700e+00 7.6571534000e-02 0.0000000000e+00
2627 1.3670100300e+00 3.8326780600e-02 0.0000000000e+00
2628 1.3873060800e+00 3.4264000600e-01 0.0000000000e+00
2629 1.3974898000e+00 3.0194564900e-01 0.0000000000e+00
2630 1.4064780700e+00 2.6041422500e-01 0.0000000000e+00
2631 1.4142024700e+00 2.1815311100e-01 0.0000000000e+00
2632 1.4206042300e+00 1.7527523500e-01 0.0000000000e+00
2633 1.4256346100e+00 1.3189822100e-01 0.0000000000e+00
2634 1.4292553400e+00 8.8143491000e-02 0.0000000000e+00
2635 1.4314388600e+00 4.4135342200e-02 0.0000000000e+00
2636 1.4506906000e+00 3.9822838500e-01 0.0000000000e+00
2637 1.4655754200e+00 3.5157135700e-01 0.0000000000e+00
2638 1.4787129300e+00 3.0369084700e-01 0.0000000000e+00
2639 1.4900031500e+00 2.5474379900e-01 0.0000000000e+00
2640 1.4993601400e+00 2.0489527500e-01 0.0000000000e+00
2641 1.5067127000e+00 1.5431719600e-01 0.0000000000e+00
2642 1.5120048600e+00 1.0318703700e-01 0.0000000000e+00
2643 1.5151963600e+00 5.1686473500e-02 0.0000000000e+00
2644 1.5330904600e+00 4.7049327500e-01 0.0000000000e+00
2645 1.5540867200e+00 4.1608477400e-01 0.0000000000e+00
2646 1.5726182500e+00 3.5995045300e-01 0.0000000000e+00
2647 1.5885440200e+00 3.0231169300e-01 0.0000000000e+00
2648 1.6017428200e+00 2.4340132600e-01 0.0000000000e+00
2649 1.6121142000e+00 1.8346186400e-01 0.0000000000e+00
2650 1.6195792400e+00 1.2274364700e-01 0.0000000000e+00
2651 1.6240811000e+00 6.1502943900e-02 0.0000000000e+00
2652 1.6402102800e+00 5.6443762500e-01 0.0000000000e+00
2653 1.6691514000e+00 4.9995221100e-01 0.0000000000e+00
2654 1.6946951600e+00 4.3308793500e-01 0.0000000000e+00
2655 1.7166471500e+00 3.6414994900e-01 0.0000000000e+00
2656 1.7348403000e+00 2.9345918900e-01 0.0000000000e+00
2657 1.7491361500e+00 2.2134992900e-01 0.0000000000e+00
2658 1.7594259100e+00 1.4816723700e-01 0.0000000000e+00
2659 1.7656312500e+00 7.4264354300e-02 0.0000000000e+00
2660 1.7794660400e+00 6.8656528000e-01 0.0000000000e+00
2661 1.8187354800e+00 6.0897987700e-01 0.0000000000e+00
2662 1.8533951400e+00 5.2816666000e-01 0.0000000000e+00
2663 1.8831812100e+00 4.4453968200e-01 0.0000000000e+00
2664 1.9078670200e+00 3.5853441000e-01 0.0000000000e+00
2665 1.9272646900e+00 2.7060441300e-01 0.0000000000e+00
2666 1.9412265800e+00 1.8121790500e-01 0.0000000000e+00
2667 1.9496464500e+00 9.0854187800e-02 0.0000000000e+00
2668 1.9604985200e+00 8.4533122600e-01 0.0000000000e+00
2669 2.0131947900e+00 7.5071584000e-01 0.0000000000e+00
2670 2.0597051000e+00 6.5176900100e-01 0.0000000000e+00
2671 2.0996754900e+00 5.4904633300e-01 0.0000000000e+00
2672 2.1328017500e+00 4.4313219600e-01 0.0000000000e+00
2673 2.1588317700e+00 3.3463524000e-01 0.0000000000e+00
2674 2.1775674600e+00 2.2418377100e-01 0.0000000000e+00
2675 2.1888662100e+00 1.1242097100e-01 0.0000000000e+00
2676 2.1958407600e+00 1.0517269700e+00 0.0000000000e+00
2677 2.2659919000e+00 9.3497260300e-01 0.0000000000e+00
2678 2.3279080700e+00 8.1245205300e-01 0.0000000000e+00
2679 2.3811180700e+00 6.8490498600e-01 0.0000000000e+00
2680 2.4252169200e+00 5.5310932300e-01 0.0000000000e+00
2681 2.4598690000e+00 4.1787532100e-01 0.0000000000e+00
2682 2.4848106100e+00 2.8003940100e-01 0.0000000000e+00
2683 2.4998519000e+00 1.4045779000e-01 0.0000000000e+00
2684 2.5017856500e+00 1.3200414200e+00 0.0000000000e+00
2685 2.5946281200e+00 1.1745063800e+00 0.0000000000e+00
2686 2.6765719100e+00 1.0213400100e+00 0.0000000000e+00
2687 2.7469933900e+00 8.6152122400e-01 0.0000000000e+00
2688 2.8053566100e+00 6.9607958000e-01 0.0000000000e+00
2689 2.8512173800e+00 5.2608741800e-01 0.0000000000e+00
2690 2.8842266800e+00 3.5265171500e-01 0.0000000000e+00
2691 2.9041332800e+00 1.7690565300e-01 0.0000000000e+00
2692 2.8995140300e+00 1.6688502100e+00 0.0000000000e+00
2693 3.0218552200e+00 1.4859003000e+00 0.0000000000e+00
2694 3.1298349200e+00 1.2928943600e+00 0.0000000000e+00
2695 3.2226313400e+00 1.0911223400e+00 0.0000000000e+00
2696 3.2995382300e+00 8.8194092100e-01 0.0000000000e+00
2697 3.3599702900e+00 6.6676315100e-01 0.0000000000e+00
2698 3.4034675900e+00 4.4704772700e-01 0.0000000000e+00
2699 3.4296991000e+00 2.2428787700e-01 0.0000000000e+00
2700 3.4165609200e+00 2.1223016500e+00 0.0000000000e+00
2701 3.5772504600e+00 1.8907123900e+00 0.0000000000e+00
2702 3.7190768300e+00 1.6459150100e+00 0.0000000000e+00
2703 3.8409606600e+00 1.3896038000e+00 0.0000000000e+00
2704 3.9419743300e+00 1.1235606600e+00 0.0000000000e+00
2705 4.0213490600e+00 8.4964160200e-01 0.0000000000e+00
2706 4.0784807700e+00 5.6976254200e-01 0.0000000000e+00
2707 4.1129346600e+00 2.8588476800e-01 0.0000000000e+00
2708 4.0887218900e+00 2.7117885300e+00 0.0000000000e+00
2709 4.2992642900e+00 2.4169681400e+00 0.0000000000e+00
2710 4.4850913400e+00 2.1048418800e+00 0.0000000000e+00
2711 4.6447888100e+00 1.7776297000e+00 0.0000000000e+00
2712 4.7771412900e+00 1.4376663400e+00 0.0000000000e+00
2713 4.8811415000e+00 1.0873836000e+00 0.0000000000e+00
2714 4.9559979400e+00 7.2929180700e-01 0.0000000000e+00
2715 5.0011409100e+00 3.6596072900e-01 0.0000000000e+00
2716 4.9625311600e+00 3.4781214800e+00 0.0000000000e+00
2717 5.2378822600e+00 3.1011006000e+00 0.0000000000e+00
2718 5.4809102000e+00 2.7014468100e+00 0.0000000000e+00
2719 5.6897654000e+00 2.2820633700e+00 0.0000000000e+00
2720 5.8628583300e+00 1.8460037200e+00 0.0000000000e+00
2721 5.9988716700e+00 1.3964481900e+00 0.0000000000e+00
2722 6.0967702600e+00 9.3667985000e-01 0.0000000000e+00
2723 6.1558090400e+00 4.7005947700e-01 0.0000000000e+00
2724 6.0984832200e+00 4.4743543200e+00 0.0000000000e+00
2725 6.4580856400e+00 3.9904728100e+00 0.0000000000e+00
2726 6.7754747400e+00 3.4770332200e+00 0.0000000000e+00
2727 7.0482349800e+00 2.9378271500e+00 0.0000000000e+00
2728 7.2742905100e+00 2.3768423100e+00 0.0000000000e+00
2729 7.4519209100e+00 1.7982321700e+00 0.0000000000e+00
2730 7.5797742900e+00 1.2062843100e+00 0.0000000000e+00
2731 7.6568776200e+00 6.0538785200e-01 0.0000000000e+00
2732 7.5752209200e+00 5.7694570300e+00 0.0000000000e+00
2733 8.0443500500e+00 5.1466567000e+00 0.0000000000e+00
2734 8.4584086400e+00 4.4852955700e+00 0.0000000000e+00
2735 8.8142454600e+00 3.7903200700e+00 0.0000000000e+00
2736 9.1091523600e+00 3.0669324900e+00 0.0000000000e+00
2737 9.3408849300e+00 2.3205513400e+00 0.0000000000e+00
2738 9.5076795500e+00 1.5567701100e+00 0.0000000000e+00
2739 9.6082668000e+00 7.8131474100e-01 0.0000000000e+00
2740 9.4949799300e+00 7.4530905500e+00 0.0000000000e+00
2741 1.0106493800e+01 6.6496957600e+00 0.0000000000e+00
2742 1.0646222700e+01 5.7960366200e+00 0.0000000000e+00
2743 1.1110059100e+01 4.8985608800e+00 0.0000000000e+00
2744 1.1494472800e+01 3.9640497300e+00 0.0000000000e+00
2745 1.1796538200e+01 2.9995662700e+00 0.0000000000e+00
2746 1.2013956400e+01 2.0124016600e+00 0.0000000000e+00
2747 1.2145072700e+01 1.0100197000e+00 0.0000000000e+00
2748 1.1990666600e+01 9.6418141500e+00 0.0000000000e+00
2749 1.2787280700e+01 8.6036465500e+00 0.0000000000e+00
2750 1.3490381100e+01 7.5000000000e+00 0.0000000000e+00
2751 1.4094616800e+01 6.3392739300e+00 0.0000000000e+00
2752 1.4595389300e+01 5.1303021500e+00 0.0000000000e+00
2753 1.4988887400e+01 3.8822856800e+00 0.0000000000e+00
2754 1.5272116300e+01 2.6047226700e+00 0.0000000000e+00
2755 1.5442920500e+01 1.3073361400e+00 0.0000000000e+00
2756 -4.2399650300e+00 1.4231399500e+01 0.0000000000e+00
2757 -3.2462097900e+00 1.0981908200e+01 0.0000000000e+00
2758 -6.2730003700e+00 1.3383813600e+01 0.0000000000e+00
2759 -4.8161522400e+00 1.0328911000e+01 0.0000000000e+00
2760 -8.1599907300e+00 1.2247634900e+01 0.0000000000e+00
2761 -6.2734700200e+00 9.4528794300e+00 0.0000000000e+00
2762 -9.8602472600e+00 1.0847362700e+01 0.0000000000e+00
2763 -7.5866890400e+00 8.3727251200e+00 0.0000000000e+00
2764 -1.1337107600e+01 9.2131906900e+00 0.0000000000e+00
2765 -8.7274466900e+00 7.1117692800e+00 0.0000000000e+00
2766 -1.2558726600e+01 7.3803563400e+00 0.0000000000e+00
2767 -9.6711046900e+00 5.6972388100e+00 0.0000000000e+00
2768 -1.3498762600e+01 5.3883807000e+00 0.0000000000e+00
2769 -1.0397281400e+01 4.1596782300e+00 0.0000000000e+00
2770 -1.4136945700e+01 3.2802163700e+00 0.0000000000e+00
2771 -1.0890292400e+01 2.5322899200e+00 0.0000000000e+00
2772 -1.4459515100e+01 1.1013213200e+00 0.0000000000e+00
2773 -1.1139489100e+01 8.5021680100e-01 0.0000000000e+00
2774 -1.4459515100e+01 -1.1013213200e+00 0.0000000000e+00
2775 -1.1139489100e+01 -8.5021680100e-01 0.0000000000e+00
2776 -1.4136945700e+01 -3.2802163700e+00 0.0000000000e+00
2777 -1.0890292400e+01 -2.5322899200e+00 0.0000000000e+00
2778 -1.3498762600e+01 -5.3883807000e+00 0.0000000000e+00
2779 -1.0397281400e+01 -4.1596782300e+00 0.0000000000e+00
2780 -1.2558726600e+01 -7.3803563400e+00 0.0000000000e+00
2781 -9.6711046900e+00 -5.6972388100e+00 0.0000000000e+00
2782 -1.1337107600e+01 -9.2131906900e+00 0.0000000000e+00
2783 -8.7274466900e+00 -7.1117692800e+00 0.0000000000e+00
2784 -9.8602472600e+00 -1.0847362700e+01 0.0000000000e+00
2785 -7.5866890400e+00 -8.3727251200e+00 0.0000000000e+00
2786 -8.1599907300e+00 -1.2247634900e+01 0.0000000000e+00
2787 -6.2734700200e+00 -9.4528794300e+00 0.0000000000e+00
2788 -6.2730003700e+00 -1.3383813600e+01 0.0000000000e+00
2789 -4.8161522400e+00 -1.0328911000e+01 0.0000000000e+00
2790 -4.2399650300e+00 -1.4231399500e+01 0.0000000000e+00
2791 -3.2462097900e+00 -1.0981908200e+01 0.0000000000e+00
2792 -2.4817826700e+00 8.4822995700e+00 0.0000000000e+00
2793 -3.6954998200e+00 7.9789860100e+00 0.0000000000e+00
2794 -4.8223002400e+00 7.3030675200e+00 0.0000000000e+00
2795 -5.8377981000e+00 6.4691577700e+00 0.0000000000e+00
2796 -6.7200151900e+00 5.4952912600e+00 0.0000000000e+00
2797 -7.4498570600e+00 4.4025330000e+00 0.0000000000e+00
2798 -8.0115267000e+00 3.2145224900e+00 0.0000000000e+00
2799 -8.3928667400e+00 1.9569618800e+00 0.0000000000e+00
2800 -8.5856229200e+00 6.5705947800e-01 0.0000000000e+00
2801 -8.5856229200e+00 -6.5705947800e-01 0.0000000000e+00
2802 -8.3928667400e+00 -1.9569618800e+00 0.0000000000e+00
2803 -8.0115267000e+00 -3.2145224900e+00 0.0000000000e+00
2804 -7.4498570600e+00 -4.4025330000e+00 0.0000000000e+00
2805 -6.7200151900e+00 -5.4952912600e+00 0.0000000000e+00
2806 -5.8377981000e+00 -6.4691577700e+00 0.0000000000e+00
2807 -4.8223002400e+00 -7.3030675200e+00 0.0000000000e+00
2808 -3.6954998200e+00 -7.9789860100e+00 0.0000000000e+00
2809 -2.4817826700e+00 -8.4822995700e+00 0.0000000000e+00
2810 -1.8937618200e+00 6.5595236800e+00 0.0000000000e+00
2811 -2.8334595100e+00 6.1713513700e+00 0.0000000000e+00
2812 -3.7060158000e+00 5.6493660600e+00 0.0000000000e+00
2813 -4.4924973700e+00 5.0048752000e+00 0.0000000000e+00
2814 -5.1758371100e+00 4.2518466400e+00 0.0000000000e+00
2815 -5.7412050500e+00 3.4066054600e+00 0.0000000000e+00
2816 -6.1763307600e+00 2.4874796100e+00 0.0000000000e+00
2817 -6.4717700800e+00 1.5144018500e+00 0.0000000000e+00
2818 -6.6211105000e+00 5.0847692200e-01 0.0000000000e+00
2819 -6.6211105000e+00 -5.0847692200e-01 0.0000000000e+00
2820 -6.4717700800e+00 -1.5144018500e+00 0.0000000000e+00
2821 -6.1763307600e+00 -2.4874796100e+00 0.0000000000e+00
2822 -5.7412050500e+00 -3.4066054600e+00 0.0000000000e+00
2823 -5.1758371100e+00 -4.2518466400e+00 0.0000000000e+00
2824 -4.4924973700e+00 -5.0048752000e+00 0.0000000000e+00
2825 -3.7060158000e+00 -5.6493660600e+00 0.0000000000e+00
2826 -2.8334595100e+00 -6.1713513700e+00 0.0000000000e+00
2827 -1.8937618200e+00 -6.5595236800e+00 0.0000000000e+00
2828 -1.4414380900e+00 5.0804653200e+00 0.0000000000e+00
2829 -2.1703515800e+00 4.7808632000e+00 0.0000000000e+00
2830 -2.8473354600e+00 4.3772880200e+00 0.0000000000e+00
2831 -3.4576506700e+00 3.8785040000e+00 0.0000000000e+00
2832 -3.9880078300e+00 3.2953507800e+00 0.0000000000e+00
2833 -4.4268573600e+00 2.6405073600e+00 0.0000000000e+00
2834 -4.7646415800e+00 1.9282158600e+00 0.0000000000e+00
2835 -4.9940034400e+00 1.1739710600e+00 0.0000000000e+00
2836 -5.1099471100e+00 3.9418264900e-01 0.0000000000e+00
2837 -5.1099471100e+00 -3.9418264900e-01 0.0000000000e+00
2838 -4.9940034400e+00 -1.1739710600e+00 0.0000000000e+00
2839 -4.7646415800e+00 -1.9282158600e+00 0.0000000000e+00
2840 -4.4268573600e+00 -2.6405073600e+00 0.0000000000e+00
2841 -3.9880078300e+00 -3.2953507800e+00 0.0000000000e+00
2842 -3.4576506700e+00 -3.8785040000e+00 0.0000000000e+00
2843 -2.8473354600e+00 -4.3772880200e+00 0.0000000000e+00
2844 -2.1703515800e+00 -4.7808632000e+00 0.0000000000e+00
2845 -1.4414380900e+00 -5.0804653200e+00 0.0000000000e+00
2846 -1.0934967600e+00 3.9427281300e+00 0.0000000000e+00
2847 -1.6602685600e+00 3.7112569300e+00 0.0000000000e+00
2848 -2.1868121400e+00 3.3987664700e+00 0.0000000000e+00
2849 -2.6616147600e+00 3.0120646300e+00 0.0000000000e+00
2850 -3.0742930100e+00 2.5595847500e+00 0.0000000000e+00
2851 -3.4158206800e+00 2.0512011400e+00 0.0000000000e+00
2852 -3.6787268500e+00 1.4980129800e+00 0.0000000000e+00
2853 -3.8572598800e+00 9.1210122600e-01 0.0000000000e+00
2854 -3.9475137500e+00 3.0626397900e-01 0.0000000000e+00
2855 -3.9475137500e+00 -3.0626397900e-01 0.0000000000e+00
2856 -3.8572598800e+00 -9.1210122600e-01 0.0000000000e+00
2857 -3.6787268500e+00 -1.4980129800e+00 0.0000000000e+00
2858 -3.4158206800e+00 -2.0512011400e+00 0.0000000000e+00
2859 -3.0742930100e+00 -2.5595847500e+00 0.0000000000e+00
2860 -2.6616147600e+00 -3.0120646300e+00 0.0000000000e+00
2861 -2.1868121400e+00 -3.3987664700e+00 0.0000000000e+00
2862 -1.6602685600e+00 -3.7112569300e+00 0.0000000000e+00
2863 -1.0934967600e+00 -3.9427281300e+00 0.0000000000e+00
2864 -8.2584958800e-01 3.0675456700e+00 0.0000000000e+00
2865 -1.2678970100e+00 2.8884828800e+00 0.0000000000e+00
2866 -1.6787172700e+00 2.6460575700e+00 0.0000000000e+00
2867 -2.0492794400e+00 2.3455728000e+00 0.0000000000e+00
2868 -2.3714354600e+00 1.9936108700e+00 0.0000000000e+00
2869 -2.6381001600e+00 1.5978886600e+00 0.0000000000e+00
2870 -2.8434078200e+00 1.1670876900e+00 0.0000000000e+00
2871 -2.9828417600e+00 7.1066289200e-01 0.0000000000e+00
2872 -3.0533342400e+00 2.3863423200e-01 0.0000000000e+00
2873 -3.0533342400e+00 -2.3863423200e-01 0.0000000000e+00
2874 -2.9828417600e+00 -7.1066289200e-01 0.0000000000e+00
2875 -2.8434078200e+00 -1.1670876900e+00 0.0000000000e+00
2876 -2.6381001600e+00 -1.5978886600e+00 0.0000000000e+00
2877 -2.3714354600e+00 -1.9936108700e+00 0.0000000000e+00
2878 -2.0492794400e+00 -2.3455728000e+00 0.0000000000e+00
2879 -1.6787172700e+00 -2.6460575700e+00 0.0000000000e+00
2880 -1.2678970100e+00 -2.8884828800e+00 0.0000000000e+00
2881 -8.2584958800e-01 -3.0675456700e+00 0.0000000000e+00
2882 -6.1996715400e-01 2.3943284200e+00 0.0000000000e+00
2883 -9.6607274800e-01 2.2555797800e+00 0.0000000000e+00
2884 -1.2878750800e+00 2.0670507600e+00 0.0000000000e+00
2885 -1.5782522900e+00 1.8328868000e+00 0.0000000000e+00
2886 -1.8307758200e+00 1.5582463700e+00 0.0000000000e+00
2887 -2.0398536300e+00 1.2491867700e+00 0.0000000000e+00
2888 -2.2008547400e+00 9.1252978000e-01 0.0000000000e+00
2889 -2.3102124600e+00 5.5571033200e-01 0.0000000000e+00
2890 -2.3655038700e+00 1.8661135200e-01 0.0000000000e+00
2891 -2.3655038700e+00 -1.8661135200e-01 0.0000000000e+00
2892 -2.3102124600e+00 -5.5571033200e-01 0.0000000000e+00
2893 -2.2008547400e+00 -9.1252978000e-01 0.0000000000e+00
2894 -2.0398536300e+00 -1.2491867700e+00 0.0000000000e+00
2895 -1.8307758200e+00 -1.5582463700e+00 0.0000000000e+00
2896 -1.5782522900e+00 -1.8328868000e+00 0.0000000000e+00
2897 -1.2878750800e+00 -2.0670507600e+00 0.0000000000e+00
2898 -9.6607274800e-01 -2.2555797800e+00 0.0000000000e+00
2899 -6.1996715400e-01 -2.3943284200e+00 0.0000000000e+00
2900 -4.6159605000e-01 1.8764690000e+00 0.0000000000e+00
2901 -7.3390023800e-01 1.7687312400e+00 0.0000000000e+00
2902 -9.8722723700e-01 1.6216609000e+00 0.0000000000e+00
2903 -1.2159237000e+00 1.4385129500e+00 0.0000000000e+00
2904 -1.4148837900e+00 1.2233506000e+00 0.0000000000e+00
2905 -1.5796639900e+00 9.8095453700e-01 0.0000000000e+00
2906 -1.7065831400e+00 7.1671600300e-01 0.0000000000e+00
2907 -1.7928053000e+00 4.3651605500e-01 0.0000000000e+00
2908 -1.8364035800e+00 1.4659375200e-01 0.0000000000e+00
2909 -1.8364035800e+00 -1.4659375200e-01 0.0000000000e+00
2910 -1.7928053000e+00 -4.3651605500e-01 0.0000000000e+00
2911 -1.7065831400e+00 -7.1671600300e-01 0.0000000000e+00
2912 -1.5796639900e+00 -9.8095453700e-01 0.0000000000e+00
2913 -1.4148837900e+00 -1.2233506000e+00 0.0000000000e+00
2914 -1.2159237000e+00 -1.4385129500e+00 0.0000000000e+00
2915 -9.8722723700e-01 -1.6216609000e+00 0.0000000000e+00
2916 -7.3390023800e-01 -1.7687312400e+00 0.0000000000e+00
2917 -4.6159605000e-01 -1.8764690000e+00 0.0000000000e+00
2918 -3.3977212800e-01 1.4781156100e+00 0.0000000000e+00
2919 -5.5530600700e-01 1.3942323800e+00 0.0000000000e+00
2920 -7.5595967500e-01 1.2790533200e+00 0.0000000000e+00
2921 -9.3720942200e-01 1.1351484600e+00 0.0000000000e+00
2922 -1.0949668500e+00 9.6573847600e-01 0.0000000000e+00
2923 -1.2256719700e+00 7.7462206200e-01 0.0000000000e+00
2924 -1.3263742300e+00 5.6609002700e-01 0.0000000000e+00
2925 -1.3947998100e+00 3.4482815300e-01 0.0000000000e+00
2926 -1.4294033800e+00 1.1581098400e-01 0.0000000000e+00
2927 -1.4294033800e+00 -1.1581098400e-01 0.0000000000e+00
2928 -1.3947998100e+00 -3.4482815300e-01 0.0000000000e+00
2929 -1.3263742300e+00 -5.6609002700e-01 0.0000000000e+00
2930 -1.2256719700e+00 -7.7462206200e-01 0.0000000000e+00
2931 -1.0949668500e+00 -9.6573847600e-01 0.0000000000e+00
2932 -9.3720942200e-01 -1.1351484600e+00 0.0000000000e+00
2933 -7.5595967500e-01 -1.2790533200e+00 0.0000000000e+00
2934 -5.5530600700e-01 -1.3942323800e+00 0.0000000000e+00
2935 -3.3977212800e-01 -1.4781156100e+00 0.0000000000e+00
2936 -2.4606141300e-01 1.1716899000e+00 0.0000000000e+00
2937 -4.1792582100e-01 1.1061563100e+00 0.0000000000e+00
2938 -5.7806154000e-01 1.0155090200e+00 0.0000000000e+00
2939 -7.2281380700e-01 9.0179114700e-01 0.0000000000e+00
2940 -8.4887689000e-01 7.6757529200e-01 0.0000000000e+00
2941 -9.5337040000e-01 6.1590476300e-01 0.0000000000e+00
2942 -1.0339058200e+00 4.5022388500e-01 0.0000000000e+00
2943 -1.0886417200e+00 2.7429899300e-01 0.0000000000e+00
2944 -1.1163262800e+00 9.2131929900e-02 0.0000000000e+00
2945 -1.1163262800e+00 -9.2131929900e-02 0.0000000000e+00
2946 -1.0886417200e+00 -2.7429899300e-01 0.0000000000e+00
2947 -1.0339058200e+00 -4.5022388500e-01 0.0000000000e+00
2948 -9.5337040000e-01 -6.1590476300e-01 0.0000000000e+00
2949 -8.4887689000e-01 -7.6757529200e-01 0.0000000000e+00
2950 -7.2281380700e-01 -9.0179114700e-01 0.0000000000e+00
2951 -5.7806154000e-01 -1.0155090200e+00 0.0000000000e+00
2952 -4.1792582100e-01 -1.1061563100e+00 0.0000000000e+00
2953 -2.4606141300e-01 -1.1716899000e+00 0.0000000000e+00
2954 -1.7397625100e-01 9.3597783900e-01 0.0000000000e+00
2955 -3.1224876000e-01 8.8455935100e-01 0.0000000000e+00
2956 -4.4121682800e-01 8.1278264300e-01 0.0000000000e+00
2957 -5.5789411300e-01 7.2228553100e-01 0.0000000000e+00
2958 -6.5957692700e-01 6.1514208300e-01 0.0000000000e+00
2959 -7.4390766500e-01 4.9381454000e-01 0.0000000000e+00
2960 -8.0893013700e-01 3.6109608800e-01 0.0000000000e+00
2961 -8.5313551000e-01 2.2004579600e-01 0.0000000000e+00
2962 -8.7549775400e-01 7.3917274000e-02 0.0000000000e+00
2963 -8.7549775400e-01 -7.3917274000e-02 0.0000000000e+00
2964 -8.5313551000e-01 -2.2004579600e-01 0.0000000000e+00
2965 -8.0893013700e-01 -3.6109608800e-01 0.0000000000e+00
2966 -7.4390766500e-01 -4.9381454000e-01 0.0000000000e+00
2967 -6.5957692700e-01 -6.1514208300e-01 0.0000000000e+00
2968 -5.5789411300e-01 -7.2228553100e-01 0.0000000000e+00
2969 -4.4121682800e-01 -8.1278264300e-01 0.0000000000e+00
2970 -3.1224876000e-01 -8.8455935100e-01 0.0000000000e+00
2971 -1.7397625100e-01 -9.3597783900e-01 0.0000000000e+00
2972 -1.1852612600e-01 7.5466086100e-01 0.0000000000e+00
2973 -2.3095871200e-01 7.1410014600e-01 0.0000000000e+00
2974 -3.3595166300e-01 6.5683927300e-01 0.0000000000e+00
2975 -4.3103280600e-01 5.8420428600e-01 0.0000000000e+00
2976 -5.1396156800e-01 4.9788576500e-01 0.0000000000e+00
2977 -5.8278248100e-01 3.9989898100e-01 0.0000000000e+00
2978 -6.3587191300e-01 2.9253624300e-01 0.0000000000e+00
2979 -6.7197688300e-01 1.7831256700e-01 0.0000000000e+00
2980 -6.9024503800e-01 5.9905999900e-02 0.0000000000e+00
2981 -6.9024503800e-01 -5.9905999900e-02 0.0000000000e+00
2982 -6.7197688300e-01 -1.7831256700e-01 0.0000000000e+00
2983 -6.3587191300e-01 -2.9253624300e-01 0.0000000000e+00
2984 -5.8278248100e-01 -3.9989898100e-01 0.0000000000e+00
2985 -5.1396156800e-01 -4.9788576500e-01 0.0000000000e+00
2986 -4.3103280600e-01 -5.8420428600e-01 0.0000000000e+00
2987 -3.3595166300e-01 -6.5683927300e-01 0.0000000000e+00
2988 -2.3095871200e-01 -7.1410014600e-01 0.0000000000e+00
2989 -1.1852612600e-01 -7.5466086100e-01 0.0000000000e+00
2990 -7.5872183300e-02 6.1518626200e-01 0.0000000000e+00
2991 -1.6842790500e-01 5.8297768000e-01 0.0000000000e+00
2992 -2.5497845900e-01 5.3688283400e-01 0.0000000000e+00
2993 -3.3344718500e-01 4.7798794200e-01 0.0000000000e+00
2994 -4.0194975200e-01 4.0768859600e-01 0.0000000000e+00
2995 -4.5884003100e-01 3.2765624400e-01 0.0000000000e+00
2996 -5.0275020000e-01 2.3979790000e-01 0.0000000000e+00
2997 -5.3262409300e-01 1.4621008300e-01 0.0000000000e+00
2998 -5.4774294800e-01 4.9128096700e-02 0.0000000000e+00
2999 -5.4774294800e-01 -4.9128096700e-02 0.0000000000e+00
3000 -5.3262409300e-01 -1.4621008300e-01 0.0000000000e+00
3001 -5.0275020000e-01 -2.3979790000e-01 0.0000000000e+00
3002 -4.5884003100e-01 -3.2765624400e-01 0.0000000000e+00
3003 -4.0194975200e-01 -4.0768859600e-01 0.0000000000e+00
3004 -3.3344718500e-01 -4.7798794200e-01 0.0000000000e+00
3005 -2.5497845900e-01 -5.3688283400e-01 0.0000000000e+00
3006 -1.6842790500e-01 -5.8297768000e-01 0.0000000000e+00
3007 -7.5872183300e-02 -6.1518626200e-01 0.0000000000e+00
3008 -4.3061455500e-02 5.0789810000e-01 0.0000000000e+00
3009 -1.2032728100e-01 4.8211423600e-01 0.0000000000e+00
3010 -1.9269137300e-01 4.4460864300e-01 0.0000000000e+00
3011 -2.5838131700e-01 3.9628305600e-01 0.0000000000e+00
3012 -3.1578681000e-01 3.3830615400e-01 0.0000000000e+00
3013 -3.6349967700e-01 2.7208490300e-01 0.0000000000e+00
3014 -4.0034887500e-01 1.9922994000e-01 0.0000000000e+00
3015 -4.2542963000e-01 1.2151586200e-01 0.0000000000e+00
3016 -4.3812594700e-01 4.0837401300e-02 0.0000000000e+00
3017 -4.3812594700e-01 -4.0837401300e-02 0.0000000000e+00
3018 -4.2542963000e-01 -1.2151586200e-01 0.0000000000e+00
3019 -4.0034887500e-01 -1.9922994000e-01 0.0000000000e+00
3020 -3.6349967700e-01 -2.7208490300e-01 0.0000000000e+00
3021 -3.1578681000e-01 -3.3830615400e-01 0.0000000000e+00
3022 -2.5838131700e-01 -3.9628305600e-01 0.0000000000e+00
3023 -1.9269137300e-01 -4.4460864300e-01 0.0000000000e+00
3024 -1.2032728100e-01 -4.8211423600e-01 0.0000000000e+00
3025 -4.3061455500e-02 -5.0789810000e-01 0.0000000000e+00
3026 -1.7822433200e-02 4.2536874200e-01 0.0000000000e+00
3027 -8.3326799300e-02 4.0452697000e-01 0.0000000000e+00
3028 -1.4477822900e-01 3.7362849400e-01 0.0000000000e+00
3029 -2.0063833900e-01 3.3343314100e-01 0.0000000000e+00
3030 -2.4950762200e-01 2.8493504200e-01 0.0000000000e+00
3031 -2.9016094100e-01 2.2933771600e-01 0.0000000000e+00
3032 -3.2157862300e-01 1.6802381700e-01 0.0000000000e+00
3033 -3.4297234800e-01 1.0252030700e-01 0.0000000000e+00
3034 -3.5380517400e-01 3.4459943000e-02 0.0000000000e+00
3035 -3.5380517400e-01 -3.4459943000e-02 0.0000000000e+00
3036 -3.4297234800e-01 -1.0252030700e-01 0.0000000000e+00
3037 -3.2157862300e-01 -1.6802381700e-01 0.0000000000e+00
3038 -2.9016094100e-01 -2.2933771600e-01 0.0000000000e+00
3039 -2.4950762200e-01 -2.8493504200e-01 0.0000000000e+00
3040 -2.0063833900e-01 -3.3343314100e-01 0.0000000000e+00
3041 -1.4477822900e-01 -3.7362849400e-01 0.0000000000e+00
3042 -8.3326799300e-02 -4.0452697000e-01 0.0000000000e+00
3043 -1.7822433200e-02 -4.2536874200e-01 0.0000000000e+00
3044 1.5921964500e-03 3.6188463000e-01 0.0000000000e+00
3045 -5.4864894600e-02 3.4484446600e-01 0.0000000000e+00
3046 -1.0792197000e-01 3.1902838700e-01 0.0000000000e+00
3047 -1.5622067100e-01 2.8508706000e-01 0.0000000000e+00
3048 -1.9852363900e-01 2.4388034700e-01 0.0000000000e+00
3049 -2.3374653700e-01 1.9645526900e-01 0.0000000000e+00
3050 -2.6098613000e-01 1.4401911000e-01 0.0000000000e+00
3051 -2.7954367900e-01 8.7908344100e-02 0.0000000000e+00
3052 -2.8894305100e-01 2.9554206600e-02 0.0000000000e+00
3053 -2.8894305100e-01 -2.9554206600e-02 0.0000000000e+00
3054 -2.7954367900e-01 -8.7908344100e-02 0.0000000000e+00
3055 -2.6098613000e-01 -1.4401911000e-01 0.0000000000e+00
3056 -2.3374653700e-01 -1.9645526900e-01 0.0000000000e+00
3057 -1.9852363900e-01 -2.4388034700e-01 0.0000000000e+00
3058 -1.5622067100e-01 -2.8508706000e-01 0.0000000000e+00
3059 -1.0792197000e-01 -3.1902838700e-01 0.0000000000e+00
3060 -5.4864894600e-02 -3.4484446600e-01 0.0000000000e+00
3061 1.5921964500e-03 -3.6188463000e-01 0.0000000000e+00
3062 1.6526524300e-02 3.1305070600e-01 0.0000000000e+00
3063 -3.2971125600e-02 2.9893485500e-01 0.0000000000e+00
3064 -7.9571006100e-02 2.7702831200e-01 0.0000000000e+00
3065 -1.2205324000e-01 2.4789777400e-01 0.0000000000e+00
3066 -1.5930519700e-01 2.1229981800e-01 0.0000000000e+00
3067 -1.9035084900e-01 1.7116108400e-01 0.0000000000e+00
3068 -2.1437652800e-01 1.2555395400e-01 0.0000000000e+00
3069 -2.3075240400e-01 7.6668374400e-02 0.0000000000e+00
3070 -2.3904911900e-01 2.5780563900e-02 0.0000000000e+00
3071 -2.3904911900e-01 -2.5780563900e-02 0.0000000000e+00
3072 -2.3075240400e-01 -7.6668374400e-02 0.0000000000e+00
3073 -2.1437652800e-01 -1.2555395400e-01 0.0000000000e+00
3074 -1.9035084900e-01 -1.7116108400e-01 0.0000000000e+00
3075 -1.5930519700e-01 -2.1229981800e-01 0.0000000000e+00
3076 -1.2205324000e-01 -2.4789777400e-01 0.0000000000e+00
3077 -7.9571006100e-02 -2.7702831200e-01 0.0000000000e+00
3078 -3.2971125600e-02 -2.9893485500e-01 0.0000000000e+00
3079 1.6526524300e-02 -3.1305070600e-01 0.0000000000e+00
3080 2.8014467200e-02 2.7548615400e-01 0.0000000000e+00
3081 -1.6129767200e-02 2.6361977500e-01 0.0000000000e+00
3082 -5.7762575500e-02 2.4472056700e-01 0.0000000000e+00
3083 -9.5770604100e-02 2.1929063400e-01 0.0000000000e+00
3084 -1.2913716900e-01 1.8800710700e-01 0.0000000000e+00
3085 -1.5696955500e-01 1.5170402100e-01 0.0000000000e+00
3086 -1.7852299300e-01 1.1134999000e-01 0.0000000000e+00
3087 -1.9322065900e-01 6.8022245000e-02 0.0000000000e+00
3088 -2.0066917600e-01 2.2877762300e-02 0.0000000000e+00
3089 -2.0066917600e-01 -2.2877762300e-02 0.0000000000e+00
3090 -1.9322065900e-01 -6.8022245000e-02 0.0000000000e+00
3091 -1.7852299300e-01 -1.1134999000e-01 0.0000000000e+00
3092 -1.5696955500e-01 -1.5170402100e-01 0.0000000000e+00
3093 -1.2913716900e-01 -1.8800710700e-01 0.0000000000e+00
3094 -9.5770604100e-02 -2.1929063400e-01 0.0000000000e+00
3095 -5.7762575500e-02 -2.4472056700e-01 0.0000000000e+00
3096 -1.6129767200e-02 -2.6361977500e-01 0.0000000000e+00
3097 2.8014467200e-02 -2.7548615400e-01 0.0000000000e+00
$EndNodes
$Elements
3192
1 1 3 5900 5900 0 1 2 
2 1 3 5900 5900 0 2 21 
3 1 3 5900 5900 0 21 31 
4 1 3 5900 5900 0 31 41 
5 1 3 5900 5900 0 41 51 
6 1 3 5900 5900 0 51 61 
7 1 3 5900 5900 0 61 71 
8 1 3 5900 5900 0 71 81 
9 1 3 5900 5900 0 81 91 
10 1 3 5900 5900 0 91 101 
11 1 3 5900 5900 0 101 111 
12 1 3 5900 5900 0 111 121 
13 1 3 5900 5900 0 121 131 
14 1 3 5900 5900 0 131 141 
15 1 3 5900 5900 0 141 151 
16 1 3 5900 5900 0 151 161 
17 1 3 5900 5900 0 161 171 
18 1 3 5900 5900 0 171 181 
19 1 3 5900 5900 0 181 191 
20 1 3 5900 5900 0 191 201 
21 1 3 5900 5900 0 201 211 
22 1 3 5900 5900 0 211 221 
23 1 3 5900 5900 0 221 231 
24 1 3 5900 5900 0 231 241 
25 1 3 5900 5900 0 241 251 
26 1 3 5900 5900 0 251 261 
27 1 3 5900 5900 0 261 271 
28 1 3 5900 5900 0 271 281 
29 1 3 5900 5900 0 281 291 
30 1 3 5900 5900 0 291 301 
31 1 3 5900 5900 0 301 311 
32 1 3 5900 5900 0 311 321 
33 1 3 5900 5900 0 321 331 
34 1 3 5900 5900 0 331 341 
35 1 3 5900 5900 0 341 351 
36 1 3 5900 5900 0 351 361 
37 1 3 5900 5900 0 361 371 
38 1 3 5900 5900 0 371 381 
39 1 3 5900 5900 0 381 391 
40 1 3 5900 5900 0 391 401 
41 1 3 5900 5900 0 401 411 
42 1 3 5900 5900 0 411 421 
43 1 3 5900 5900 0 421 431 
44 1 3 5900 5900 0 431 441 
45 1 3 5900 5900 0 441 451 
46 1 3 5900 5900 0 451 461 
47 1 3 5900 5900 0 461 471 
48 1 3 5900 5900 0 471 481 
49 1 3 5900 5900 0 493 481 
50 1 3 5900 5900 0 511 493 
51 1 3 5900 5900 0 521 511 
52 1 3 5900 5900 0 531 521 
53 1 3 5900 5900 0 541 531 
54 1 3 5900 5900 0 551 541 
55 1 3 5900 5900 0 561 551 
56 1 3 5900 5900 0 571 561 
57 1 3 5900 5900 0 581 571 
58 1 3 5900 5900 0 591 581 
59 1 3 5900 5900 0 601 591 
60 1 3 5900 5900 0 611 601 
61 1 3 5900 5900 0 621 611 
62 1 3 5900 5900 0 631 621 
63 1 3 5900 5900 0 641 631 
64 1 3 5900 5900 0 651 641 
65 1 3 5900 5900 0 661 651 
66 1 3 5900 5900 0 671 661 
67 1 3 5900 5900 0 681 671 
68 1 3 5900 5900 0 691 681 
69 1 3 5900 5900 0 701 691 
70 1 3 5900 5900 0 711 701 
71 1 3 5900 5900 0 721 711 
72 1 3 5900 5900 0 731 721 
73 1 3 5900 5900 0 741 731 
74 1 3 5900 5900 0 751 741 
75 1 3 5900 5900 0 761 751 
76 1 3 5900 5900 0 771 761 
77 1 3 5900 5900 0 1 771 
78 1 3 5901 5901 0 1131 1132 
79 1 3 5901 5901 0 1132 1133 
80 1 3 5901 5901 0 1133 1134 
81 1 3 5901 5901 0 1134 1135 
82 1 3 5901 5901 0 1135 1136 
83 1 3 5901 5901 0 1136 1137 
84 1 3 5901 5901 0 1137 1138 
85 1 3 5901 5901 0 1138 1139 
86 1 3 5901 5901 0 1139 1140 
87 1 3 5901 5901 0 1321 1322 
88 1 3 5901 5901 0 1322 1323 
89 1 3 5901 5901 0 1323 1324 
90 1 3 5901 5901 0 1324 1325 
91 1 3 5901 5901 0 1325 1326 
92 1 3 5901 5901 0 1326 1327 
93 1 3 5901 5901 0 1327 1328 
94 1 3 5901 5901 0 1328 1329 
95 1 3 5901 5901 0 1329 1330 
96 1 3 5901 5901 0 1334 1331 
97 1 3 5901 5901 0 1336 1334 
98 1 3 5901 5901 0 1338 1336 
99 1 3 5901 5901 0 1340 1338 
100 1 3 5901 5901 0 1342 1340 
101 1 3 5901 5901 0 1344 1342 
102 1 3 5901 5901 0 1346 1344 
103 1 3 5901 5901 0 1348 1346 
104 1 3 5901 5901 0 1350 1348 
105 1 3 5901 5901 0 1352 1350 
106 1 3 5901 5901 0 1354 1352 
107 1 3 5901 5901 0 1356 1354 
108 1 3 5901 5901 0 1358 1356 
109 1 3 5901 5901 0 1360 1358 
110 1 3 5901 5901 0 1362 1360 
111 1 3 5901 5901 0 1364 1362 
112 1 3 5901 5901 0 1366 1364 
113 1 3 5901 5901 0 1368 1366 
114 1 3 5901 5901 0 1370 1368 
115 1 3 5901 5901 0 1372 1370 
116 1 3 5901 5901 0 1374 1372 
117 1 3 5901 5901 0 1376 1374 
118 1 3 5901 5901 0 1378 1376 
119 1 3 5901 5901 0 1380 1378 
120 1 3 5901 5901 0 1382 1380 
121 1 3 5901 5901 0 1384 1382 
122 1 3 5901 5901 0 1386 1384 
123 1 3 5901 5901 0 1388 1386 
124 1 3 5901 5901 0 1131 1388 
125 1 3 5901 5901 0 1885 1882 
126 1 3 5901 5901 0 1887 1885 
127 1 3 5901 5901 0 1889 1887 
128 1 3 5901 5901 0 1891 1889 
129 1 3 5901 5901 0 1893 1891 
130 1 3 5901 5901 0 1895 1893 
131 1 3 5901 5901 0 1897 1895 
132 1 3 5901 5901 0 1899 1897 
133 1 3 5901 5901 0 1901 1899 
134 1 3 5901 5901 0 1903 1901 
135 1 3 5901 5901 0 1905 1903 
136 1 3 5901 5901 0 1907 1905 
137 1 3 5901 5901 0 1909 1907 
138 1 3 5901 5901 0 1911 1909 
139 1 3 5901 5901 0 1913 1911 
140 1 3 5901 5901 0 1915 1913 
141 1 3 5901 5901 0 1917 1915 
142 1 3 5901 5901 0 1919 1917 
143 1 3 5901 5901 0 1921 1919 
144 1 3 5901 5901 0 1923 1921 
145 1 3 5901 5901 0 1925 1923 
146 1 3 5901 5901 0 1927 1925 
147 1 3 5901 5901 0 1929 1927 
148 1 3 5901 5901 0 1931 1929 
149 1 3 5901 5901 0 1933 1931 
150 1 3 5901 5901 0 1935 1933 
151 1 3 5901 5901 0 1937 1935 
152 1 3 5901 5901 0 1939 1937 
153 1 3 5901 5901 0 1330 1939 
154 1 3 5901 5901 0 1321 2595 
155 1 3 5901 5901 0 2595 2596 
156 1 3 5901 5901 0 2596 2597 
157 1 3 5901 5901 0 2597 2598 
158 1 3 5901 5901 0 2598 2599 
159 1 3 5901 5901 0 2599 2600 
160 1 3 5901 5901 0 2600 2601 
161 1 3 5901 5901 0 2601 2602 
162 1 3 5901 5901 0 2602 2603 
163 1 3 5901 5901 0 1140 2748 
164 1 3 5901 5901 0 2748 2749 
165 1 3 5901 5901 0 2749 2750 
166 1 3 5901 5901 0 2750 2751 
167 1 3 5901 5901 0 2751 2752 
168 1 3 5901 5901 0 2752 2753 
169 1 3 5901 5901 0 2753 2754 
170 1 3 5901 5901 0 2754 2755 
171 1 3 5901 5901 0 2755 2603 
172 1 3 5901 5901 0 1331 2756 
173 1 3 5901 5901 0 2756 2758 
174 1 3 5901 5901 0 2758 2760 
175 1 3 5901 5901 0 2760 2762 
176 1 3 5901 5901 0 2762 2764 
177 1 3 5901 5901 0 2764 2766 
178 1 3 5901 5901 0 2766 2768 
179 1 3 5901 5901 0 2768 2770 
180 1 3 5901 5901 0 2770 2772 
181 1 3 5901 5901 0 2772 2774 
182 1 3 5901 5901 0 2774 2776 
183 1 3 5901 5901 0 2776 2778 
184 1 3 5901 5901 0 2778 2780 
185 1 3 5901 5901 0 2780 2782 
186 1 3 5901 5901 0 2782 2784 
187 1 3 5901 5901 0 2784 2786 
188 1 3 5901 5901 0 2786 2788 
189 1 3 5901 5901 0 2788 2790 
190 1 3 5901 5901 0 2790 1882 
191 3 3 1 1 0 1 2 3 4 
192 3 3 1 1 0 4 3 5 6 
193 3 3 1 1 0 6 5 7 8 
194 3 3 1 1 0 8 7 9 10 
195 3 3 1 1 0 10 9 11 12 
196 3 3 1 1 0 12 11 13 14 
197 3 3 1 1 0 14 13 15 16 
198 3 3 1 1 0 16 15 17 18 
199 3 3 1 1 0 18 17 19 20 
200 3 3 1 1 0 2 21 22 3 
201 3 3 1 1 0 3 22 23 5 
202 3 3 1 1 0 5 23 24 7 
203 3 3 1 1 0 7 24 25 9 
204 3 3 1 1 0 9 25 26 11 
205 3 3 1 1 0 11 26 27 13 
206 3 3 1 1 0 13 27 28 15 
207 3 3 1 1 0 15 28 29 17 
208 3 3 1 1 0 17 29 30 19 
209 3 3 1 1 0 21 31 32 22 
210 3 3 1 1 0 22 32 33 23 
211 3 3 1 1 0 23 33 34 24 
212 3 3 1 1 0 24 34 35 25 
213 3 3 1 1 0 25 35 36 26 
214 3 3 1 1 0 26 36 37 27 
215 3 3 1 1 0 27 37 38 28 
216 3 3 1 1 0 28 38 39 29 
217 3 3 1 1 0 29 39 40 30 
218 3 3 1 1 0 31 41 42 32 
219 3 3 1 1 0 32 42 43 33 
220 3 3 1 1 0 33 43 44 34 
221 3 3 1 1 0 34 44 45 35 
222 3 3 1 1 0 35 45 46 36 
223 3 3 1 1 0 36 46 47 37 
224 3 3 1 1 0 37 47 48 38 
225 3 3 1 1 0 38 48 49 39 
226 3 3 1 1 0 39 49 50 40 
227 3 3 1 1 0 41 51 52 42 
228 3 3 1 1 0 42 52 53 43 
229 3 3 1 1 0 43 53 54 44 
230 3 3 1 1 0 44 54 55 45 
231 3 3 1 1 0 45 55 56 46 
232 3 3 1 1 0 46 56 57 47 
233 3 3 1 1 0 47 57 58 48 
234 3 3 1 1 0 48 58 59 49 
235 3 3 1 1 0 49 59 60 50 
236 3 3 1 1 0 51 61 62 52 
237 3 3 1 1 0 52 62 63 53 
238 3 3 1 1 0 53 63 64 54 
239 3 3 1 1 0 54 64 65 55 
240 3 3 1 1 0 55 65 66 56 
241 3 3 1 1 0 56 66 67 57 
242 3 3 1 1 0 57 67 68 58 
243 3 3 1 1 0 58 68 69 59 
244 3 3 1 1 0 59 69 70 60 
245 3 3 1 1 0 61 71 72 62 
246 3 3 1 1 0 62 72 73 63 
247 3 3 1 1 0 63 73 74 64 
248 3 3 1 1 0 64 74 75 65 
249 3 3 1 1 0 65 75 76 66 
250 3 3 1 1 0 66 76 77 67 
251 3 3 1 1 0 67 77 78 68 
252 3 3 1 1 0 68 78 79 69 
253 3 3 1 1 0 69 79 80 70 
254 3 3 1 1 0 71 81 82 72 
255 3 3 1 1 0 72 82 83 73 
256 3 3 1 1 0 73 83 84 74 
257 3 3 1 1 0 74 84 85 75 
258 3 3 1 1 0 75 85 86 76 
259 3 3 1 1 0 76 86 87 77 
260 3 3 1 1 0 77 87 88 78 
261 3 3 1 1 0 78 88 89 79 
262 3 3 1 1 0 79 89 90 80 
263 3 3 1 1 0 81 91 92 82 
264 3 3 1 1 0 82 92 93 83 
265 3 3 1 1 0 83 93 94 84 
266 3 3 1 1 0 84 94 95 85 
267 3 3 1 1 0 85 95 96 86 
268 3 3 1 1 0 86 96 97 87 
269 3 3 1 1 0 87 97 98 88 
270 3 3 1 1 0 88 98 99 89 
271 3 3 1 1 0 89 99 100 90 
272 3 3 1 1 0 91 101 102 92 
273 3 3 1 1 0 92 102 103 93 
274 3 3 1 1 0 93 103 104 94 
275 3 3 1 1 0 94 104 105 95 
276 3 3 1 1 0 95 105 106 96 
277 3 3 1 1 0 96 106 107 97 
278 3 3 1 1 0 97 107 108 98 
279 3 3 1 1 0 98 108 109 99 
280 3 3 1 1 0 99 109 110 100 
281 3 3 1 1 0 101 111 112 102 
282 3 3 1 1 0 102 112 113 103 
283 3 3 1 1 0 103 113 114 104 
284 3 3 1 1 0 104 114 115 105 
285 3 3 1 1 0 105 115 116 106 
286 3 3 1 1 0 106 116 117 107 
287 3 3 1 1 0 107 117 118 108 
288 3 3 1 1 0 108 118 119 109 
289 3 3 1 1 0 109 119 120 110 
290 3 3 1 1 0 111 121 122 112 
291 3 3 1 1 0 112 122 123 113 
292 3 3 1 1 0 113 123 124 114 
293 3 3 1 1 0 114 124 125 115 
294 3 3 1 1 0 115 125 126 116 
295 3 3 1 1 0 116 126 127 117 
296 3 3 1 1 0 117 127 128 118 
297 3 3 1 1 0 118 128 129 119 
298 3 3 1 1 0 119 129 130 120 
299 3 3 1 1 0 121 131 132 122 
300 3 3 1 1 0 122 132 133 123 
301 3 3 1 1 0 123 133 134 124 
302 3 3 1 1 0 124 134 135 125 
303 3 3 1 1 0 125 135 136 126 
304 3 3 1 1 0 126 136 137 127 
305 3 3 1 1 0 127 137 138 128 
306 3 3 1 1 0 128 138 139 129 
307 3 3 1 1 0 129 139 140 130 
308 3 3 1 1 0 131 141 142 132 
309 3 3 1 1 0 132 142 143 133 
310 3 3 1 1 0 133 143 144 134 
311 3 3 1 1 0 134 144 145 135 
312 3 3 1 1 0 135 145 146 136 
313 3 3 1 1 0 136 146 147 137 
314 3 3 1 1 0 137 147 148 138 
315 3 3 1 1 0 138 148 149 139 
316 3 3 1 1 0 139 149 150 140 
317 3 3 1 1 0 141 151 152 142 
318 3 3 1 1 0 142 152 153 143 
319 3 3 1 1 0 143 153 154 144 
320 3 3 1 1 0 144 154 155 145 
321 3 3 1 1 0 145 155 156 146 
322 3 3 1 1 0 146 156 157 147 
323 3 3 1 1 0 147 157 158 148 
324 3 3 1 1 0 148 158 159 149 
325 3 3 1 1 0 149 159 160 150 
326 3 3 1 1 0 151 161 162 152 
327 3 3 1 1 0 152 162 163 153 
328 3 3 1 1 0 153 163 164 154 
329 3 3 1 1 0 154 164 165 155 
330 3 3 1 1 0 155 165 166 156 
331 3 3 1 1 0 156 166 167 157 
332 3 3 1 1 0 157 167 168 158 
333 3 3 1 1 0 158 168 169 159 
334 3 3 1 1 0 159 169 170 160 
335 3 3 1 1 0 161 171 172 162 
336 3 3 1 1 0 162 172 173 163 
337 3 3 1 1 0 163 173 174 164 
338 3 3 1 1 0 164 174 175 165 
339 3 3 1 1 0 165 175 176 166 
340 3 3 1 1 0 166 176 177 167 
341 3 3 1 1 0 167 177 178 168 
342 3 3 1 1 0 168 178 179 169 
343 3 3 1 1 0 169 179 180 170 
344 3 3 1 1 0 171 181 182 172 
345 3 3 1 1 0 172 182 183 173 
346 3 3 1 1 0 173 183 184 174 
347 3 3 1 1 0 174 184 185 175 
348 3 3 1 1 0 175 185 186 176 
349 3 3 1 1 0 176 186 187 177 
350 3 3 1 1 0 177 187 188 178 
351 3 3 1 1 0 178 188 189 179 
352 3 3 1 1 0 179 189 190 180 
353 3 3 1 1 0 181 191 192 182 
354 3 3 1 1 0 182 192 193 183 
355 3 3 1 1 0 183 193 194 184 
356 3 3 1 1 0 184 194 195 185 
357 3 3 1 1 0 185 195 196 186 
358 3 3 1 1 0 186 196 197 187 
359 3 3 1 1 0 187 197 198 188 
360 3 3 1 1 0 188 198 199 189 
361 3 3 1 1 0 189 199 200 190 
362 3 3 1 1 0 191 201 202 192 
363 3 3 1 1 0 192 202 203 193 
364 3 3 1 1 0 193 203 204 194 
365 3 3 1 1 0 194 204 205 195 
366 3 3 1 1 0 195 205 206 196 
367 3 3 1 1 0 196 206 207 197 
368 3 3 1 1 0 197 207 208 198 
369 3 3 1 1 0 198 208 209 199 
370 3 3 1 1 0 199 209 210 200 
371 3 3 1 1 0 201 211 212 202 
372 3 3 1 1 0 202 212 213 203 
373 3 3 1 1 0 203 213 214 204 
374 3 3 1 1 0 204 214 215 205 
375 3 3 1 1 0 205 215 216 206 
376 3 3 1 1 0 206 216 217 207 
377 3 3 1 1 0 207 217 218 208 
378 3 3 1 1 0 208 218 219 209 
379 3 3 1 1 0 209 219 220 210 
380 3 3 1 1 0 211 221 222 212 
381 3 3 1 1 0 212 222 223 213 
382 3 3 1 1 0 213 223 224 214 
383 3 3 1 1 0 214 224 225 215 
384 3 3 1 1 0 215 225 226 216 
385 3 3 1 1 0 216 226 227 217 
386 3 3 1 1 0 217 227 228 218 
387 3 3 1 1 0 218 228 229 219 
388 3 3 1 1 0 219 229 230 220 
389 3 3 1 1 0 221 231 232 222 
390 3 3 1 1 0 222 232 233 223 
391 3 3 1 1 0 223 233 234 224 
392 3 3 1 1 0 224 234 235 225 
393 3 3 1 1 0 225 235 236 226 
394 3 3 1 1 0 226 236 237 227 
395 3 3 1 1 0 227 237 238 228 
396 3 3 1 1 0 228 238 239 229 
397 3 3 1 1 0 229 239 240 230 
398 3 3 1 1 0 231 241 242 232 
399 3 3 1 1 0 232 242 243 233 
400 3 3 1 1 0 233 243 244 234 
401 3 3 1 1 0 234 244 245 235 
402 3 3 1 1 0 235 245 246 236 
403 3 3 1 1 0 236 246 247 237 
404 3 3 1 1 0 237 247 248 238 
405 3 3 1 1 0 238 248 249 239 
406 3 3 1 1 0 239 249 250 240 
407 3 3 1 1 0 241 251 252 242 
408 3 3 1 1 0 242 252 253 243 
409 3 3 1 1 0 243 253 254 244 
410 3 3 1 1 0 244 254 255 245 
411 3 3 1 1 0 245 255 256 246 
412 3 3 1 1 0 246 256 257 247 
413 3 3 1 1 0 247 257 258 248 
414 3 3 1 1 0 248 258 259 249 
415 3 3 1 1 0 249 259 260 250 
416 3 3 1 1 0 251 261 262 252 
417 3 3 1 1 0 252 262 263 253 
418 3 3 1 1 0 253 263 264 254 
419 3 3 1 1 0 254 264 265 255 
420 3 3 1 1 0 255 265 266 256 
421 3 3 1 1 0 256 266 267 257 
422 3 3 1 1 0 257 267 268 258 
423 3 3 1 1 0 258 268 269 259 
424 3 3 1 1 0 259 269 270 260 
425 3 3 1 1 0 261 271 272 262 
426 3 3 1 1 0 262 272 273 263 
427 3 3 1 1 0 263 273 274 264 
428 3 3 1 1 0 264 274 275 265 
429 3 3 1 1 0 265 275 276 266 
430 3 3 1 1 0 266 276 277 267 
431 3 3 1 1 0 267 277 278 268 
432 3 3 1 1 0 268 278 279 269 
433 3 3 1 1 0 269 279 280 270 
434 3 3 1 1 0 271 281 282 272 
435 3 3 1 1 0 272 282 283 273 
436 3 3 1 1 0 273 283 284 274 
437 3 3 1 1 0 274 284 285 275 
438 3 3 1 1 0 275 285 286 276 
439 3 3 1 1 0 276 286 287 277 
440 3 3 1 1 0 277 287 288 278 
441 3 3 1 1 0 278 288 289 279 
442 3 3 1 1 0 279 289 290 280 
443 3 3 1 1 0 281 291 292 282 
444 3 3 1 1 0 282 292 293 283 
445 3 3 1 1 0 283 293 294 284 
446 3 3 1 1 0 284 294 295 285 
447 3 3 1 1 0 285 295 296 286 
448 3 3 1 1 0 286 296 297 287 
449 3 3 1 1 0 287 297 298 288 
450 3 3 1 1 0 288 298 299 289 
451 3 3 1 1 0 289 299 300 290 
452 3 3 1 1 0 291 301 302 292 
453 3 3 1 1 0 292 302 303 293 
454 3 3 1 1 0 293 303 304 294 
455 3 3 1 1 0 294 304 305 295 
456 3 3 1 1 0 295 305 306 296 
457 3 3 1 1 0 296 306 307 297 
458 3 3 1 1 0 297 307 308 298 
459 3 3 1 1 0 298 308 309 299 
460 3 3 1 1 0 299 309 310 300 
461 3 3 1 1 0 301 311 312 302 
462 3 3 1 1 0 302 312 313 303 
463 3 3 1 1 0 303 313 314 304 
464 3 3 1 1 0 304 314 315 305 
465 3 3 1 1 0 305 315 316 306 
466 3 3 1 1 0 306 316 317 307 
467 3 3 1 1 0 307 317 318 308 
468 3 3 1 1 0 308 318 319 309 
469 3 3 1 1 0 309 319 320 310 
470 3 3 1 1 0 311 321 322 312 
471 3 3 1 1 0 312 322 323 313 
472 3 3 1 1 0 313 323 324 314 
473 3 3 1 1 0 314 324 325 315 
474 3 3 1 1 0 315 325 326 316 
475 3 3 1 1 0 316 326 327 317 
476 3 3 1 1 0 317 327 328 318 
477 3 3 1 1 0 318 328 329 319 
478 3 3 1 1 0 319 329 330 320 
479 3 3 1 1 0 321 331 332 322 
480 3 3 1 1 0 322 332 333 323 
481 3 3 1 1 0 323 333 334 324 
482 3 3 1 1 0 324 334 335 325 
483 3 3 1 1 0 325 335 336 326 
484 3 3 1 1 0 326 336 337 327 
485 3 3 1 1 0 327 337 338 328 
486 3 3 1 1 0 328 338 339 329 
487 3 3 1 1 0 329 339 340 330 
488 3 3 1 1 0 331 341 342 332 
489 3 3 1 1 0 332 342 343 333 
490 3 3 1 1 0 333 343 344 334 
491 3 3 1 1 0 334 344 345 335 
492 3 3 1 1 0 335 345 346 336 
493 3 3 1 1 0 336 346 347 337 
494 3 3 1 1 0 337 347 348 338 
495 3 3 1 1 0 338 348 349 339 
496 3 3 1 1 0 339 349 350 340 
497 3 3 1 1 0 341 351 352 342 
498 3 3 1 1 0 342 352 353 343 
499 3 3 1 1 0 343 353 354 344 
500 3 3 1 1 0 344 354 355 345 
501 3 3 1 1 0 345 355 356 346 
502 3 3 1 1 0 346 356 357 347 
503 3 3 1 1 0 347 357 358 348 
504 3 3 1 1 0 348 358 359 349 
505 3 3 1 1 0 349 359 360 350 
506 3 3 1 1 0 351 361 362 352 
507 3 3 1 1 0 352 362 363 353 
508 3 3 1 1 0 353 363 364 354 
509 3 3 1 1 0 354 364 365 355 
510 3 3 1 1 0 355 365 366 356 
511 3 3 1 1 0 356 366 367 357 
512 3 3 1 1 0 357 367 368 358 
513 3 3 1 1 0 358 368 369 359 
514 3 3 1 1 0 359 369 370 360 
515 3 3 1 1 0 361 371 372 362 
516 3 3 1 1 0 362 372 373 363 
517 3 3 1 1 0 363 373 374 364 
518 3 3 1 1 0 364 374 375 365 
519 3 3 1 1 0 365 375 376 366 
520 3 3 1 1 0 366 376 377 367 
521 3 3 1 1 0 367 377 378 368 
522 3 3 1 1 0 368 378 379 369 
523 3 3 1 1 0 369 379 380 370 
524 3 3 1 1 0 371 381 382 372 
525 3 3 1 1 0 372 382 383 373 
526 3 3 1 1 0 373 383 384 374 
527 3 3 1 1 0 374 384 385 375 
528 3 3 1 1 0 375 385 386 376 
529 3 3 1 1 0 376 386 387 377 
530 3 3 1 1 0 377 387 388 378 
531 3 3 1 1 0 378 388 389 379 
532 3 3 1 1 0 379 389 390 380 
533 3 3 1 1 0 381 391 392 382 
534 3 3 1 1 0 382 392 393 383 
535 3 3 1 1 0 383 393 394 384 
536 3 3 1 1 0 384 394 395 385 
537 3 3 1 1 0 385 395 396 386 
538 3 3 1 1 0 386 396 397 387 
539 3 3 1 1 0 387 397 398 388 
540 3 3 1 1 0 388 398 399 389 
541 3 3 1 1 0 389 399 400 390 
542 3 3 1 1 0 391 401 402 392 
543 3 3 1 1 0 392 402 403 393 
544 3 3 1 1 0 393 403 404 394 
545 3 3 1 1 0 394 404 405 395 
546 3 3 1 1 0 395 405 406 396 
547 3 3 1 1 0 396 406 407 397 
548 3 3 1 1 0 397 407 408 398 
549 3 3 1 1 0 398 408 409 399 
550 3 3 1 1 0 399 409 410 400 
551 3 3 1 1 0 401 411 412 402 
552 3 3 1 1 0 402 412 413 403 
553 3 3 1 1 0 403 413 414 404 
554 3 3 1 1 0 404 414 415 405 
555 3 3 1 1 0 405 415 416 406 
556 3 3 1 1 0 406 416 417 407 
557 3 3 1 1 0 407 417 418 408 
558 3 3 1 1 0 408 418 419 409 
559 3 3 1 1 0 409 419 420 410 
560 3 3 1 1 0 411 421 422 412 
561 3 3 1 1 0 412 422 423 413 
562 3 3 1 1 0 413 423 424 414 
563 3 3 1 1 0 414 424 425 415 
564 3 3 1 1 0 415 425 426 416 
565 3 3 1 1 0 416 426 427 417 
566 3 3 1 1 0 417 427 428 418 
567 3 3 1 1 0 418 428 429 419 
568 3 3 1 1 0 419 429 430 420 
569 3 3 1 1 0 421 431 432 422 
570 3 3 1 1 0 422 432 433 423 
571 3 3 1 1 0 423 433 434 424 
572 3 3 1 1 0 424 434 435 425 
573 3 3 1 1 0 425 435 436 426 
574 3 3 1 1 0 426 436 437 427 
575 3 3 1 1 0 427 437 438 428 
576 3 3 1 1 0 428 438 439 429 
577 3 3 1 1 0 429 439 440 430 
578 3 3 1 1 0 431 441 442 432 
579 3 3 1 1 0 432 442 443 433 
580 3 3 1 1 0 433 443 444 434 
581 3 3 1 1 0 434 444 445 435 
582 3 3 1 1 0 435 445 446 436 
583 3 3 1 1 0 436 446 447 437 
584 3 3 1 1 0 437 447 448 438 
585 3 3 1 1 0 438 448 449 439 
586 3 3 1 1 0 439 449 450 440 
587 3 3 1 1 0 441 451 452 442 
588 3 3 1 1 0 442 452 453 443 
589 3 3 1 1 0 443 453 454 444 
590 3 3 1 1 0 444 454 455 445 
591 3 3 1 1 0 445 455 456 446 
592 3 3 1 1 0 446 456 457 447 
593 3 3 1 1 0 447 457 458 448 
594 3 3 1 1 0 448 458 459 449 
595 3 3 1 1 0 449 459 460 450 
596 3 3 1 1 0 451 461 462 452 
597 3 3 1 1 0 452 462 463 453 
598 3 3 1 1 0 453 463 464 454 
599 3 3 1 1 0 454 464 465 455 
600 3 3 1 1 0 455 465 466 456 
601 3 3 1 1 0 456 466 467 457 
602 3 3 1 1 0 457 467 468 458 
603 3 3 1 1 0 458 468 469 459 
604 3 3 1 1 0 459 469 470 460 
605 3 3 1 1 0 461 471 472 462 
606 3 3 1 1 0 462 472 473 463 
607 3 3 1 1 0 463 473 474 464 
608 3 3 1 1 0 464 474 475 465 
609 3 3 1 1 0 465 475 476 466 
610 3 3 1 1 0 466 476 477 467 
611 3 3 1 1 0 467 477 478 468 
612 3 3 1 1 0 468 478 479 469 
613 3 3 1 1 0 469 479 480 470 
614 3 3 1 1 0 471 481 482 472 
615 3 3 1 1 0 472 482 483 473 
616 3 3 1 1 0 473 483 484 474 
617 3 3 1 1 0 474 484 485 475 
618 3 3 1 1 0 475 485 486 476 
619 3 3 1 1 0 476 486 487 477 
620 3 3 1 1 0 477 487 488 478 
621 3 3 1 1 0 478 488 489 479 
622 3 3 1 1 0 479 489 490 480 
623 3 3 1 1 0 481 493 492 491 
624 3 3 1 1 0 491 492 495 494 
625 3 3 1 1 0 494 495 497 496 
626 3 3 1 1 0 496 497 499 498 
627 3 3 1 1 0 498 499 501 500 
628 3 3 1 1 0 500 501 503 502 
629 3 3 1 1 0 502 503 505 504 
630 3 3 1 1 0 504 505 507 506 
631 3 3 1 1 0 506 507 509 508 
632 3 3 1 1 0 493 511 510 492 
633 3 3 1 1 0 492 510 512 495 
634 3 3 1 1 0 495 512 513 497 
635 3 3 1 1 0 497 513 514 499 
636 3 3 1 1 0 499 514 515 501 
637 3 3 1 1 0 501 515 516 503 
638 3 3 1 1 0 503 516 517 505 
639 3 3 1 1 0 505 517 518 507 
640 3 3 1 1 0 507 518 519 509 
641 3 3 1 1 0 511 521 520 510 
642 3 3 1 1 0 510 520 522 512 
643 3 3 1 1 0 512 522 523 513 
644 3 3 1 1 0 513 523 524 514 
645 3 3 1 1 0 514 524 525 515 
646 3 3 1 1 0 515 525 526 516 
647 3 3 1 1 0 516 526 527 517 
648 3 3 1 1 0 517 527 528 518 
649 3 3 1 1 0 518 528 529 519 
650 3 3 1 1 0 521 531 530 520 
651 3 3 1 1 0 520 530 532 522 
652 3 3 1 1 0 522 532 533 523 
653 3 3 1 1 0 523 533 534 524 
654 3 3 1 1 0 524 534 535 525 
655 3 3 1 1 0 525 535 536 526 
656 3 3 1 1 0 526 536 537 527 
657 3 3 1 1 0 527 537 538 528 
658 3 3 1 1 0 528 538 539 529 
659 3 3 1 1 0 531 541 540 530 
660 3 3 1 1 0 530 540 542 532 
661 3 3 1 1 0 532 542 543 533 
662 3 3 1 1 0 533 543 544 534 
663 3 3 1 1 0 534 544 545 535 
664 3 3 1 1 0 535 545 546 536 
665 3 3 1 1 0 536 546 547 537 
666 3 3 1 1 0 537 547 548 538 
667 3 3 1 1 0 538 548 549 539 
668 3 3 1 1 0 541 551 550 540 
669 3 3 1 1 0 540 550 552 542 
670 3 3 1 1 0 542 552 553 543 
671 3 3 1 1 0 543 553 554 544 
672 3 3 1 1 0 544 554 555 545 
673 3 3 1 1 0 545 555 556 546 
674 3 3 1 1 0 546 556 557 547 
675 3 3 1 1 0 547 557 558 548 
676 3 3 1 1 0 548 558 559 549 
677 3 3 1 1 0 551 561 560 550 
678 3 3 1 1 0 550 560 562 552 
679 3 3 1 1 0 552 562 563 553 
680 3 3 1 1 0 553 563 564 554 
681 3 3 1 1 0 554 564 565 555 
682 3 3 1 1 0 555 565 566 556 
683 3 3 1 1 0 556 566 567 557 
684 3 3 1 1 0 557 567 568 558 
685 3 3 1 1 0 558 568 569 559 
686 3 3 1 1 0 561 571 570 560 
687 3 3 1 1 0 560 570 572 562 
688 3 3 1 1 0 562 572 573 563 
689 3 3 1 1 0 563 573 574 564 
690 3 3 1 1 0 564 574 575 565 
691 3 3 1 1 0 565 575 576 566 
692 3 3 1 1 0 566 576 577 567 
693 3 3 1 1 0 567 577 578 568 
694 3 3 1 1 0 568 578 579 569 
695 3 3 1 1 0 571 581 580 570 
696 3 3 1 1 0 570 580 582 572 
697 3 3 1 1 0 572 582 583 573 
698 3 3 1 1 0 573 583 584 574 
699 3 3 1 1 0 574 584 585 575 
700 3 3 1 1 0 575 585 586 576 
701 3 3 1 1 0 576 586 587 577 
702 3 3 1 1 0 577 587 588 578 
703 3 3 1 1 0 578 588 589 579 
704 3 3 1 1 0 581 591 590 580 
705 3 3 1 1 0 580 590 592 582 
706 3 3 1 1 0 582 592 593 583 
707 3 3 1 1 0 583 593 594 584 
708 3 3 1 1 0 584 594 595 585 
709 3 3 1 1 0 585 595 596 586 
710 3 3 1 1 0 586 596 597 587 
711 3 3 1 1 0 587 597 598 588 
712 3 3 1 1 0 588 598 599 589 
713 3 3 1 1 0 591 601 600 590 
714 3 3 1 1 0 590 600 602 592 
715 3 3 1 1 0 592 602 603 593 
716 3 3 1 1 0 593 603 604 594 
717 3 3 1 1 0 594 604 605 595 
718 3 3 1 1 0 595 605 606 596 
719 3 3 1 1 0 596 606 607 597 
720 3 3 1 1 0 597 607 608 598 
721 3 3 1 1 0 598 608 609 599 
722 3 3 1 1 0 601 611 610 600 
723 3 3 1 1 0 600 610 612 602 
724 3 3 1 1 0 602 612 613 603 
725 3 3 1 1 0 603 613 614 604 
726 3 3 1 1 0 604 614 615 605 
727 3 3 1 1 0 605 615 616 606 
728 3 3 1 1 0 606 616 617 607 
729 3 3 1 1 0 607 617 618 608 
730 3 3 1 1 0 608 618 619 609 
731 3 3 1 1 0 611 621 620 610 
732 3 3 1 1 0 610 620 622 612 
733 3 3 1 1 0 612 622 623 613 
734 3 3 1 1 0 613 623 624 614 
735 3 3 1 1 0 614 624 625 615 
736 3 3 1 1 0 615 625 626 616 
737 3 3 1 1 0 616 626 627 617 
738 3 3 1 1 0 617 627 628 618 
739 3 3 1 1 0 618 628 629 619 
740 3 3 1 1 0 621 631 630 620 
741 3 3 1 1 0 620 630 632 622 
742 3 3 1 1 0 622 632 633 623 
743 3 3 1 1 0 623 633 634 624 
744 3 3 1 1 0 624 634 635 625 
745 3 3 1 1 0 625 635 636 626 
746 3 3 1 1 0 626 636 637 627 
747 3 3 1 1 0 627 637 638 628 
748 3 3 1 1 0 628 638 639 629 
749 3 3 1 1 0 631 641 640 630 
750 3 3 1 1 0 630 640 642 632 
751 3 3 1 1 0 632 642 643 633 
752 3 3 1 1 0 633 643 644 634 
753 3 3 1 1 0 634 644 645 635 
754 3 3 1 1 0 635 645 646 636 
755 3 3 1 1 0 636 646 647 637 
756 3 3 1 1 0 637 647 648 638 
757 3 3 1 1 0 638 648 649 639 
758 3 3 1 1 0 641 651 650 640 
759 3 3 1 1 0 640 650 652 642 
760 3 3 1 1 0 642 652 653 643 
761 3 3 1 1 0 643 653 654 644 
762 3 3 1 1 0 644 654 655 645 
763 3 3 1 1 0 645 655 656 646 
764 3 3 1 1 0 646 656 657 647 
765 3 3 1 1 0 647 657 658 648 
766 3 3 1 1 0 648 658 659 649 
767 3 3 1 1 0 651 661 660 650 
768 3 3 1 1 0 650 660 662 652 
769 3 3 1 1 0 652 662 663 653 
770 3 3 1 1 0 653 663 664 654 
771 3 3 1 1 0 654 664 665 655 
772 3 3 1 1 0 655 665 666 656 
773 3 3 1 1 0 656 666 667 657 
774 3 3 1 1 0 657 667 668 658 
775 3 3 1 1 0 658 668 669 659 
776 3 3 1 1 0 661 671 670 660 
777 3 3 1 1 0 660 670 672 662 
778 3 3 1 1 0 662 672 673 663 
779 3 3 1 1 0 663 673 674 664 
780 3 3 1 1 0 664 674 675 665 
781 3 3 1 1 0 665 675 676 666 
782 3 3 1 1 0 666 676 677 667 
783 3 3 1 1 0 667 677 678 668 
784 3 3 1 1 0 668 678 679 669 
785 3 3 1 1 0 671 681 680 670 
786 3 3 1 1 0 670 680 682 672 
787 3 3 1 1 0 672 682 683 673 
788 3 3 1 1 0 673 683 684 674 
789 3 3 1 1 0 674 684 685 675 
790 3 3 1 1 0 675 685 686 676 
791 3 3 1 1 0 676 686 687 677 
792 3 3 1 1 0 677 687 688 678 
793 3 3 1 1 0 678 688 689 679 
794 3 3 1 1 0 681 691 690 680 
795 3 3 1 1 0 680 690 692 682 
796 3 3 1 1 0 682 692 693 683 
797 3 3 1 1 0 683 693 694 684 
798 3 3 1 1 0 684 694 695 685 
799 3 3 1 1 0 685 695 696 686 
800 3 3 1 1 0 686 696 697 687 
801 3 3 1 1 0 687 697 698 688 
802 3 3 1 1 0 688 698 699 689 
803 3 3 1 1 0 691 701 700 690 
804 3 3 1 1 0 690 700 702 692 
805 3 3 1 1 0 692 702 703 693 
806 3 3 1 1 0 693 703 704 694 
807 3 3 1 1 0 694 704 705 695 
808 3 3 1 1 0 695 705 706 696 
809 3 3 1 1 0 696 706 707 697 
810 3 3 1 1 0 697 707 708 698 
811 3 3 1 1 0 698 708 709 699 
812 3 3 1 1 0 701 711 710 700 
813 3 3 1 1 0 700 710 712 702 
814 3 3 1 1 0 702 712 713 703 
815 3 3 1 1 0 703 713 714 704 
816 3 3 1 1 0 704 714 715 705 
817 3 3 1 1 0 705 715 716 706 
818 3 3 1 1 0 706 716 717 707 
819 3 3 1 1 0 707 717 718 708 
820 3 3 1 1 0 708 718 719 709 
821 3 3 1 1 0 711 721 720 710 
822 3 3 1 1 0 710 720 722 712 
823 3 3 1 1 0 712 722 723 713 
824 3 3 1 1 0 713 723 724 714 
825 3 3 1 1 0 714 724 725 715 
826 3 3 1 1 0 715 725 726 716 
827 3 3 1 1 0 716 726 727 717 
828 3 3 1 1 0 717 727 728 718 
829 3 3 1 1 0 718 728 729 719 
830 3 3 1 1 0 721 731 730 720 
831 3 3 1 1 0 720 730 732 722 
832 3 3 1 1 0 722 732 733 723 
833 3 3 1 1 0 723 733 734 724 
834 3 3 1 1 0 724 734 735 725 
835 3 3 1 1 0 725 735 736 726 
836 3 3 1 1 0 726 736 737 727 
837 3 3 1 1 0 727 737 738 728 
838 3 3 1 1 0 728 738 739 729 
839 3 3 1 1 0 731 741 740 730 
840 3 3 1 1 0 730 740 742 732 
841 3 3 1 1 0 732 742 743 733 
842 3 3 1 1 0 733 743 744 734 
843 3 3 1 1 0 734 744 745 735 
844 3 3 1 1 0 735 745 746 736 
845 3 3 1 1 0 736 746 747 737 
846 3 3 1 1 0 737 747 748 738 
847 3 3 1 1 0 738 748 749 739 
848 3 3 1 1 0 741 751 750 740 
849 3 3 1 1 0 740 750 752 742 
850 3 3 1 1 0 742 752 753 743 
851 3 3 1 1 0 743 753 754 744 
852 3 3 1 1 0 744 754 755 745 
853 3 3 1 1 0 745 755 756 746 
854 3 3 1 1 0 746 756 757 747 
855 3 3 1 1 0 747 757 758 748 
856 3 3 1 1 0 748 758 759 749 
857 3 3 1 1 0 751 761 760 750 
858 3 3 1 1 0 750 760 762 752 
859 3 3 1 1 0 752 762 763 753 
860 3 3 1 1 0 753 763 764 754 
861 3 3 1 1 0 754 764 765 755 
862 3 3 1 1 0 755 765 766 756 
863 3 3 1 1 0 756 766 767 757 
864 3 3 1 1 0 757 767 768 758 
865 3 3 1 1 0 758 768 769 759 
866 3 3 1 1 0 761 771 770 760 
867 3 3 1 1 0 760 770 772 762 
868 3 3 1 1 0 762 772 773 763 
869 3 3 1 1 0 763 773 774 764 
870 3 3 1 1 0 764 774 775 765 
871 3 3 1 1 0 765 775 776 766 
872 3 3 1 1 0 766 776 777 767 
873 3 3 1 1 0 767 777 778 768 
874 3 3 1 1 0 768 778 779 769 
875 3 3 1 1 0 771 1 4 770 
876 3 3 1 1 0 770 4 6 772 
877 3 3 1 1 0 772 6 8 773 
878 3 3 1 1 0 773 8 10 774 
879 3 3 1 1 0 774 10 12 775 
880 3 3 1 1 0 775 12 14 776 
881 3 3 1 1 0 776 14 16 777 
882 3 3 1 1 0 777 16 18 778 
883 3 3 1 1 0 778 18 20 779 
884 3 3 1 1 0 481 491 780 781 
885 3 3 1 1 0 781 780 782 783 
886 3 3 1 1 0 783 782 784 785 
887 3 3 1 1 0 785 784 786 787 
888 3 3 1 1 0 787 786 788 789 
889 3 3 1 1 0 789 788 790 791 
890 3 3 1 1 0 791 790 792 793 
891 3 3 1 1 0 793 792 794 795 
892 3 3 1 1 0 795 794 796 797 
893 3 3 1 1 0 491 494 798 780 
894 3 3 1 1 0 780 798 799 782 
895 3 3 1 1 0 782 799 800 784 
896 3 3 1 1 0 784 800 801 786 
897 3 3 1 1 0 786 801 802 788 
898 3 3 1 1 0 788 802 803 790 
899 3 3 1 1 0 790 803 804 792 
900 3 3 1 1 0 792 804 805 794 
901 3 3 1 1 0 794 805 806 796 
902 3 3 1 1 0 494 496 807 798 
903 3 3 1 1 0 798 807 808 799 
904 3 3 1 1 0 799 808 809 800 
905 3 3 1 1 0 800 809 810 801 
906 3 3 1 1 0 801 810 811 802 
907 3 3 1 1 0 802 811 812 803 
908 3 3 1 1 0 803 812 813 804 
909 3 3 1 1 0 804 813 814 805 
910 3 3 1 1 0 805 814 815 806 
911 3 3 1 1 0 496 498 816 807 
912 3 3 1 1 0 807 816 817 808 
913 3 3 1 1 0 808 817 818 809 
914 3 3 1 1 0 809 818 819 810 
915 3 3 1 1 0 810 819 820 811 
916 3 3 1 1 0 811 820 821 812 
917 3 3 1 1 0 812 821 822 813 
918 3 3 1 1 0 813 822 823 814 
919 3 3 1 1 0 814 823 824 815 
920 3 3 1 1 0 498 500 825 816 
921 3 3 1 1 0 816 825 826 817 
922 3 3 1 1 0 817 826 827 818 
923 3 3 1 1 0 818 827 828 819 
924 3 3 1 1 0 819 828 829 820 
925 3 3 1 1 0 820 829 830 821 
926 3 3 1 1 0 821 830 831 822 
927 3 3 1 1 0 822 831 832 823 
928 3 3 1 1 0 823 832 833 824 
929 3 3 1 1 0 500 502 834 825 
930 3 3 1 1 0 825 834 835 826 
931 3 3 1 1 0 826 835 836 827 
932 3 3 1 1 0 827 836 837 828 
933 3 3 1 1 0 828 837 838 829 
934 3 3 1 1 0 829 838 839 830 
935 3 3 1 1 0 830 839 840 831 
936 3 3 1 1 0 831 840 841 832 
937 3 3 1 1 0 832 841 842 833 
938 3 3 1 1 0 502 504 843 834 
939 3 3 1 1 0 834 843 844 835 
940 3 3 1 1 0 835 844 845 836 
941 3 3 1 1 0 836 845 846 837 
942 3 3 1 1 0 837 846 847 838 
943 3 3 1 1 0 838 847 848 839 
944 3 3 1 1 0 839 848 849 840 
945 3 3 1 1 0 840 849 850 841 
946 3 3 1 1 0 841 850 851 842 
947 3 3 1 1 0 504 506 852 843 
948 3 3 1 1 0 843 852 853 844 
949 3 3 1 1 0 844 853 854 845 
950 3 3 1 1 0 845 854 855 846 
951 3 3 1 1 0 846 855 856 847 
952 3 3 1 1 0 847 856 857 848 
953 3 3 1 1 0 848 857 858 849 
954 3 3 1 1 0 849 858 859 850 
955 3 3 1 1 0 850 859 860 851 
956 3 3 1 1 0 506 508 861 852 
957 3 3 1 1 0 852 861 862 853 
958 3 3 1 1 0 853 862 863 854 
959 3 3 1 1 0 854 863 864 855 
960 3 3 1 1 0 855 864 865 856 
961 3 3 1 1 0 856 865 866 857 
962 3 3 1 1 0 857 866 867 858 
963 3 3 1 1 0 858 867 868 859 
964 3 3 1 1 0 859 868 869 860 
965 3 3 1 1 0 481 781 870 482 
966 3 3 1 1 0 781 783 871 870 
967 3 3 1 1 0 783 785 872 871 
968 3 3 1 1 0 785 787 873 872 
969 3 3 1 1 0 787 789 874 873 
970 3 3 1 1 0 789 791 875 874 
971 3 3 1 1 0 791 793 876 875 
972 3 3 1 1 0 793 795 877 876 
973 3 3 1 1 0 795 797 878 877 
974 3 3 1 1 0 482 870 879 483 
975 3 3 1 1 0 870 871 880 879 
976 3 3 1 1 0 871 872 881 880 
977 3 3 1 1 0 872 873 882 881 
978 3 3 1 1 0 873 874 883 882 
979 3 3 1 1 0 874 875 884 883 
980 3 3 1 1 0 875 876 885 884 
981 3 3 1 1 0 876 877 886 885 
982 3 3 1 1 0 877 878 887 886 
983 3 3 1 1 0 483 879 888 484 
984 3 3 1 1 0 879 880 889 888 
985 3 3 1 1 0 880 881 890 889 
986 3 3 1 1 0 881 882 891 890 
987 3 3 1 1 0 882 883 892 891 
988 3 3 1 1 0 883 884 893 892 
989 3 3 1 1 0 884 885 894 893 
990 3 3 1 1 0 885 886 895 894 
991 3 3 1 1 0 886 887 896 895 
992 3 3 1 1 0 484 888 897 485 
993 3 3 1 1 0 888 889 898 897 
994 3 3 1 1 0 889 890 899 898 
995 3 3 1 1 0 890 891 900 899 
996 3 3 1 1 0 891 892 901 900 
997 3 3 1 1 0 892 893 902 901 
998 3 3 1 1 0 893 894 903 902 
999 3 3 1 1 0 894 895 904 903 
1000 3 3 1 1 0 895 896 905 904 
1001 3 3 1 1 0 485 897 906 486 
1002 3 3 1 1 0 897 898 907 906 
1003 3 3 1 1 0 898 899 908 907 
1004 3 3 1 1 0 899 900 909 908 
1005 3 3 1 1 0 900 901 910 909 
1006 3 3 1 1 0 901 902 911 910 
1007 3 3 1 1 0 902 903 912 911 
1008 3 3 1 1 0 903 904 913 912 
1009 3 3 1 1 0 904 905 914 913 
1010 3 3 1 1 0 486 906 915 487 
1011 3 3 1 1 0 906 907 916 915 
1012 3 3 1 1 0 907 908 917 916 
1013 3 3 1 1 0 908 909 918 917 
1014 3 3 1 1 0 909 910 919 918 
1015 3 3 1 1 0 910 911 920 919 
1016 3 3 1 1 0 911 912 921 920 
1017 3 3 1 1 0 912 913 922 921 
1018 3 3 1 1 0 913 914 923 922 
1019 3 3 1 1 0 487 915 924 488 
1020 3 3 1 1 0 915 916 925 924 
1021 3 3 1 1 0 916 917 926 925 
1022 3 3 1 1 0 917 918 927 926 
1023 3 3 1 1 0 918 919 928 927 
1024 3 3 1 1 0 919 920 929 928 
1025 3 3 1 1 0 920 921 930 929 
1026 3 3 1 1 0 921 922 931 930 
1027 3 3 1 1 0 922 923 932 931 
1028 3 3 1 1 0 488 924 933 489 
1029 3 3 1 1 0 924 925 934 933 
1030 3 3 1 1 0 925 926 935 934 
1031 3 3 1 1 0 926 927 936 935 
1032 3 3 1 1 0 927 928 937 936 
1033 3 3 1 1 0 928 929 938 937 
1034 3 3 1 1 0 929 930 939 938 
1035 3 3 1 1 0 930 931 940 939 
1036 3 3 1 1 0 931 932 941 940 
1037 3 3 1 1 0 489 933 942 490 
1038 3 3 1 1 0 933 934 943 942 
1039 3 3 1 1 0 934 935 944 943 
1040 3 3 1 1 0 935 936 945 944 
1041 3 3 1 1 0 936 937 946 945 
1042 3 3 1 1 0 937 938 947 946 
1043 3 3 1 1 0 938 939 948 947 
1044 3 3 1 1 0 939 940 949 948 
1045 3 3 1 1 0 940 941 950 949 
1046 3 3 1 1 0 490 942 952 951 
1047 3 3 1 1 0 942 943 953 952 
1048 3 3 1 1 0 943 944 954 953 
1049 3 3 1 1 0 944 945 955 954 
1050 3 3 1 1 0 945 946 956 955 
1051 3 3 1 1 0 946 947 957 956 
1052 3 3 1 1 0 947 948 958 957 
1053 3 3 1 1 0 948 949 959 958 
1054 3 3 1 1 0 949 950 960 959 
1055 3 3 1 1 0 951 952 962 961 
1056 3 3 1 1 0 952 953 963 962 
1057 3 3 1 1 0 953 954 964 963 
1058 3 3 1 1 0 954 955 965 964 
1059 3 3 1 1 0 955 956 966 965 
1060 3 3 1 1 0 956 957 967 966 
1061 3 3 1 1 0 957 958 968 967 
1062 3 3 1 1 0 958 959 969 968 
1063 3 3 1 1 0 959 960 970 969 
1064 3 3 1 1 0 961 962 972 971 
1065 3 3 1 1 0 962 963 973 972 
1066 3 3 1 1 0 963 964 974 973 
1067 3 3 1 1 0 964 965 975 974 
1068 3 3 1 1 0 965 966 976 975 
1069 3 3 1 1 0 966 967 977 976 
1070 3 3 1 1 0 967 968 978 977 
1071 3 3 1 1 0 968 969 979 978 
1072 3 3 1 1 0 969 970 980 979 
1073 3 3 1 1 0 971 972 982 981 
1074 3 3 1 1 0 972 973 983 982 
1075 3 3 1 1 0 973 974 984 983 
1076 3 3 1 1 0 974 975 985 984 
1077 3 3 1 1 0 975 976 986 985 
1078 3 3 1 1 0 976 977 987 986 
1079 3 3 1 1 0 977 978 988 987 
1080 3 3 1 1 0 978 979 989 988 
1081 3 3 1 1 0 979 980 990 989 
1082 3 3 1 1 0 981 982 992 991 
1083 3 3 1 1 0 982 983 993 992 
1084 3 3 1 1 0 983 984 994 993 
1085 3 3 1 1 0 984 985 995 994 
1086 3 3 1 1 0 985 986 996 995 
1087 3 3 1 1 0 986 987 997 996 
1088 3 3 1 1 0 987 988 998 997 
1089 3 3 1 1 0 988 989 999 998 
1090 3 3 1 1 0 989 990 1000 999 
1091 3 3 1 1 0 991 992 1002 1001 
1092 3 3 1 1 0 992 993 1003 1002 
1093 3 3 1 1 0 993 994 1004 1003 
1094 3 3 1 1 0 994 995 1005 1004 
1095 3 3 1 1 0 995 996 1006 1005 
1096 3 3 1 1 0 996 997 1007 1006 
1097 3 3 1 1 0 997 998 1008 1007 
1098 3 3 1 1 0 998 999 1009 1008 
1099 3 3 1 1 0 999 1000 1010 1009 
1100 3 3 1 1 0 1001 1002 1012 1011 
1101 3 3 1 1 0 1002 1003 1013 1012 
1102 3 3 1 1 0 1003 1004 1014 1013 
1103 3 3 1 1 0 1004 1005 1015 1014 
1104 3 3 1 1 0 1005 1006 1016 1015 
1105 3 3 1 1 0 1006 1007 1017 1016 
1106 3 3 1 1 0 1007 1008 1018 1017 
1107 3 3 1 1 0 1008 1009 1019 1018 
1108 3 3 1 1 0 1009 1010 1020 1019 
1109 3 3 1 1 0 1011 1012 1022 1021 
1110 3 3 1 1 0 1012 1013 1023 1022 
1111 3 3 1 1 0 1013 1014 1024 1023 
1112 3 3 1 1 0 1014 1015 1025 1024 
1113 3 3 1 1 0 1015 1016 1026 1025 
1114 3 3 1 1 0 1016 1017 1027 1026 
1115 3 3 1 1 0 1017 1018 1028 1027 
1116 3 3 1 1 0 1018 1019 1029 1028 
1117 3 3 1 1 0 1019 1020 1030 1029 
1118 3 3 1 1 0 1021 1022 1032 1031 
1119 3 3 1 1 0 1022 1023 1033 1032 
1120 3 3 1 1 0 1023 1024 1034 1033 
1121 3 3 1 1 0 1024 1025 1035 1034 
1122 3 3 1 1 0 1025 1026 1036 1035 
1123 3 3 1 1 0 1026 1027 1037 1036 
1124 3 3 1 1 0 1027 1028 1038 1037 
1125 3 3 1 1 0 1028 1029 1039 1038 
1126 3 3 1 1 0 1029 1030 1040 1039 
1127 3 3 1 1 0 1031 1032 1042 1041 
1128 3 3 1 1 0 1032 1033 1043 1042 
1129 3 3 1 1 0 1033 1034 1044 1043 
1130 3 3 1 1 0 1034 1035 1045 1044 
1131 3 3 1 1 0 1035 1036 1046 1045 
1132 3 3 1 1 0 1036 1037 1047 1046 
1133 3 3 1 1 0 1037 1038 1048 1047 
1134 3 3 1 1 0 1038 1039 1049 1048 
1135 3 3 1 1 0 1039 1040 1050 1049 
1136 3 3 1 1 0 1041 1042 1052 1051 
1137 3 3 1 1 0 1042 1043 1053 1052 
1138 3 3 1 1 0 1043 1044 1054 1053 
1139 3 3 1 1 0 1044 1045 1055 1054 
1140 3 3 1 1 0 1045 1046 1056 1055 
1141 3 3 1 1 0 1046 1047 1057 1056 
1142 3 3 1 1 0 1047 1048 1058 1057 
1143 3 3 1 1 0 1048 1049 1059 1058 
1144 3 3 1 1 0 1049 1050 1060 1059 
1145 3 3 1 1 0 1051 1052 1062 1061 
1146 3 3 1 1 0 1052 1053 1063 1062 
1147 3 3 1 1 0 1053 1054 1064 1063 
1148 3 3 1 1 0 1054 1055 1065 1064 
1149 3 3 1 1 0 1055 1056 1066 1065 
1150 3 3 1 1 0 1056 1057 1067 1066 
1151 3 3 1 1 0 1057 1058 1068 1067 
1152 3 3 1 1 0 1058 1059 1069 1068 
1153 3 3 1 1 0 1059 1060 1070 1069 
1154 3 3 1 1 0 1061 1062 1072 1071 
1155 3 3 1 1 0 1062 1063 1073 1072 
1156 3 3 1 1 0 1063 1064 1074 1073 
1157 3 3 1 1 0 1064 1065 1075 1074 
1158 3 3 1 1 0 1065 1066 1076 1075 
1159 3 3 1 1 0 1066 1067 1077 1076 
1160 3 3 1 1 0 1067 1068 1078 1077 
1161 3 3 1 1 0 1068 1069 1079 1078 
1162 3 3 1 1 0 1069 1070 1080 1079 
1163 3 3 1 1 0 1071 1072 1082 1081 
1164 3 3 1 1 0 1072 1073 1083 1082 
1165 3 3 1 1 0 1073 1074 1084 1083 
1166 3 3 1 1 0 1074 1075 1085 1084 
1167 3 3 1 1 0 1075 1076 1086 1085 
1168 3 3 1 1 0 1076 1077 1087 1086 
1169 3 3 1 1 0 1077 1078 1088 1087 
1170 3 3 1 1 0 1078 1079 1089 1088 
1171 3 3 1 1 0 1079 1080 1090 1089 
1172 3 3 1 1 0 1081 1082 1092 1091 
1173 3 3 1 1 0 1082 1083 1093 1092 
1174 3 3 1 1 0 1083 1084 1094 1093 
1175 3 3 1 1 0 1084 1085 1095 1094 
1176 3 3 1 1 0 1085 1086 1096 1095 
1177 3 3 1 1 0 1086 1087 1097 1096 
1178 3 3 1 1 0 1087 1088 1098 1097 
1179 3 3 1 1 0 1088 1089 1099 1098 
1180 3 3 1 1 0 1089 1090 1100 1099 
1181 3 3 1 1 0 1091 1092 1102 1101 
1182 3 3 1 1 0 1092 1093 1103 1102 
1183 3 3 1 1 0 1093 1094 1104 1103 
1184 3 3 1 1 0 1094 1095 1105 1104 
1185 3 3 1 1 0 1095 1096 1106 1105 
1186 3 3 1 1 0 1096 1097 1107 1106 
1187 3 3 1 1 0 1097 1098 1108 1107 
1188 3 3 1 1 0 1098 1099 1109 1108 
1189 3 3 1 1 0 1099 1100 1110 1109 
1190 3 3 1 1 0 1101 1102 1112 1111 
1191 3 3 1 1 0 1102 1103 1113 1112 
1192 3 3 1 1 0 1103 1104 1114 1113 
1193 3 3 1 1 0 1104 1105 1115 1114 
1194 3 3 1 1 0 1105 1106 1116 1115 
1195 3 3 1 1 0 1106 1107 1117 1116 
1196 3 3 1 1 0 1107 1108 1118 1117 
1197 3 3 1 1 0 1108 1109 1119 1118 
1198 3 3 1 1 0 1109 1110 1120 1119 
1199 3 3 1 1 0 1111 1112 1122 1121 
1200 3 3 1 1 0 1112 1113 1123 1122 
1201 3 3 1 1 0 1113 1114 1124 1123 
1202 3 3 1 1 0 1114 1115 1125 1124 
1203 3 3 1 1 0 1115 1116 1126 1125 
1204 3 3 1 1 0 1116 1117 1127 1126 
1205 3 3 1 1 0 1117 1118 1128 1127 
1206 3 3 1 1 0 1118 1119 1129 1128 
1207 3 3 1 1 0 1119 1120 1130 1129 
1208 3 3 1 1 0 1121 1122 1132 1131 
1209 3 3 1 1 0 1122 1123 1133 1132 
1210 3 3 1 1 0 1123 1124 1134 1133 
1211 3 3 1 1 0 1124 1125 1135 1134 
1212 3 3 1 1 0 1125 1126 1136 1135 
1213 3 3 1 1 0 1126 1127 1137 1136 
1214 3 3 1 1 0 1127 1128 1138 1137 
1215 3 3 1 1 0 1128 1129 1139 1138 
1216 3 3 1 1 0 1129 1130 1140 1139 
1217 3 3 1 1 0 869 868 1142 1141 
1218 3 3 1 1 0 868 867 1143 1142 
1219 3 3 1 1 0 867 866 1144 1143 
1220 3 3 1 1 0 866 865 1145 1144 
1221 3 3 1 1 0 865 864 1146 1145 
1222 3 3 1 1 0 864 863 1147 1146 
1223 3 3 1 1 0 863 862 1148 1147 
1224 3 3 1 1 0 862 861 1149 1148 
1225 3 3 1 1 0 861 508 1150 1149 
1226 3 3 1 1 0 1141 1142 1152 1151 
1227 3 3 1 1 0 1142 1143 1153 1152 
1228 3 3 1 1 0 1143 1144 1154 1153 
1229 3 3 1 1 0 1144 1145 1155 1154 
1230 3 3 1 1 0 1145 1146 1156 1155 
1231 3 3 1 1 0 1146 1147 1157 1156 
1232 3 3 1 1 0 1147 1148 1158 1157 
1233 3 3 1 1 0 1148 1149 1159 1158 
1234 3 3 1 1 0 1149 1150 1160 1159 
1235 3 3 1 1 0 1151 1152 1162 1161 
1236 3 3 1 1 0 1152 1153 1163 1162 
1237 3 3 1 1 0 1153 1154 1164 1163 
1238 3 3 1 1 0 1154 1155 1165 1164 
1239 3 3 1 1 0 1155 1156 1166 1165 
1240 3 3 1 1 0 1156 1157 1167 1166 
1241 3 3 1 1 0 1157 1158 1168 1167 
1242 3 3 1 1 0 1158 1159 1169 1168 
1243 3 3 1 1 0 1159 1160 1170 1169 
1244 3 3 1 1 0 1161 1162 1172 1171 
1245 3 3 1 1 0 1162 1163 1173 1172 
1246 3 3 1 1 0 1163 1164 1174 1173 
1247 3 3 1 1 0 1164 1165 1175 1174 
1248 3 3 1 1 0 1165 1166 1176 1175 
1249 3 3 1 1 0 1166 1167 1177 1176 
1250 3 3 1 1 0 1167 1168 1178 1177 
1251 3 3 1 1 0 1168 1169 1179 1178 
1252 3 3 1 1 0 1169 1170 1180 1179 
1253 3 3 1 1 0 1171 1172 1182 1181 
1254 3 3 1 1 0 1172 1173 1183 1182 
1255 3 3 1 1 0 1173 1174 1184 1183 
1256 3 3 1 1 0 1174 1175 1185 1184 
1257 3 3 1 1 0 1175 1176 1186 1185 
1258 3 3 1 1 0 1176 1177 1187 1186 
1259 3 3 1 1 0 1177 1178 1188 1187 
1260 3 3 1 1 0 1178 1179 1189 1188 
1261 3 3 1 1 0 1179 1180 1190 1189 
1262 3 3 1 1 0 1181 1182 1192 1191 
1263 3 3 1 1 0 1182 1183 1193 1192 
1264 3 3 1 1 0 1183 1184 1194 1193 
1265 3 3 1 1 0 1184 1185 1195 1194 
1266 3 3 1 1 0 1185 1186 1196 1195 
1267 3 3 1 1 0 1186 1187 1197 1196 
1268 3 3 1 1 0 1187 1188 1198 1197 
1269 3 3 1 1 0 1188 1189 1199 1198 
1270 3 3 1 1 0 1189 1190 1200 1199 
1271 3 3 1 1 0 1191 1192 1202 1201 
1272 3 3 1 1 0 1192 1193 1203 1202 
1273 3 3 1 1 0 1193 1194 1204 1203 
1274 3 3 1 1 0 1194 1195 1205 1204 
1275 3 3 1 1 0 1195 1196 1206 1205 
1276 3 3 1 1 0 1196 1197 1207 1206 
1277 3 3 1 1 0 1197 1198 1208 1207 
1278 3 3 1 1 0 1198 1199 1209 1208 
1279 3 3 1 1 0 1199 1200 1210 1209 
1280 3 3 1 1 0 1201 1202 1212 1211 
1281 3 3 1 1 0 1202 1203 1213 1212 
1282 3 3 1 1 0 1203 1204 1214 1213 
1283 3 3 1 1 0 1204 1205 1215 1214 
1284 3 3 1 1 0 1205 1206 1216 1215 
1285 3 3 1 1 0 1206 1207 1217 1216 
1286 3 3 1 1 0 1207 1208 1218 1217 
1287 3 3 1 1 0 1208 1209 1219 1218 
1288 3 3 1 1 0 1209 1210 1220 1219 
1289 3 3 1 1 0 1211 1212 1222 1221 
1290 3 3 1 1 0 1212 1213 1223 1222 
1291 3 3 1 1 0 1213 1214 1224 1223 
1292 3 3 1 1 0 1214 1215 1225 1224 
1293 3 3 1 1 0 1215 1216 1226 1225 
1294 3 3 1 1 0 1216 1217 1227 1226 
1295 3 3 1 1 0 1217 1218 1228 1227 
1296 3 3 1 1 0 1218 1219 1229 1228 
1297 3 3 1 1 0 1219 1220 1230 1229 
1298 3 3 1 1 0 1221 1222 1232 1231 
1299 3 3 1 1 0 1222 1223 1233 1232 
1300 3 3 1 1 0 1223 1224 1234 1233 
1301 3 3 1 1 0 1224 1225 1235 1234 
1302 3 3 1 1 0 1225 1226 1236 1235 
1303 3 3 1 1 0 1226 1227 1237 1236 
1304 3 3 1 1 0 1227 1228 1238 1237 
1305 3 3 1 1 0 1228 1229 1239 1238 
1306 3 3 1 1 0 1229 1230 1240 1239 
1307 3 3 1 1 0 1231 1232 1242 1241 
1308 3 3 1 1 0 1232 1233 1243 1242 
1309 3 3 1 1 0 1233 1234 1244 1243 
1310 3 3 1 1 0 1234 1235 1245 1244 
1311 3 3 1 1 0 1235 1236 1246 1245 
1312 3 3 1 1 0 1236 1237 1247 1246 
1313 3 3 1 1 0 1237 1238 1248 1247 
1314 3 3 1 1 0 1238 1239 1249 1248 
1315 3 3 1 1 0 1239 1240 1250 1249 
1316 3 3 1 1 0 1241 1242 1252 1251 
1317 3 3 1 1 0 1242 1243 1253 1252 
1318 3 3 1 1 0 1243 1244 1254 1253 
1319 3 3 1 1 0 1244 1245 1255 1254 
1320 3 3 1 1 0 1245 1246 1256 1255 
1321 3 3 1 1 0 1246 1247 1257 1256 
1322 3 3 1 1 0 1247 1248 1258 1257 
1323 3 3 1 1 0 1248 1249 1259 1258 
1324 3 3 1 1 0 1249 1250 1260 1259 
1325 3 3 1 1 0 1251 1252 1262 1261 
1326 3 3 1 1 0 1252 1253 1263 1262 
1327 3 3 1 1 0 1253 1254 1264 1263 
1328 3 3 1 1 0 1254 1255 1265 1264 
1329 3 3 1 1 0 1255 1256 1266 1265 
1330 3 3 1 1 0 1256 1257 1267 1266 
1331 3 3 1 1 0 1257 1258 1268 1267 
1332 3 3 1 1 0 1258 1259 1269 1268 
1333 3 3 1 1 0 1259 1260 1270 1269 
1334 3 3 1 1 0 1261 1262 1272 1271 
1335 3 3 1 1 0 1262 1263 1273 1272 
1336 3 3 1 1 0 1263 1264 1274 1273 
1337 3 3 1 1 0 1264 1265 1275 1274 
1338 3 3 1 1 0 1265 1266 1276 1275 
1339 3 3 1 1 0 1266 1267 1277 1276 
1340 3 3 1 1 0 1267 1268 1278 1277 
1341 3 3 1 1 0 1268 1269 1279 1278 
1342 3 3 1 1 0 1269 1270 1280 1279 
1343 3 3 1 1 0 1271 1272 1282 1281 
1344 3 3 1 1 0 1272 1273 1283 1282 
1345 3 3 1 1 0 1273 1274 1284 1283 
1346 3 3 1 1 0 1274 1275 1285 1284 
1347 3 3 1 1 0 1275 1276 1286 1285 
1348 3 3 1 1 0 1276 1277 1287 1286 
1349 3 3 1 1 0 1277 1278 1288 1287 
1350 3 3 1 1 0 1278 1279 1289 1288 
1351 3 3 1 1 0 1279 1280 1290 1289 
1352 3 3 1 1 0 1281 1282 1292 1291 
1353 3 3 1 1 0 1282 1283 1293 1292 
1354 3 3 1 1 0 1283 1284 1294 1293 
1355 3 3 1 1 0 1284 1285 1295 1294 
1356 3 3 1 1 0 1285 1286 1296 1295 
1357 3 3 1 1 0 1286 1287 1297 1296 
1358 3 3 1 1 0 1287 1288 1298 1297 
1359 3 3 1 1 0 1288 1289 1299 1298 
1360 3 3 1 1 0 1289 1290 1300 1299 
1361 3 3 1 1 0 1291 1292 1302 1301 
1362 3 3 1 1 0 1292 1293 1303 1302 
1363 3 3 1 1 0 1293 1294 1304 1303 
1364 3 3 1 1 0 1294 1295 1305 1304 
1365 3 3 1 1 0 1295 1296 1306 1305 
1366 3 3 1 1 0 1296 1297 1307 1306 
1367 3 3 1 1 0 1297 1298 1308 1307 
1368 3 3 1 1 0 1298 1299 1309 1308 
1369 3 3 1 1 0 1299 1300 1310 1309 
1370 3 3 1 1 0 1301 1302 1312 1311 
1371 3 3 1 1 0 1302 1303 1313 1312 
1372 3 3 1 1 0 1303 1304 1314 1313 
1373 3 3 1 1 0 1304 1305 1315 1314 
1374 3 3 1 1 0 1305 1306 1316 1315 
1375 3 3 1 1 0 1306 1307 1317 1316 
1376 3 3 1 1 0 1307 1308 1318 1317 
1377 3 3 1 1 0 1308 1309 1319 1318 
1378 3 3 1 1 0 1309 1310 1320 1319 
1379 3 3 1 1 0 1311 1312 1322 1321 
1380 3 3 1 1 0 1312 1313 1323 1322 
1381 3 3 1 1 0 1313 1314 1324 1323 
1382 3 3 1 1 0 1314 1315 1325 1324 
1383 3 3 1 1 0 1315 1316 1326 1325 
1384 3 3 1 1 0 1316 1317 1327 1326 
1385 3 3 1 1 0 1317 1318 1328 1327 
1386 3 3 1 1 0 1318 1319 1329 1328 
1387 3 3 1 1 0 1319 1320 1330 1329 
1388 3 3 1 1 0 1331 1332 1333 1334 
1389 3 3 1 1 0 1334 1333 1335 1336 
1390 3 3 1 1 0 1336 1335 1337 1338 
1391 3 3 1 1 0 1338 1337 1339 1340 
1392 3 3 1 1 0 1340 1339 1341 1342 
1393 3 3 1 1 0 1342 1341 1343 1344 
1394 3 3 1 1 0 1344 1343 1345 1346 
1395 3 3 1 1 0 1346 1345 1347 1348 
1396 3 3 1 1 0 1348 1347 1349 1350 
1397 3 3 1 1 0 1350 1349 1351 1352 
1398 3 3 1 1 0 1352 1351 1353 1354 
1399 3 3 1 1 0 1354 1353 1355 1356 
1400 3 3 1 1 0 1356 1355 1357 1358 
1401 3 3 1 1 0 1358 1357 1359 1360 
1402 3 3 1 1 0 1360 1359 1361 1362 
1403 3 3 1 1 0 1362 1361 1363 1364 
1404 3 3 1 1 0 1364 1363 1365 1366 
1405 3 3 1 1 0 1366 1365 1367 1368 
1406 3 3 1 1 0 1368 1367 1369 1370 
1407 3 3 1 1 0 1370 1369 1371 1372 
1408 3 3 1 1 0 1372 1371 1373 1374 
1409 3 3 1 1 0 1374 1373 1375 1376 
1410 3 3 1 1 0 1376 1375 1377 1378 
1411 3 3 1 1 0 1378 1377 1379 1380 
1412 3 3 1 1 0 1380 1379 1381 1382 
1413 3 3 1 1 0 1382 1381 1383 1384 
1414 3 3 1 1 0 1384 1383 1385 1386 
1415 3 3 1 1 0 1386 1385 1387 1388 
1416 3 3 1 1 0 1388 1387 1121 1131 
1417 3 3 1 1 0 1332 1389 1390 1333 
1418 3 3 1 1 0 1333 1390 1391 1335 
1419 3 3 1 1 0 1335 1391 1392 1337 
1420 3 3 1 1 0 1337 1392 1393 1339 
1421 3 3 1 1 0 1339 1393 1394 1341 
1422 3 3 1 1 0 1341 1394 1395 1343 
1423 3 3 1 1 0 1343 1395 1396 1345 
1424 3 3 1 1 0 1345 1396 1397 1347 
1425 3 3 1 1 0 1347 1397 1398 1349 
1426 3 3 1 1 0 1349 1398 1399 1351 
1427 3 3 1 1 0 1351 1399 1400 1353 
1428 3 3 1 1 0 1353 1400 1401 1355 
1429 3 3 1 1 0 1355 1401 1402 1357 
1430 3 3 1 1 0 1357 1402 1403 1359 
1431 3 3 1 1 0 1359 1403 1404 1361 
1432 3 3 1 1 0 1361 1404 1405 1363 
1433 3 3 1 1 0 1363 1405 1406 1365 
1434 3 3 1 1 0 1365 1406 1407 1367 
1435 3 3 1 1 0 1367 1407 1408 1369 
1436 3 3 1 1 0 1369 1408 1409 1371 
1437 3 3 1 1 0 1371 1409 1410 1373 
1438 3 3 1 1 0 1373 1410 1411 1375 
1439 3 3 1 1 0 1375 1411 1412 1377 
1440 3 3 1 1 0 1377 1412 1413 1379 
1441 3 3 1 1 0 1379 1413 1414 1381 
1442 3 3 1 1 0 1381 1414 1415 1383 
1443 3 3 1 1 0 1383 1415 1416 1385 
1444 3 3 1 1 0 1385 1416 1417 1387 
1445 3 3 1 1 0 1387 1417 1111 1121 
1446 3 3 1 1 0 1389 1418 1419 1390 
1447 3 3 1 1 0 1390 1419 1420 1391 
1448 3 3 1 1 0 1391 1420 1421 1392 
1449 3 3 1 1 0 1392 1421 1422 1393 
1450 3 3 1 1 0 1393 1422 1423 1394 
1451 3 3 1 1 0 1394 1423 1424 1395 
1452 3 3 1 1 0 1395 1424 1425 1396 
1453 3 3 1 1 0 1396 1425 1426 1397 
1454 3 3 1 1 0 1397 1426 1427 1398 
1455 3 3 1 1 0 1398 1427 1428 1399 
1456 3 3 1 1 0 1399 1428 1429 1400 
1457 3 3 1 1 0 1400 1429 1430 1401 
1458 3 3 1 1 0 1401 1430 1431 1402 
1459 3 3 1 1 0 1402 1431 1432 1403 
1460 3 3 1 1 0 1403 1432 1433 1404 
1461 3 3 1 1 0 1404 1433 1434 1405 
1462 3 3 1 1 0 1405 1434 1435 1406 
1463 3 3 1 1 0 1406 1435 1436 1407 
1464 3 3 1 1 0 1407 1436 1437 1408 
1465 3 3 1 1 0 1408 1437 1438 1409 
1466 3 3 1 1 0 1409 1438 1439 1410 
1467 3 3 1 1 0 1410 1439 1440 1411 
1468 3 3 1 1 0 1411 1440 1441 1412 
1469 3 3 1 1 0 1412 1441 1442 1413 
1470 3 3 1 1 0 1413 1442 1443 1414 
1471 3 3 1 1 0 1414 1443 1444 1415 
1472 3 3 1 1 0 1415 1444 1445 1416 
1473 3 3 1 1 0 1416 1445 1446 1417 
1474 3 3 1 1 0 1417 1446 1101 1111 
1475 3 3 1 1 0 1418 1447 1448 1419 
1476 3 3 1 1 0 1419 1448 1449 1420 
1477 3 3 1 1 0 1420 1449 1450 1421 
1478 3 3 1 1 0 1421 1450 1451 1422 
1479 3 3 1 1 0 1422 1451 1452 1423 
1480 3 3 1 1 0 1423 1452 1453 1424 
1481 3 3 1 1 0 1424 1453 1454 1425 
1482 3 3 1 1 0 1425 1454 1455 1426 
1483 3 3 1 1 0 1426 1455 1456 1427 
1484 3 3 1 1 0 1427 1456 1457 1428 
1485 3 3 1 1 0 1428 1457 1458 1429 
1486 3 3 1 1 0 1429 1458 1459 1430 
1487 3 3 1 1 0 1430 1459 1460 1431 
1488 3 3 1 1 0 1431 1460 1461 1432 
1489 3 3 1 1 0 1432 1461 1462 1433 
1490 3 3 1 1 0 1433 1462 1463 1434 
1491 3 3 1 1 0 1434 1463 1464 1435 
1492 3 3 1 1 0 1435 1464 1465 1436 
1493 3 3 1 1 0 1436 1465 1466 1437 
1494 3 3 1 1 0 1437 1466 1467 1438 
1495 3 3 1 1 0 1438 1467 1468 1439 
1496 3 3 1 1 0 1439 1468 1469 1440 
1497 3 3 1 1 0 1440 1469 1470 1441 
1498 3 3 1 1 0 1441 1470 1471 1442 
1499 3 3 1 1 0 1442 1471 1472 1443 
1500 3 3 1 1 0 1443 1472 1473 1444 
1501 3 3 1 1 0 1444 1473 1474 1445 
1502 3 3 1 1 0 1445 1474 1475 1446 
1503 3 3 1 1 0 1446 1475 1091 1101 
1504 3 3 1 1 0 1447 1476 1477 1448 
1505 3 3 1 1 0 1448 1477 1478 1449 
1506 3 3 1 1 0 1449 1478 1479 1450 
1507 3 3 1 1 0 1450 1479 1480 1451 
1508 3 3 1 1 0 1451 1480 1481 1452 
1509 3 3 1 1 0 1452 1481 1482 1453 
1510 3 3 1 1 0 1453 1482 1483 1454 
1511 3 3 1 1 0 1454 1483 1484 1455 
1512 3 3 1 1 0 1455 1484 1485 1456 
1513 3 3 1 1 0 1456 1485 1486 1457 
1514 3 3 1 1 0 1457 1486 1487 1458 
1515 3 3 1 1 0 1458 1487 1488 1459 
1516 3 3 1 1 0 1459 1488 1489 1460 
1517 3 3 1 1 0 1460 1489 1490 1461 
1518 3 3 1 1 0 1461 1490 1491 1462 
1519 3 3 1 1 0 1462 1491 1492 1463 
1520 3 3 1 1 0 1463 1492 1493 1464 
1521 3 3 1 1 0 1464 1493 1494 1465 
1522 3 3 1 1 0 1465 1494 1495 1466 
1523 3 3 1 1 0 1466 1495 1496 1467 
1524 3 3 1 1 0 1467 1496 1497 1468 
1525 3 3 1 1 0 1468 1497 1498 1469 
1526 3 3 1 1 0 1469 1498 1499 1470 
1527 3 3 1 1 0 1470 1499 1500 1471 
1528 3 3 1 1 0 1471 1500 1501 1472 
1529 3 3 1 1 0 1472 1501 1502 1473 
1530 3 3 1 1 0 1473 1502 1503 1474 
1531 3 3 1 1 0 1474 1503 1504 1475 
1532 3 3 1 1 0 1475 1504 1081 1091 
1533 3 3 1 1 0 1476 1505 1506 1477 
1534 3 3 1 1 0 1477 1506 1507 1478 
1535 3 3 1 1 0 1478 1507 1508 1479 
1536 3 3 1 1 0 1479 1508 1509 1480 
1537 3 3 1 1 0 1480 1509 1510 1481 
1538 3 3 1 1 0 1481 1510 1511 1482 
1539 3 3 1 1 0 1482 1511 1512 1483 
1540 3 3 1 1 0 1483 1512 1513 1484 
1541 3 3 1 1 0 1484 1513 1514 1485 
1542 3 3 1 1 0 1485 1514 1515 1486 
1543 3 3 1 1 0 1486 1515 1516 1487 
1544 3 3 1 1 0 1487 1516 1517 1488 
1545 3 3 1 1 0 1488 1517 1518 1489 
1546 3 3 1 1 0 1489 1518 1519 1490 
1547 3 3 1 1 0 1490 1519 1520 1491 
1548 3 3 1 1 0 1491 1520 1521 1492 
1549 3 3 1 1 0 1492 1521 1522 1493 
1550 3 3 1 1 0 1493 1522 1523 1494 
1551 3 3 1 1 0 1494 1523 1524 1495 
1552 3 3 1 1 0 1495 1524 1525 1496 
1553 3 3 1 1 0 1496 1525 1526 1497 
1554 3 3 1 1 0 1497 1526 1527 1498 
1555 3 3 1 1 0 1498 1527 1528 1499 
1556 3 3 1 1 0 1499 1528 1529 1500 
1557 3 3 1 1 0 1500 1529 1530 1501 
1558 3 3 1 1 0 1501 1530 1531 1502 
1559 3 3 1 1 0 1502 1531 1532 1503 
1560 3 3 1 1 0 1503 1532 1533 1504 
1561 3 3 1 1 0 1504 1533 1071 1081 
1562 3 3 1 1 0 1505 1534 1535 1506 
1563 3 3 1 1 0 1506 1535 1536 1507 
1564 3 3 1 1 0 1507 1536 1537 1508 
1565 3 3 1 1 0 1508 1537 1538 1509 
1566 3 3 1 1 0 1509 1538 1539 1510 
1567 3 3 1 1 0 1510 1539 1540 1511 
1568 3 3 1 1 0 1511 1540 1541 1512 
1569 3 3 1 1 0 1512 1541 1542 1513 
1570 3 3 1 1 0 1513 1542 1543 1514 
1571 3 3 1 1 0 1514 1543 1544 1515 
1572 3 3 1 1 0 1515 1544 1545 1516 
1573 3 3 1 1 0 1516 1545 1546 1517 
1574 3 3 1 1 0 1517 1546 1547 1518 
1575 3 3 1 1 0 1518 1547 1548 1519 
1576 3 3 1 1 0 1519 1548 1549 1520 
1577 3 3 1 1 0 1520 1549 1550 1521 
1578 3 3 1 1 0 1521 1550 1551 1522 
1579 3 3 1 1 0 1522 1551 1552 1523 
1580 3 3 1 1 0 1523 1552 1553 1524 
1581 3 3 1 1 0 1524 1553 1554 1525 
1582 3 3 1 1 0 1525 1554 1555 1526 
1583 3 3 1 1 0 1526 1555 1556 1527 
1584 3 3 1 1 0 1527 1556 1557 1528 
1585 3 3 1 1 0 1528 1557 1558 1529 
1586 3 3 1 1 0 1529 1558 1559 1530 
1587 3 3 1 1 0 1530 1559 1560 1531 
1588 3 3 1 1 0 1531 1560 1561 1532 
1589 3 3 1 1 0 1532 1561 1562 1533 
1590 3 3 1 1 0 1533 1562 1061 1071 
1591 3 3 1 1 0 1534 1563 1564 1535 
1592 3 3 1 1 0 1535 1564 1565 1536 
1593 3 3 1 1 0 1536 1565 1566 1537 
1594 3 3 1 1 0 1537 1566 1567 1538 
1595 3 3 1 1 0 1538 1567 1568 1539 
1596 3 3 1 1 0 1539 1568 1569 1540 
1597 3 3 1 1 0 1540 1569 1570 1541 
1598 3 3 1 1 0 1541 1570 1571 1542 
1599 3 3 1 1 0 1542 1571 1572 1543 
1600 3 3 1 1 0 1543 1572 1573 1544 
1601 3 3 1 1 0 1544 1573 1574 1545 
1602 3 3 1 1 0 1545 1574 1575 1546 
1603 3 3 1 1 0 1546 1575 1576 1547 
1604 3 3 1 1 0 1547 1576 1577 1548 
1605 3 3 1 1 0 1548 1577 1578 1549 
1606 3 3 1 1 0 1549 1578 1579 1550 
1607 3 3 1 1 0 1550 1579 1580 1551 
1608 3 3 1 1 0 1551 1580 1581 1552 
1609 3 3 1 1 0 1552 1581 1582 1553 
1610 3 3 1 1 0 1553 1582 1583 1554 
1611 3 3 1 1 0 1554 1583 1584 1555 
1612 3 3 1 1 0 1555 1584 1585 1556 
1613 3 3 1 1 0 1556 1585 1586 1557 
1614 3 3 1 1 0 1557 1586 1587 1558 
1615 3 3 1 1 0 1558 1587 1588 1559 
1616 3 3 1 1 0 1559 1588 1589 1560 
1617 3 3 1 1 0 1560 1589 1590 1561 
1618 3 3 1 1 0 1561 1590 1591 1562 
1619 3 3 1 1 0 1562 1591 1051 1061 
1620 3 3 1 1 0 1563 1592 1593 1564 
1621 3 3 1 1 0 1564 1593 1594 1565 
1622 3 3 1 1 0 1565 1594 1595 1566 
1623 3 3 1 1 0 1566 1595 1596 1567 
1624 3 3 1 1 0 1567 1596 1597 1568 
1625 3 3 1 1 0 1568 1597 1598 1569 
1626 3 3 1 1 0 1569 1598 1599 1570 
1627 3 3 1 1 0 1570 1599 1600 1571 
1628 3 3 1 1 0 1571 1600 1601 1572 
1629 3 3 1 1 0 1572 1601 1602 1573 
1630 3 3 1 1 0 1573 1602 1603 1574 
1631 3 3 1 1 0 1574 1603 1604 1575 
1632 3 3 1 1 0 1575 1604 1605 1576 
1633 3 3 1 1 0 1576 1605 1606 1577 
1634 3 3 1 1 0 1577 1606 1607 1578 
1635 3 3 1 1 0 1578 1607 1608 1579 
1636 3 3 1 1 0 1579 1608 1609 1580 
1637 3 3 1 1 0 1580 1609 1610 1581 
1638 3 3 1 1 0 1581 1610 1611 1582 
1639 3 3 1 1 0 1582 1611 1612 1583 
1640 3 3 1 1 0 1583 1612 1613 1584 
1641 3 3 1 1 0 1584 1613 1614 1585 
1642 3 3 1 1 0 1585 1614 1615 1586 
1643 3 3 1 1 0 1586 1615 1616 1587 
1644 3 3 1 1 0 1587 1616 1617 1588 
1645 3 3 1 1 0 1588 1617 1618 1589 
1646 3 3 1 1 0 1589 1618 1619 1590 
1647 3 3 1 1 0 1590 1619 1620 1591 
1648 3 3 1 1 0 1591 1620 1041 1051 
1649 3 3 1 1 0 1592 1621 1622 1593 
1650 3 3 1 1 0 1593 1622 1623 1594 
1651 3 3 1 1 0 1594 1623 1624 1595 
1652 3 3 1 1 0 1595 1624 1625 1596 
1653 3 3 1 1 0 1596 1625 1626 1597 
1654 3 3 1 1 0 1597 1626 1627 1598 
1655 3 3 1 1 0 1598 1627 1628 1599 
1656 3 3 1 1 0 1599 1628 1629 1600 
1657 3 3 1 1 0 1600 1629 1630 1601 
1658 3 3 1 1 0 1601 1630 1631 1602 
1659 3 3 1 1 0 1602 1631 1632 1603 
1660 3 3 1 1 0 1603 1632 1633 1604 
1661 3 3 1 1 0 1604 1633 1634 1605 
1662 3 3 1 1 0 1605 1634 1635 1606 
1663 3 3 1 1 0 1606 1635 1636 1607 
1664 3 3 1 1 0 1607 1636 1637 1608 
1665 3 3 1 1 0 1608 1637 1638 1609 
1666 3 3 1 1 0 1609 1638 1639 1610 
1667 3 3 1 1 0 1610 1639 1640 1611 
1668 3 3 1 1 0 1611 1640 1641 1612 
1669 3 3 1 1 0 1612 1641 1642 1613 
1670 3 3 1 1 0 1613 1642 1643 1614 
1671 3 3 1 1 0 1614 1643 1644 1615 
1672 3 3 1 1 0 1615 1644 1645 1616 
1673 3 3 1 1 0 1616 1645 1646 1617 
1674 3 3 1 1 0 1617 1646 1647 1618 
1675 3 3 1 1 0 1618 1647 1648 1619 
1676 3 3 1 1 0 1619 1648 1649 1620 
1677 3 3 1 1 0 1620 1649 1031 1041 
1678 3 3 1 1 0 1621 1650 1651 1622 
1679 3 3 1 1 0 1622 1651 1652 1623 
1680 3 3 1 1 0 1623 1652 1653 1624 
1681 3 3 1 1 0 1624 1653 1654 1625 
1682 3 3 1 1 0 1625 1654 1655 1626 
1683 3 3 1 1 0 1626 1655 1656 1627 
1684 3 3 1 1 0 1627 1656 1657 1628 
1685 3 3 1 1 0 1628 1657 1658 1629 
1686 3 3 1 1 0 1629 1658 1659 1630 
1687 3 3 1 1 0 1630 1659 1660 1631 
1688 3 3 1 1 0 1631 1660 1661 1632 
1689 3 3 1 1 0 1632 1661 1662 1633 
1690 3 3 1 1 0 1633 1662 1663 1634 
1691 3 3 1 1 0 1634 1663 1664 1635 
1692 3 3 1 1 0 1635 1664 1665 1636 
1693 3 3 1 1 0 1636 1665 1666 1637 
1694 3 3 1 1 0 1637 1666 1667 1638 
1695 3 3 1 1 0 1638 1667 1668 1639 
1696 3 3 1 1 0 1639 1668 1669 1640 
1697 3 3 1 1 0 1640 1669 1670 1641 
1698 3 3 1 1 0 1641 1670 1671 1642 
1699 3 3 1 1 0 1642 1671 1672 1643 
1700 3 3 1 1 0 1643 1672 1673 1644 
1701 3 3 1 1 0 1644 1673 1674 1645 
1702 3 3 1 1 0 1645 1674 1675 1646 
1703 3 3 1 1 0 1646 1675 1676 1647 
1704 3 3 1 1 0 1647 1676 1677 1648 
1705 3 3 1 1 0 1648 1677 1678 1649 
1706 3 3 1 1 0 1649 1678 1021 1031 
1707 3 3 1 1 0 1650 1679 1680 1651 
1708 3 3 1 1 0 1651 1680 1681 1652 
1709 3 3 1 1 0 1652 1681 1682 1653 
1710 3 3 1 1 0 1653 1682 1683 1654 
1711 3 3 1 1 0 1654 1683 1684 1655 
1712 3 3 1 1 0 1655 1684 1685 1656 
1713 3 3 1 1 0 1656 1685 1686 1657 
1714 3 3 1 1 0 1657 1686 1687 1658 
1715 3 3 1 1 0 1658 1687 1688 1659 
1716 3 3 1 1 0 1659 1688 1689 1660 
1717 3 3 1 1 0 1660 1689 1690 1661 
1718 3 3 1 1 0 1661 1690 1691 1662 
1719 3 3 1 1 0 1662 1691 1692 1663 
1720 3 3 1 1 0 1663 1692 1693 1664 
1721 3 3 1 1 0 1664 1693 1694 1665 
1722 3 3 1 1 0 1665 1694 1695 1666 
1723 3 3 1 1 0 1666 1695 1696 1667 
1724 3 3 1 1 0 1667 1696 1697 1668 
1725 3 3 1 1 0 1668 1697 1698 1669 
1726 3 3 1 1 0 1669 1698 1699 1670 
1727 3 3 1 1 0 1670 1699 1700 1671 
1728 3 3 1 1 0 1671 1700 1701 1672 
1729 3 3 1 1 0 1672 1701 1702 1673 
1730 3 3 1 1 0 1673 1702 1703 1674 
1731 3 3 1 1 0 1674 1703 1704 1675 
1732 3 3 1 1 0 1675 1704 1705 1676 
1733 3 3 1 1 0 1676 1705 1706 1677 
1734 3 3 1 1 0 1677 1706 1707 1678 
1735 3 3 1 1 0 1678 1707 1011 1021 
1736 3 3 1 1 0 1679 1708 1709 1680 
1737 3 3 1 1 0 1680 1709 1710 1681 
1738 3 3 1 1 0 1681 1710 1711 1682 
1739 3 3 1 1 0 1682 1711 1712 1683 
1740 3 3 1 1 0 1683 1712 1713 1684 
1741 3 3 1 1 0 1684 1713 1714 1685 
1742 3 3 1 1 0 1685 1714 1715 1686 
1743 3 3 1 1 0 1686 1715 1716 1687 
1744 3 3 1 1 0 1687 1716 1717 1688 
1745 3 3 1 1 0 1688 1717 1718 1689 
1746 3 3 1 1 0 1689 1718 1719 1690 
1747 3 3 1 1 0 1690 1719 1720 1691 
1748 3 3 1 1 0 1691 1720 1721 1692 
1749 3 3 1 1 0 1692 1721 1722 1693 
1750 3 3 1 1 0 1693 1722 1723 1694 
1751 3 3 1 1 0 1694 1723 1724 1695 
1752 3 3 1 1 0 1695 1724 1725 1696 
1753 3 3 1 1 0 1696 1725 1726 1697 
1754 3 3 1 1 0 1697 1726 1727 1698 
1755 3 3 1 1 0 1698 1727 1728 1699 
1756 3 3 1 1 0 1699 1728 1729 1700 
1757 3 3 1 1 0 1700 1729 1730 1701 
1758 3 3 1 1 0 1701 1730 1731 1702 
1759 3 3 1 1 0 1702 1731 1732 1703 
1760 3 3 1 1 0 1703 1732 1733 1704 
1761 3 3 1 1 0 1704 1733 1734 1705 
1762 3 3 1 1 0 1705 1734 1735 1706 
1763 3 3 1 1 0 1706 1735 1736 1707 
1764 3 3 1 1 0 1707 1736 1001 1011 
1765 3 3 1 1 0 1708 1737 1738 1709 
1766 3 3 1 1 0 1709 1738 1739 1710 
1767 3 3 1 1 0 1710 1739 1740 1711 
1768 3 3 1 1 0 1711 1740 1741 1712 
1769 3 3 1 1 0 1712 1741 1742 1713 
1770 3 3 1 1 0 1713 1742 1743 1714 
1771 3 3 1 1 0 1714 1743 1744 1715 
1772 3 3 1 1 0 1715 1744 1745 1716 
1773 3 3 1 1 0 1716 1745 1746 1717 
1774 3 3 1 1 0 1717 1746 1747 1718 
1775 3 3 1 1 0 1718 1747 1748 1719 
1776 3 3 1 1 0 1719 1748 1749 1720 
1777 3 3 1 1 0 1720 1749 1750 1721 
1778 3 3 1 1 0 1721 1750 1751 1722 
1779 3 3 1 1 0 1722 1751 1752 1723 
1780 3 3 1 1 0 1723 1752 1753 1724 
1781 3 3 1 1 0 1724 1753 1754 1725 
1782 3 3 1 1 0 1725 1754 1755 1726 
1783 3 3 1 1 0 1726 1755 1756 1727 
1784 3 3 1 1 0 1727 1756 1757 1728 
1785 3 3 1 1 0 1728 1757 1758 1729 
1786 3 3 1 1 0 1729 1758 1759 1730 
1787 3 3 1 1 0 1730 1759 1760 1731 
1788 3 3 1 1 0 1731 1760 1761 1732 
1789 3 3 1 1 0 1732 1761 1762 1733 
1790 3 3 1 1 0 1733 1762 1763 1734 
1791 3 3 1 1 0 1734 1763 1764 1735 
1792 3 3 1 1 0 1735 1764 1765 1736 
1793 3 3 1 1 0 1736 1765 991 1001 
1794 3 3 1 1 0 1737 1766 1767 1738 
1795 3 3 1 1 0 1738 1767 1768 1739 
1796 3 3 1 1 0 1739 1768 1769 1740 
1797 3 3 1 1 0 1740 1769 1770 1741 
1798 3 3 1 1 0 1741 1770 1771 1742 
1799 3 3 1 1 0 1742 1771 1772 1743 
1800 3 3 1 1 0 1743 1772 1773 1744 
1801 3 3 1 1 0 1744 1773 1774 1745 
1802 3 3 1 1 0 1745 1774 1775 1746 
1803 3 3 1 1 0 1746 1775 1776 1747 
1804 3 3 1 1 0 1747 1776 1777 1748 
1805 3 3 1 1 0 1748 1777 1778 1749 
1806 3 3 1 1 0 1749 1778 1779 1750 
1807 3 3 1 1 0 1750 1779 1780 1751 
1808 3 3 1 1 0 1751 1780 1781 1752 
1809 3 3 1 1 0 1752 1781 1782 1753 
1810 3 3 1 1 0 1753 1782 1783 1754 
1811 3 3 1 1 0 1754 1783 1784 1755 
1812 3 3 1 1 0 1755 1784 1785 1756 
1813 3 3 1 1 0 1756 1785 1786 1757 
1814 3 3 1 1 0 1757 1786 1787 1758 
1815 3 3 1 1 0 1758 1787 1788 1759 
1816 3 3 1 1 0 1759 1788 1789 1760 
1817 3 3 1 1 0 1760 1789 1790 1761 
1818 3 3 1 1 0 1761 1790 1791 1762 
1819 3 3 1 1 0 1762 1791 1792 1763 
1820 3 3 1 1 0 1763 1792 1793 1764 
1821 3 3 1 1 0 1764 1793 1794 1765 
1822 3 3 1 1 0 1765 1794 981 991 
1823 3 3 1 1 0 1766 1795 1796 1767 
1824 3 3 1 1 0 1767 1796 1797 1768 
1825 3 3 1 1 0 1768 1797 1798 1769 
1826 3 3 1 1 0 1769 1798 1799 1770 
1827 3 3 1 1 0 1770 1799 1800 1771 
1828 3 3 1 1 0 1771 1800 1801 1772 
1829 3 3 1 1 0 1772 1801 1802 1773 
1830 3 3 1 1 0 1773 1802 1803 1774 
1831 3 3 1 1 0 1774 1803 1804 1775 
1832 3 3 1 1 0 1775 1804 1805 1776 
1833 3 3 1 1 0 1776 1805 1806 1777 
1834 3 3 1 1 0 1777 1806 1807 1778 
1835 3 3 1 1 0 1778 1807 1808 1779 
1836 3 3 1 1 0 1779 1808 1809 1780 
1837 3 3 1 1 0 1780 1809 1810 1781 
1838 3 3 1 1 0 1781 1810 1811 1782 
1839 3 3 1 1 0 1782 1811 1812 1783 
1840 3 3 1 1 0 1783 1812 1813 1784 
1841 3 3 1 1 0 1784 1813 1814 1785 
1842 3 3 1 1 0 1785 1814 1815 1786 
1843 3 3 1 1 0 1786 1815 1816 1787 
1844 3 3 1 1 0 1787 1816 1817 1788 
1845 3 3 1 1 0 1788 1817 1818 1789 
1846 3 3 1 1 0 1789 1818 1819 1790 
1847 3 3 1 1 0 1790 1819 1820 1791 
1848 3 3 1 1 0 1791 1820 1821 1792 
1849 3 3 1 1 0 1792 1821 1822 1793 
1850 3 3 1 1 0 1793 1822 1823 1794 
1851 3 3 1 1 0 1794 1823 971 981 
1852 3 3 1 1 0 1795 1824 1825 1796 
1853 3 3 1 1 0 1796 1825 1826 1797 
1854 3 3 1 1 0 1797 1826 1827 1798 
1855 3 3 1 1 0 1798 1827 1828 1799 
1856 3 3 1 1 0 1799 1828 1829 1800 
1857 3 3 1 1 0 1800 1829 1830 1801 
1858 3 3 1 1 0 1801 1830 1831 1802 
1859 3 3 1 1 0 1802 1831 1832 1803 
1860 3 3 1 1 0 1803 1832 1833 1804 
1861 3 3 1 1 0 1804 1833 1834 1805 
1862 3 3 1 1 0 1805 1834 1835 1806 
1863 3 3 1 1 0 1806 1835 1836 1807 
1864 3 3 1 1 0 1807 1836 1837 1808 
1865 3 3 1 1 0 1808 1837 1838 1809 
1866 3 3 1 1 0 1809 1838 1839 1810 
1867 3 3 1 1 0 1810 1839 1840 1811 
1868 3 3 1 1 0 1811 1840 1841 1812 
1869 3 3 1 1 0 1812 1841 1842 1813 
1870 3 3 1 1 0 1813 1842 1843 1814 
1871 3 3 1 1 0 1814 1843 1844 1815 
1872 3 3 1 1 0 1815 1844 1845 1816 
1873 3 3 1 1 0 1816 1845 1846 1817 
1874 3 3 1 1 0 1817 1846 1847 1818 
1875 3 3 1 1 0 1818 1847 1848 1819 
1876 3 3 1 1 0 1819 1848 1849 1820 
1877 3 3 1 1 0 1820 1849 1850 1821 
1878 3 3 1 1 0 1821 1850 1851 1822 
1879 3 3 1 1 0 1822 1851 1852 1823 
1880 3 3 1 1 0 1823 1852 961 971 
1881 3 3 1 1 0 1824 1853 1854 1825 
1882 3 3 1 1 0 1825 1854 1855 1826 
1883 3 3 1 1 0 1826 1855 1856 1827 
1884 3 3 1 1 0 1827 1856 1857 1828 
1885 3 3 1 1 0 1828 1857 1858 1829 
1886 3 3 1 1 0 1829 1858 1859 1830 
1887 3 3 1 1 0 1830 1859 1860 1831 
1888 3 3 1 1 0 1831 1860 1861 1832 
1889 3 3 1 1 0 1832 1861 1862 1833 
1890 3 3 1 1 0 1833 1862 1863 1834 
1891 3 3 1 1 0 1834 1863 1864 1835 
1892 3 3 1 1 0 1835 1864 1865 1836 
1893 3 3 1 1 0 1836 1865 1866 1837 
1894 3 3 1 1 0 1837 1866 1867 1838 
1895 3 3 1 1 0 1838 1867 1868 1839 
1896 3 3 1 1 0 1839 1868 1869 1840 
1897 3 3 1 1 0 1840 1869 1870 1841 
1898 3 3 1 1 0 1841 1870 1871 1842 
1899 3 3 1 1 0 1842 1871 1872 1843 
1900 3 3 1 1 0 1843 1872 1873 1844 
1901 3 3 1 1 0 1844 1873 1874 1845 
1902 3 3 1 1 0 1845 1874 1875 1846 
1903 3 3 1 1 0 1846 1875 1876 1847 
1904 3 3 1 1 0 1847 1876 1877 1848 
1905 3 3 1 1 0 1848 1877 1878 1849 
1906 3 3 1 1 0 1849 1878 1879 1850 
1907 3 3 1 1 0 1850 1879 1880 1851 
1908 3 3 1 1 0 1851 1880 1881 1852 
1909 3 3 1 1 0 1852 1881 951 961 
1910 3 3 1 1 0 1853 200 210 1854 
1911 3 3 1 1 0 1854 210 220 1855 
1912 3 3 1 1 0 1855 220 230 1856 
1913 3 3 1 1 0 1856 230 240 1857 
1914 3 3 1 1 0 1857 240 250 1858 
1915 3 3 1 1 0 1858 250 260 1859 
1916 3 3 1 1 0 1859 260 270 1860 
1917 3 3 1 1 0 1860 270 280 1861 
1918 3 3 1 1 0 1861 280 290 1862 
1919 3 3 1 1 0 1862 290 300 1863 
1920 3 3 1 1 0 1863 300 310 1864 
1921 3 3 1 1 0 1864 310 320 1865 
1922 3 3 1 1 0 1865 320 330 1866 
1923 3 3 1 1 0 1866 330 340 1867 
1924 3 3 1 1 0 1867 340 350 1868 
1925 3 3 1 1 0 1868 350 360 1869 
1926 3 3 1 1 0 1869 360 370 1870 
1927 3 3 1 1 0 1870 370 380 1871 
1928 3 3 1 1 0 1871 380 390 1872 
1929 3 3 1 1 0 1872 390 400 1873 
1930 3 3 1 1 0 1873 400 410 1874 
1931 3 3 1 1 0 1874 410 420 1875 
1932 3 3 1 1 0 1875 420 430 1876 
1933 3 3 1 1 0 1876 430 440 1877 
1934 3 3 1 1 0 1877 440 450 1878 
1935 3 3 1 1 0 1878 450 460 1879 
1936 3 3 1 1 0 1879 460 470 1880 
1937 3 3 1 1 0 1880 470 480 1881 
1938 3 3 1 1 0 1881 480 490 951 
1939 3 3 1 1 0 1882 1885 1884 1883 
1940 3 3 1 1 0 1885 1887 1886 1884 
1941 3 3 1 1 0 1887 1889 1888 1886 
1942 3 3 1 1 0 1889 1891 1890 1888 
1943 3 3 1 1 0 1891 1893 1892 1890 
1944 3 3 1 1 0 1893 1895 1894 1892 
1945 3 3 1 1 0 1895 1897 1896 1894 
1946 3 3 1 1 0 1897 1899 1898 1896 
1947 3 3 1 1 0 1899 1901 1900 1898 
1948 3 3 1 1 0 1901 1903 1902 1900 
1949 3 3 1 1 0 1903 1905 1904 1902 
1950 3 3 1 1 0 1905 1907 1906 1904 
1951 3 3 1 1 0 1907 1909 1908 1906 
1952 3 3 1 1 0 1909 1911 1910 1908 
1953 3 3 1 1 0 1911 1913 1912 1910 
1954 3 3 1 1 0 1913 1915 1914 1912 
1955 3 3 1 1 0 1915 1917 1916 1914 
1956 3 3 1 1 0 1917 1919 1918 1916 
1957 3 3 1 1 0 1919 1921 1920 1918 
1958 3 3 1 1 0 1921 1923 1922 1920 
1959 3 3 1 1 0 1923 1925 1924 1922 
1960 3 3 1 1 0 1925 1927 1926 1924 
1961 3 3 1 1 0 1927 1929 1928 1926 
1962 3 3 1 1 0 1929 1931 1930 1928 
1963 3 3 1 1 0 1931 1933 1932 1930 
1964 3 3 1 1 0 1933 1935 1934 1932 
1965 3 3 1 1 0 1935 1937 1936 1934 
1966 3 3 1 1 0 1937 1939 1938 1936 
1967 3 3 1 1 0 1939 1330 1320 1938 
1968 3 3 1 1 0 1883 1884 1941 1940 
1969 3 3 1 1 0 1884 1886 1942 1941 
1970 3 3 1 1 0 1886 1888 1943 1942 
1971 3 3 1 1 0 1888 1890 1944 1943 
1972 3 3 1 1 0 1890 1892 1945 1944 
1973 3 3 1 1 0 1892 1894 1946 1945 
1974 3 3 1 1 0 1894 1896 1947 1946 
1975 3 3 1 1 0 1896 1898 1948 1947 
1976 3 3 1 1 0 1898 1900 1949 1948 
1977 3 3 1 1 0 1900 1902 1950 1949 
1978 3 3 1 1 0 1902 1904 1951 1950 
1979 3 3 1 1 0 1904 1906 1952 1951 
1980 3 3 1 1 0 1906 1908 1953 1952 
1981 3 3 1 1 0 1908 1910 1954 1953 
1982 3 3 1 1 0 1910 1912 1955 1954 
1983 3 3 1 1 0 1912 1914 1956 1955 
1984 3 3 1 1 0 1914 1916 1957 1956 
1985 3 3 1 1 0 1916 1918 1958 1957 
1986 3 3 1 1 0 1918 1920 1959 1958 
1987 3 3 1 1 0 1920 1922 1960 1959 
1988 3 3 1 1 0 1922 1924 1961 1960 
1989 3 3 1 1 0 1924 1926 1962 1961 
1990 3 3 1 1 0 1926 1928 1963 1962 
1991 3 3 1 1 0 1928 1930 1964 1963 
1992 3 3 1 1 0 1930 1932 1965 1964 
1993 3 3 1 1 0 1932 1934 1966 1965 
1994 3 3 1 1 0 1934 1936 1967 1966 
1995 3 3 1 1 0 1936 1938 1968 1967 
1996 3 3 1 1 0 1938 1320 1310 1968 
1997 3 3 1 1 0 1940 1941 1970 1969 
1998 3 3 1 1 0 1941 1942 1971 1970 
1999 3 3 1 1 0 1942 1943 1972 1971 
2000 3 3 1 1 0 1943 1944 1973 1972 
2001 3 3 1 1 0 1944 1945 1974 1973 
2002 3 3 1 1 0 1945 1946 1975 1974 
2003 3 3 1 1 0 1946 1947 1976 1975 
2004 3 3 1 1 0 1947 1948 1977 1976 
2005 3 3 1 1 0 1948 1949 1978 1977 
2006 3 3 1 1 0 1949 1950 1979 1978 
2007 3 3 1 1 0 1950 1951 1980 1979 
2008 3 3 1 1 0 1951 1952 1981 1980 
2009 3 3 1 1 0 1952 1953 1982 1981 
2010 3 3 1 1 0 1953 1954 1983 1982 
2011 3 3 1 1 0 1954 1955 1984 1983 
2012 3 3 1 1 0 1955 1956 1985 1984 
2013 3 3 1 1 0 1956 1957 1986 1985 
2014 3 3 1 1 0 1957 1958 1987 1986 
2015 3 3 1 1 0 1958 1959 1988 1987 
2016 3 3 1 1 0 1959 1960 1989 1988 
2017 3 3 1 1 0 1960 1961 1990 1989 
2018 3 3 1 1 0 1961 1962 1991 1990 
2019 3 3 1 1 0 1962 1963 1992 1991 
2020 3 3 1 1 0 1963 1964 1993 1992 
2021 3 3 1 1 0 1964 1965 1994 1993 
2022 3 3 1 1 0 1965 1966 1995 1994 
2023 3 3 1 1 0 1966 1967 1996 1995 
2024 3 3 1 1 0 1967 1968 1997 1996 
2025 3 3 1 1 0 1968 1310 1300 1997 
2026 3 3 1 1 0 1969 1970 1999 1998 
2027 3 3 1 1 0 1970 1971 2000 1999 
2028 3 3 1 1 0 1971 1972 2001 2000 
2029 3 3 1 1 0 1972 1973 2002 2001 
2030 3 3 1 1 0 1973 1974 2003 2002 
2031 3 3 1 1 0 1974 1975 2004 2003 
2032 3 3 1 1 0 1975 1976 2005 2004 
2033 3 3 1 1 0 1976 1977 2006 2005 
2034 3 3 1 1 0 1977 1978 2007 2006 
2035 3 3 1 1 0 1978 1979 2008 2007 
2036 3 3 1 1 0 1979 1980 2009 2008 
2037 3 3 1 1 0 1980 1981 2010 2009 
2038 3 3 1 1 0 1981 1982 2011 2010 
2039 3 3 1 1 0 1982 1983 2012 2011 
2040 3 3 1 1 0 1983 1984 2013 2012 
2041 3 3 1 1 0 1984 1985 2014 2013 
2042 3 3 1 1 0 1985 1986 2015 2014 
2043 3 3 1 1 0 1986 1987 2016 2015 
2044 3 3 1 1 0 1987 1988 2017 2016 
2045 3 3 1 1 0 1988 1989 2018 2017 
2046 3 3 1 1 0 1989 1990 2019 2018 
2047 3 3 1 1 0 1990 1991 2020 2019 
2048 3 3 1 1 0 1991 1992 2021 2020 
2049 3 3 1 1 0 1992 1993 2022 2021 
2050 3 3 1 1 0 1993 1994 2023 2022 
2051 3 3 1 1 0 1994 1995 2024 2023 
2052 3 3 1 1 0 1995 1996 2025 2024 
2053 3 3 1 1 0 1996 1997 2026 2025 
2054 3 3 1 1 0 1997 1300 1290 2026 
2055 3 3 1 1 0 1998 1999 2028 2027 
2056 3 3 1 1 0 1999 2000 2029 2028 
2057 3 3 1 1 0 2000 2001 2030 2029 
2058 3 3 1 1 0 2001 2002 2031 2030 
2059 3 3 1 1 0 2002 2003 2032 2031 
2060 3 3 1 1 0 2003 2004 2033 2032 
2061 3 3 1 1 0 2004 2005 2034 2033 
2062 3 3 1 1 0 2005 2006 2035 2034 
2063 3 3 1 1 0 2006 2007 2036 2035 
2064 3 3 1 1 0 2007 2008 2037 2036 
2065 3 3 1 1 0 2008 2009 2038 2037 
2066 3 3 1 1 0 2009 2010 2039 2038 
2067 3 3 1 1 0 2010 2011 2040 2039 
2068 3 3 1 1 0 2011 2012 2041 2040 
2069 3 3 1 1 0 2012 2013 2042 2041 
2070 3 3 1 1 0 2013 2014 2043 2042 
2071 3 3 1 1 0 2014 2015 2044 2043 
2072 3 3 1 1 0 2015 2016 2045 2044 
2073 3 3 1 1 0 2016 2017 2046 2045 
2074 3 3 1 1 0 2017 2018 2047 2046 
2075 3 3 1 1 0 2018 2019 2048 2047 
2076 3 3 1 1 0 2019 2020 2049 2048 
2077 3 3 1 1 0 2020 2021 2050 2049 
2078 3 3 1 1 0 2021 2022 2051 2050 
2079 3 3 1 1 0 2022 2023 2052 2051 
2080 3 3 1 1 0 2023 2024 2053 2052 
2081 3 3 1 1 0 2024 2025 2054 2053 
2082 3 3 1 1 0 2025 2026 2055 2054 
2083 3 3 1 1 0 2026 1290 1280 2055 
2084 3 3 1 1 0 2027 2028 2057 2056 
2085 3 3 1 1 0 2028 2029 2058 2057 
2086 3 3 1 1 0 2029 2030 2059 2058 
2087 3 3 1 1 0 2030 2031 2060 2059 
2088 3 3 1 1 0 2031 2032 2061 2060 
2089 3 3 1 1 0 2032 2033 2062 2061 
2090 3 3 1 1 0 2033 2034 2063 2062 
2091 3 3 1 1 0 2034 2035 2064 2063 
2092 3 3 1 1 0 2035 2036 2065 2064 
2093 3 3 1 1 0 2036 2037 2066 2065 
2094 3 3 1 1 0 2037 2038 2067 2066 
2095 3 3 1 1 0 2038 2039 2068 2067 
2096 3 3 1 1 0 2039 2040 2069 2068 
2097 3 3 1 1 0 2040 2041 2070 2069 
2098 3 3 1 1 0 2041 2042 2071 2070 
2099 3 3 1 1 0 2042 2043 2072 2071 
2100 3 3 1 1 0 2043 2044 2073 2072 
2101 3 3 1 1 0 2044 2045 2074 2073 
2102 3 3 1 1 0 2045 2046 2075 2074 
2103 3 3 1 1 0 2046 2047 2076 2075 
2104 3 3 1 1 0 2047 2048 2077 2076 
2105 3 3 1 1 0 2048 2049 2078 2077 
2106 3 3 1 1 0 2049 2050 2079 2078 
2107 3 3 1 1 0 2050 2051 2080 2079 
2108 3 3 1 1 0 2051 2052 2081 2080 
2109 3 3 1 1 0 2052 2053 2082 2081 
2110 3 3 1 1 0 2053 2054 2083 2082 
2111 3 3 1 1 0 2054 2055 2084 2083 
2112 3 3 1 1 0 2055 1280 1270 2084 
2113 3 3 1 1 0 2056 2057 2086 2085 
2114 3 3 1 1 0 2057 2058 2087 2086 
2115 3 3 1 1 0 2058 2059 2088 2087 
2116 3 3 1 1 0 2059 2060 2089 2088 
2117 3 3 1 1 0 2060 2061 2090 2089 
2118 3 3 1 1 0 2061 2062 2091 2090 
2119 3 3 1 1 0 2062 2063 2092 2091 
2120 3 3 1 1 0 2063 2064 2093 2092 
2121 3 3 1 1 0 2064 2065 2094 2093 
2122 3 3 1 1 0 2065 2066 2095 2094 
2123 3 3 1 1 0 2066 2067 2096 2095 
2124 3 3 1 1 0 2067 2068 2097 2096 
2125 3 3 1 1 0 2068 2069 2098 2097 
2126 3 3 1 1 0 2069 2070 2099 2098 
2127 3 3 1 1 0 2070 2071 2100 2099 
2128 3 3 1 1 0 2071 2072 2101 2100 
2129 3 3 1 1 0 2072 2073 2102 2101 
2130 3 3 1 1 0 2073 2074 2103 2102 
2131 3 3 1 1 0 2074 2075 2104 2103 
2132 3 3 1 1 0 2075 2076 2105 2104 
2133 3 3 1 1 0 2076 2077 2106 2105 
2134 3 3 1 1 0 2077 2078 2107 2106 
2135 3 3 1 1 0 2078 2079 2108 2107 
2136 3 3 1 1 0 2079 2080 2109 2108 
2137 3 3 1 1 0 2080 2081 2110 2109 
2138 3 3 1 1 0 2081 2082 2111 2110 
2139 3 3 1 1 0 2082 2083 2112 2111 
2140 3 3 1 1 0 2083 2084 2113 2112 
2141 3 3 1 1 0 2084 1270 1260 2113 
2142 3 3 1 1 0 2085 2086 2115 2114 
2143 3 3 1 1 0 2086 2087 2116 2115 
2144 3 3 1 1 0 2087 2088 2117 2116 
2145 3 3 1 1 0 2088 2089 2118 2117 
2146 3 3 1 1 0 2089 2090 2119 2118 
2147 3 3 1 1 0 2090 2091 2120 2119 
2148 3 3 1 1 0 2091 2092 2121 2120 
2149 3 3 1 1 0 2092 2093 2122 2121 
2150 3 3 1 1 0 2093 2094 2123 2122 
2151 3 3 1 1 0 2094 2095 2124 2123 
2152 3 3 1 1 0 2095 2096 2125 2124 
2153 3 3 1 1 0 2096 2097 2126 2125 
2154 3 3 1 1 0 2097 2098 2127 2126 
2155 3 3 1 1 0 2098 2099 2128 2127 
2156 3 3 1 1 0 2099 2100 2129 2128 
2157 3 3 1 1 0 2100 2101 2130 2129 
2158 3 3 1 1 0 2101 2102 2131 2130 
2159 3 3 1 1 0 2102 2103 2132 2131 
2160 3 3 1 1 0 2103 2104 2133 2132 
2161 3 3 1 1 0 2104 2105 2134 2133 
2162 3 3 1 1 0 2105 2106 2135 2134 
2163 3 3 1 1 0 2106 2107 2136 2135 
2164 3 3 1 1 0 2107 2108 2137 2136 
2165 3 3 1 1 0 2108 2109 2138 2137 
2166 3 3 1 1 0 2109 2110 2139 2138 
2167 3 3 1 1 0 2110 2111 2140 2139 
2168 3 3 1 1 0 2111 2112 2141 2140 
2169 3 3 1 1 0 2112 2113 2142 2141 
2170 3 3 1 1 0 2113 1260 1250 2142 
2171 3 3 1 1 0 2114 2115 2144 2143 
2172 3 3 1 1 0 2115 2116 2145 2144 
2173 3 3 1 1 0 2116 2117 2146 2145 
2174 3 3 1 1 0 2117 2118 2147 2146 
2175 3 3 1 1 0 2118 2119 2148 2147 
2176 3 3 1 1 0 2119 2120 2149 2148 
2177 3 3 1 1 0 2120 2121 2150 2149 
2178 3 3 1 1 0 2121 2122 2151 2150 
2179 3 3 1 1 0 2122 2123 2152 2151 
2180 3 3 1 1 0 2123 2124 2153 2152 
2181 3 3 1 1 0 2124 2125 2154 2153 
2182 3 3 1 1 0 2125 2126 2155 2154 
2183 3 3 1 1 0 2126 2127 2156 2155 
2184 3 3 1 1 0 2127 2128 2157 2156 
2185 3 3 1 1 0 2128 2129 2158 2157 
2186 3 3 1 1 0 2129 2130 2159 2158 
2187 3 3 1 1 0 2130 2131 2160 2159 
2188 3 3 1 1 0 2131 2132 2161 2160 
2189 3 3 1 1 0 2132 2133 2162 2161 
2190 3 3 1 1 0 2133 2134 2163 2162 
2191 3 3 1 1 0 2134 2135 2164 2163 
2192 3 3 1 1 0 2135 2136 2165 2164 
2193 3 3 1 1 0 2136 2137 2166 2165 
2194 3 3 1 1 0 2137 2138 2167 2166 
2195 3 3 1 1 0 2138 2139 2168 2167 
2196 3 3 1 1 0 2139 2140 2169 2168 
2197 3 3 1 1 0 2140 2141 2170 2169 
2198 3 3 1 1 0 2141 2142 2171 2170 
2199 3 3 1 1 0 2142 1250 1240 2171 
2200 3 3 1 1 0 2143 2144 2173 2172 
2201 3 3 1 1 0 2144 2145 2174 2173 
2202 3 3 1 1 0 2145 2146 2175 2174 
2203 3 3 1 1 0 2146 2147 2176 2175 
2204 3 3 1 1 0 2147 2148 2177 2176 
2205 3 3 1 1 0 2148 2149 2178 2177 
2206 3 3 1 1 0 2149 2150 2179 2178 
2207 3 3 1 1 0 2150 2151 2180 2179 
2208 3 3 1 1 0 2151 2152 2181 2180 
2209 3 3 1 1 0 2152 2153 2182 2181 
2210 3 3 1 1 0 2153 2154 2183 2182 
2211 3 3 1 1 0 2154 2155 2184 2183 
2212 3 3 1 1 0 2155 2156 2185 2184 
2213 3 3 1 1 0 2156 2157 2186 2185 
2214 3 3 1 1 0 2157 2158 2187 2186 
2215 3 3 1 1 0 2158 2159 2188 2187 
2216 3 3 1 1 0 2159 2160 2189 2188 
2217 3 3 1 1 0 2160 2161 2190 2189 
2218 3 3 1 1 0 2161 2162 2191 2190 
2219 3 3 1 1 0 2162 2163 2192 2191 
2220 3 3 1 1 0 2163 2164 2193 2192 
2221 3 3 1 1 0 2164 2165 2194 2193 
2222 3 3 1 1 0 2165 2166 2195 2194 
2223 3 3 1 1 0 2166 2167 2196 2195 
2224 3 3 1 1 0 2167 2168 2197 2196 
2225 3 3 1 1 0 2168 2169 2198 2197 
2226 3 3 1 1 0 2169 2170 2199 2198 
2227 3 3 1 1 0 2170 2171 2200 2199 
2228 3 3 1 1 0 2171 1240 1230 2200 
2229 3 3 1 1 0 2172 2173 2202 2201 
2230 3 3 1 1 0 2173 2174 2203 2202 
2231 3 3 1 1 0 2174 2175 2204 2203 
2232 3 3 1 1 0 2175 2176 2205 2204 
2233 3 3 1 1 0 2176 2177 2206 2205 
2234 3 3 1 1 0 2177 2178 2207 2206 
2235 3 3 1 1 0 2178 2179 2208 2207 
2236 3 3 1 1 0 2179 2180 2209 2208 
2237 3 3 1 1 0 2180 2181 2210 2209 
2238 3 3 1 1 0 2181 2182 2211 2210 
2239 3 3 1 1 0 2182 2183 2212 2211 
2240 3 3 1 1 0 2183 2184 2213 2212 
2241 3 3 1 1 0 2184 2185 2214 2213 
2242 3 3 1 1 0 2185 2186 2215 2214 
2243 3 3 1 1 0 2186 2187 2216 2215 
2244 3 3 1 1 0 2187 2188 2217 2216 
2245 3 3 1 1 0 2188 2189 2218 2217 
2246 3 3 1 1 0 2189 2190 2219 2218 
2247 3 3 1 1 0 2190 2191 2220 2219 
2248 3 3 1 1 0 2191 2192 2221 2220 
2249 3 3 1 1 0 2192 2193 2222 2221 
2250 3 3 1 1 0 2193 2194 2223 2222 
2251 3 3 1 1 0 2194 2195 2224 2223 
2252 3 3 1 1 0 2195 2196 2225 2224 
2253 3 3 1 1 0 2196 2197 2226 2225 
2254 3 3 1 1 0 2197 2198 2227 2226 
2255 3 3 1 1 0 2198 2199 2228 2227 
2256 3 3 1 1 0 2199 2200 2229 2228 
2257 3 3 1 1 0 2200 1230 1220 2229 
2258 3 3 1 1 0 2201 2202 2231 2230 
2259 3 3 1 1 0 2202 2203 2232 2231 
2260 3 3 1 1 0 2203 2204 2233 2232 
2261 3 3 1 1 0 2204 2205 2234 2233 
2262 3 3 1 1 0 2205 2206 2235 2234 
2263 3 3 1 1 0 2206 2207 2236 2235 
2264 3 3 1 1 0 2207 2208 2237 2236 
2265 3 3 1 1 0 2208 2209 2238 2237 
2266 3 3 1 1 0 2209 2210 2239 2238 
2267 3 3 1 1 0 2210 2211 2240 2239 
2268 3 3 1 1 0 2211 2212 2241 2240 
2269 3 3 1 1 0 2212 2213 2242 2241 
2270 3 3 1 1 0 2213 2214 2243 2242 
2271 3 3 1 1 0 2214 2215 2244 2243 
2272 3 3 1 1 0 2215 2216 2245 2244 
2273 3 3 1 1 0 2216 2217 2246 2245 
2274 3 3 1 1 0 2217 2218 2247 2246 
2275 3 3 1 1 0 2218 2219 2248 2247 
2276 3 3 1 1 0 2219 2220 2249 2248 
2277 3 3 1 1 0 2220 2221 2250 2249 
2278 3 3 1 1 0 2221 2222 2251 2250 
2279 3 3 1 1 0 2222 2223 2252 2251 
2280 3 3 1 1 0 2223 2224 2253 2252 
2281 3 3 1 1 0 2224 2225 2254 2253 
2282 3 3 1 1 0 2225 2226 2255 2254 
2283 3 3 1 1 0 2226 2227 2256 2255 
2284 3 3 1 1 0 2227 2228 2257 2256 
2285 3 3 1 1 0 2228 2229 2258 2257 
2286 3 3 1 1 0 2229 1220 1210 2258 
2287 3 3 1 1 0 2230 2231 2260 2259 
2288 3 3 1 1 0 2231 2232 2261 2260 
2289 3 3 1 1 0 2232 2233 2262 2261 
2290 3 3 1 1 0 2233 2234 2263 2262 
2291 3 3 1 1 0 2234 2235 2264 2263 
2292 3 3 1 1 0 2235 2236 2265 2264 
2293 3 3 1 1 0 2236 2237 2266 2265 
2294 3 3 1 1 0 2237 2238 2267 2266 
2295 3 3 1 1 0 2238 2239 2268 2267 
2296 3 3 1 1 0 2239 2240 2269 2268 
2297 3 3 1 1 0 2240 2241 2270 2269 
2298 3 3 1 1 0 2241 2242 2271 2270 
2299 3 3 1 1 0 2242 2243 2272 2271 
2300 3 3 1 1 0 2243 2244 2273 2272 
2301 3 3 1 1 0 2244 2245 2274 2273 
2302 3 3 1 1 0 2245 2246 2275 2274 
2303 3 3 1 1 0 2246 2247 2276 2275 
2304 3 3 1 1 0 2247 2248 2277 2276 
2305 3 3 1 1 0 2248 2249 2278 2277 
2306 3 3 1 1 0 2249 2250 2279 2278 
2307 3 3 1 1 0 2250 2251 2280 2279 
2308 3 3 1 1 0 2251 2252 2281 2280 
2309 3 3 1 1 0 2252 2253 2282 2281 
2310 3 3 1 1 0 2253 2254 2283 2282 
2311 3 3 1 1 0 2254 2255 2284 2283 
2312 3 3 1 1 0 2255 2256 2285 2284 
2313 3 3 1 1 0 2256 2257 2286 2285 
2314 3 3 1 1 0 2257 2258 2287 2286 
2315 3 3 1 1 0 2258 1210 1200 2287 
2316 3 3 1 1 0 2259 2260 2289 2288 
2317 3 3 1 1 0 2260 2261 2290 2289 
2318 3 3 1 1 0 2261 2262 2291 2290 
2319 3 3 1 1 0 2262 2263 2292 2291 
2320 3 3 1 1 0 2263 2264 2293 2292 
2321 3 3 1 1 0 2264 2265 2294 2293 
2322 3 3 1 1 0 2265 2266 2295 2294 
2323 3 3 1 1 0 2266 2267 2296 2295 
2324 3 3 1 1 0 2267 2268 2297 2296 
2325 3 3 1 1 0 2268 2269 2298 2297 
2326 3 3 1 1 0 2269 2270 2299 2298 
2327 3 3 1 1 0 2270 2271 2300 2299 
2328 3 3 1 1 0 2271 2272 2301 2300 
2329 3 3 1 1 0 2272 2273 2302 2301 
2330 3 3 1 1 0 2273 2274 2303 2302 
2331 3 3 1 1 0 2274 2275 2304 2303 
2332 3 3 1 1 0 2275 2276 2305 2304 
2333 3 3 1 1 0 2276 2277 2306 2305 
2334 3 3 1 1 0 2277 2278 2307 2306 
2335 3 3 1 1 0 2278 2279 2308 2307 
2336 3 3 1 1 0 2279 2280 2309 2308 
2337 3 3 1 1 0 2280 2281 2310 2309 
2338 3 3 1 1 0 2281 2282 2311 2310 
2339 3 3 1 1 0 2282 2283 2312 2311 
2340 3 3 1 1 0 2283 2284 2313 2312 
2341 3 3 1 1 0 2284 2285 2314 2313 
2342 3 3 1 1 0 2285 2286 2315 2314 
2343 3 3 1 1 0 2286 2287 2316 2315 
2344 3 3 1 1 0 2287 1200 1190 2316 
2345 3 3 1 1 0 2288 2289 2318 2317 
2346 3 3 1 1 0 2289 2290 2319 2318 
2347 3 3 1 1 0 2290 2291 2320 2319 
2348 3 3 1 1 0 2291 2292 2321 2320 
2349 3 3 1 1 0 2292 2293 2322 2321 
2350 3 3 1 1 0 2293 2294 2323 2322 
2351 3 3 1 1 0 2294 2295 2324 2323 
2352 3 3 1 1 0 2295 2296 2325 2324 
2353 3 3 1 1 0 2296 2297 2326 2325 
2354 3 3 1 1 0 2297 2298 2327 2326 
2355 3 3 1 1 0 2298 2299 2328 2327 
2356 3 3 1 1 0 2299 2300 2329 2328 
2357 3 3 1 1 0 2300 2301 2330 2329 
2358 3 3 1 1 0 2301 2302 2331 2330 
2359 3 3 1 1 0 2302 2303 2332 2331 
2360 3 3 1 1 0 2303 2304 2333 2332 
2361 3 3 1 1 0 2304 2305 2334 2333 
2362 3 3 1 1 0 2305 2306 2335 2334 
2363 3 3 1 1 0 2306 2307 2336 2335 
2364 3 3 1 1 0 2307 2308 2337 2336 
2365 3 3 1 1 0 2308 2309 2338 2337 
2366 3 3 1 1 0 2309 2310 2339 2338 
2367 3 3 1 1 0 2310 2311 2340 2339 
2368 3 3 1 1 0 2311 2312 2341 2340 
2369 3 3 1 1 0 2312 2313 2342 2341 
2370 3 3 1 1 0 2313 2314 2343 2342 
2371 3 3 1 1 0 2314 2315 2344 2343 
2372 3 3 1 1 0 2315 2316 2345 2344 
2373 3 3 1 1 0 2316 1190 1180 2345 
2374 3 3 1 1 0 2317 2318 2347 2346 
2375 3 3 1 1 0 2318 2319 2348 2347 
2376 3 3 1 1 0 2319 2320 2349 2348 
2377 3 3 1 1 0 2320 2321 2350 2349 
2378 3 3 1 1 0 2321 2322 2351 2350 
2379 3 3 1 1 0 2322 2323 2352 2351 
2380 3 3 1 1 0 2323 2324 2353 2352 
2381 3 3 1 1 0 2324 2325 2354 2353 
2382 3 3 1 1 0 2325 2326 2355 2354 
2383 3 3 1 1 0 2326 2327 2356 2355 
2384 3 3 1 1 0 2327 2328 2357 2356 
2385 3 3 1 1 0 2328 2329 2358 2357 
2386 3 3 1 1 0 2329 2330 2359 2358 
2387 3 3 1 1 0 2330 2331 2360 2359 
2388 3 3 1 1 0 2331 2332 2361 2360 
2389 3 3 1 1 0 2332 2333 2362 2361 
2390 3 3 1 1 0 2333 2334 2363 2362 
2391 3 3 1 1 0 2334 2335 2364 2363 
2392 3 3 1 1 0 2335 2336 2365 2364 
2393 3 3 1 1 0 2336 2337 2366 2365 
2394 3 3 1 1 0 2337 2338 2367 2366 
2395 3 3 1 1 0 2338 2339 2368 2367 
2396 3 3 1 1 0 2339 2340 2369 2368 
2397 3 3 1 1 0 2340 2341 2370 2369 
2398 3 3 1 1 0 2341 2342 2371 2370 
2399 3 3 1 1 0 2342 2343 2372 2371 
2400 3 3 1 1 0 2343 2344 2373 2372 
2401 3 3 1 1 0 2344 2345 2374 2373 
2402 3 3 1 1 0 2345 1180 1170 2374 
2403 3 3 1 1 0 2346 2347 2376 2375 
2404 3 3 1 1 0 2347 2348 2377 2376 
2405 3 3 1 1 0 2348 2349 2378 2377 
2406 3 3 1 1 0 2349 2350 2379 2378 
2407 3 3 1 1 0 2350 2351 2380 2379 
2408 3 3 1 1 0 2351 2352 2381 2380 
2409 3 3 1 1 0 2352 2353 2382 2381 
2410 3 3 1 1 0 2353 2354 2383 2382 
2411 3 3 1 1 0 2354 2355 2384 2383 
2412 3 3 1 1 0 2355 2356 2385 2384 
2413 3 3 1 1 0 2356 2357 2386 2385 
2414 3 3 1 1 0 2357 2358 2387 2386 
2415 3 3 1 1 0 2358 2359 2388 2387 
2416 3 3 1 1 0 2359 2360 2389 2388 
2417 3 3 1 1 0 2360 2361 2390 2389 
2418 3 3 1 1 0 2361 2362 2391 2390 
2419 3 3 1 1 0 2362 2363 2392 2391 
2420 3 3 1 1 0 2363 2364 2393 2392 
2421 3 3 1 1 0 2364 2365 2394 2393 
2422 3 3 1 1 0 2365 2366 2395 2394 
2423 3 3 1 1 0 2366 2367 2396 2395 
2424 3 3 1 1 0 2367 2368 2397 2396 
2425 3 3 1 1 0 2368 2369 2398 2397 
2426 3 3 1 1 0 2369 2370 2399 2398 
2427 3 3 1 1 0 2370 2371 2400 2399 
2428 3 3 1 1 0 2371 2372 2401 2400 
2429 3 3 1 1 0 2372 2373 2402 2401 
2430 3 3 1 1 0 2373 2374 2403 2402 
2431 3 3 1 1 0 2374 1170 1160 2403 
2432 3 3 1 1 0 2375 2376 2405 2404 
2433 3 3 1 1 0 2376 2377 2406 2405 
2434 3 3 1 1 0 2377 2378 2407 2406 
2435 3 3 1 1 0 2378 2379 2408 2407 
2436 3 3 1 1 0 2379 2380 2409 2408 
2437 3 3 1 1 0 2380 2381 2410 2409 
2438 3 3 1 1 0 2381 2382 2411 2410 
2439 3 3 1 1 0 2382 2383 2412 2411 
2440 3 3 1 1 0 2383 2384 2413 2412 
2441 3 3 1 1 0 2384 2385 2414 2413 
2442 3 3 1 1 0 2385 2386 2415 2414 
2443 3 3 1 1 0 2386 2387 2416 2415 
2444 3 3 1 1 0 2387 2388 2417 2416 
2445 3 3 1 1 0 2388 2389 2418 2417 
2446 3 3 1 1 0 2389 2390 2419 2418 
2447 3 3 1 1 0 2390 2391 2420 2419 
2448 3 3 1 1 0 2391 2392 2421 2420 
2449 3 3 1 1 0 2392 2393 2422 2421 
2450 3 3 1 1 0 2393 2394 2423 2422 
2451 3 3 1 1 0 2394 2395 2424 2423 
2452 3 3 1 1 0 2395 2396 2425 2424 
2453 3 3 1 1 0 2396 2397 2426 2425 
2454 3 3 1 1 0 2397 2398 2427 2426 
2455 3 3 1 1 0 2398 2399 2428 2427 
2456 3 3 1 1 0 2399 2400 2429 2428 
2457 3 3 1 1 0 2400 2401 2430 2429 
2458 3 3 1 1 0 2401 2402 2431 2430 
2459 3 3 1 1 0 2402 2403 2432 2431 
2460 3 3 1 1 0 2403 1160 1150 2432 
2461 3 3 1 1 0 2404 2405 779 20 
2462 3 3 1 1 0 2405 2406 769 779 
2463 3 3 1 1 0 2406 2407 759 769 
2464 3 3 1 1 0 2407 2408 749 759 
2465 3 3 1 1 0 2408 2409 739 749 
2466 3 3 1 1 0 2409 2410 729 739 
2467 3 3 1 1 0 2410 2411 719 729 
2468 3 3 1 1 0 2411 2412 709 719 
2469 3 3 1 1 0 2412 2413 699 709 
2470 3 3 1 1 0 2413 2414 689 699 
2471 3 3 1 1 0 2414 2415 679 689 
2472 3 3 1 1 0 2415 2416 669 679 
2473 3 3 1 1 0 2416 2417 659 669 
2474 3 3 1 1 0 2417 2418 649 659 
2475 3 3 1 1 0 2418 2419 639 649 
2476 3 3 1 1 0 2419 2420 629 639 
2477 3 3 1 1 0 2420 2421 619 629 
2478 3 3 1 1 0 2421 2422 609 619 
2479 3 3 1 1 0 2422 2423 599 609 
2480 3 3 1 1 0 2423 2424 589 599 
2481 3 3 1 1 0 2424 2425 579 589 
2482 3 3 1 1 0 2425 2426 569 579 
2483 3 3 1 1 0 2426 2427 559 569 
2484 3 3 1 1 0 2427 2428 549 559 
2485 3 3 1 1 0 2428 2429 539 549 
2486 3 3 1 1 0 2429 2430 529 539 
2487 3 3 1 1 0 2430 2431 519 529 
2488 3 3 1 1 0 2431 2432 509 519 
2489 3 3 1 1 0 2432 1150 508 509 
2490 3 3 1 1 0 869 1141 2433 860 
2491 3 3 1 1 0 860 2433 2434 851 
2492 3 3 1 1 0 851 2434 2435 842 
2493 3 3 1 1 0 842 2435 2436 833 
2494 3 3 1 1 0 833 2436 2437 824 
2495 3 3 1 1 0 824 2437 2438 815 
2496 3 3 1 1 0 815 2438 2439 806 
2497 3 3 1 1 0 806 2439 2440 796 
2498 3 3 1 1 0 796 2440 2441 797 
2499 3 3 1 1 0 1141 1151 2442 2433 
2500 3 3 1 1 0 2433 2442 2443 2434 
2501 3 3 1 1 0 2434 2443 2444 2435 
2502 3 3 1 1 0 2435 2444 2445 2436 
2503 3 3 1 1 0 2436 2445 2446 2437 
2504 3 3 1 1 0 2437 2446 2447 2438 
2505 3 3 1 1 0 2438 2447 2448 2439 
2506 3 3 1 1 0 2439 2448 2449 2440 
2507 3 3 1 1 0 2440 2449 2450 2441 
2508 3 3 1 1 0 1151 1161 2451 2442 
2509 3 3 1 1 0 2442 2451 2452 2443 
2510 3 3 1 1 0 2443 2452 2453 2444 
2511 3 3 1 1 0 2444 2453 2454 2445 
2512 3 3 1 1 0 2445 2454 2455 2446 
2513 3 3 1 1 0 2446 2455 2456 2447 
2514 3 3 1 1 0 2447 2456 2457 2448 
2515 3 3 1 1 0 2448 2457 2458 2449 
2516 3 3 1 1 0 2449 2458 2459 2450 
2517 3 3 1 1 0 1161 1171 2460 2451 
2518 3 3 1 1 0 2451 2460 2461 2452 
2519 3 3 1 1 0 2452 2461 2462 2453 
2520 3 3 1 1 0 2453 2462 2463 2454 
2521 3 3 1 1 0 2454 2463 2464 2455 
2522 3 3 1 1 0 2455 2464 2465 2456 
2523 3 3 1 1 0 2456 2465 2466 2457 
2524 3 3 1 1 0 2457 2466 2467 2458 
2525 3 3 1 1 0 2458 2467 2468 2459 
2526 3 3 1 1 0 1171 1181 2469 2460 
2527 3 3 1 1 0 2460 2469 2470 2461 
2528 3 3 1 1 0 2461 2470 2471 2462 
2529 3 3 1 1 0 2462 2471 2472 2463 
2530 3 3 1 1 0 2463 2472 2473 2464 
2531 3 3 1 1 0 2464 2473 2474 2465 
2532 3 3 1 1 0 2465 2474 2475 2466 
2533 3 3 1 1 0 2466 2475 2476 2467 
2534 3 3 1 1 0 2467 2476 2477 2468 
2535 3 3 1 1 0 1181 1191 2478 2469 
2536 3 3 1 1 0 2469 2478 2479 2470 
2537 3 3 1 1 0 2470 2479 2480 2471 
2538 3 3 1 1 0 2471 2480 2481 2472 
2539 3 3 1 1 0 2472 2481 2482 2473 
2540 3 3 1 1 0 2473 2482 2483 2474 
2541 3 3 1 1 0 2474 2483 2484 2475 
2542 3 3 1 1 0 2475 2484 2485 2476 
2543 3 3 1 1 0 2476 2485 2486 2477 
2544 3 3 1 1 0 1191 1201 2487 2478 
2545 3 3 1 1 0 2478 2487 2488 2479 
2546 3 3 1 1 0 2479 2488 2489 2480 
2547 3 3 1 1 0 2480 2489 2490 2481 
2548 3 3 1 1 0 2481 2490 2491 2482 
2549 3 3 1 1 0 2482 2491 2492 2483 
2550 3 3 1 1 0 2483 2492 2493 2484 
2551 3 3 1 1 0 2484 2493 2494 2485 
2552 3 3 1 1 0 2485 2494 2495 2486 
2553 3 3 1 1 0 1201 1211 2496 2487 
2554 3 3 1 1 0 2487 2496 2497 2488 
2555 3 3 1 1 0 2488 2497 2498 2489 
2556 3 3 1 1 0 2489 2498 2499 2490 
2557 3 3 1 1 0 2490 2499 2500 2491 
2558 3 3 1 1 0 2491 2500 2501 2492 
2559 3 3 1 1 0 2492 2501 2502 2493 
2560 3 3 1 1 0 2493 2502 2503 2494 
2561 3 3 1 1 0 2494 2503 2504 2495 
2562 3 3 1 1 0 1211 1221 2505 2496 
2563 3 3 1 1 0 2496 2505 2506 2497 
2564 3 3 1 1 0 2497 2506 2507 2498 
2565 3 3 1 1 0 2498 2507 2508 2499 
2566 3 3 1 1 0 2499 2508 2509 2500 
2567 3 3 1 1 0 2500 2509 2510 2501 
2568 3 3 1 1 0 2501 2510 2511 2502 
2569 3 3 1 1 0 2502 2511 2512 2503 
2570 3 3 1 1 0 2503 2512 2513 2504 
2571 3 3 1 1 0 1221 1231 2514 2505 
2572 3 3 1 1 0 2505 2514 2515 2506 
2573 3 3 1 1 0 2506 2515 2516 2507 
2574 3 3 1 1 0 2507 2516 2517 2508 
2575 3 3 1 1 0 2508 2517 2518 2509 
2576 3 3 1 1 0 2509 2518 2519 2510 
2577 3 3 1 1 0 2510 2519 2520 2511 
2578 3 3 1 1 0 2511 2520 2521 2512 
2579 3 3 1 1 0 2512 2521 2522 2513 
2580 3 3 1 1 0 1231 1241 2523 2514 
2581 3 3 1 1 0 2514 2523 2524 2515 
2582 3 3 1 1 0 2515 2524 2525 2516 
2583 3 3 1 1 0 2516 2525 2526 2517 
2584 3 3 1 1 0 2517 2526 2527 2518 
2585 3 3 1 1 0 2518 2527 2528 2519 
2586 3 3 1 1 0 2519 2528 2529 2520 
2587 3 3 1 1 0 2520 2529 2530 2521 
2588 3 3 1 1 0 2521 2530 2531 2522 
2589 3 3 1 1 0 1241 1251 2532 2523 
2590 3 3 1 1 0 2523 2532 2533 2524 
2591 3 3 1 1 0 2524 2533 2534 2525 
2592 3 3 1 1 0 2525 2534 2535 2526 
2593 3 3 1 1 0 2526 2535 2536 2527 
2594 3 3 1 1 0 2527 2536 2537 2528 
2595 3 3 1 1 0 2528 2537 2538 2529 
2596 3 3 1 1 0 2529 2538 2539 2530 
2597 3 3 1 1 0 2530 2539 2540 2531 
2598 3 3 1 1 0 1251 1261 2541 2532 
2599 3 3 1 1 0 2532 2541 2542 2533 
2600 3 3 1 1 0 2533 2542 2543 2534 
2601 3 3 1 1 0 2534 2543 2544 2535 
2602 3 3 1 1 0 2535 2544 2545 2536 
2603 3 3 1 1 0 2536 2545 2546 2537 
2604 3 3 1 1 0 2537 2546 2547 2538 
2605 3 3 1 1 0 2538 2547 2548 2539 
2606 3 3 1 1 0 2539 2548 2549 2540 
2607 3 3 1 1 0 1261 1271 2550 2541 
2608 3 3 1 1 0 2541 2550 2551 2542 
2609 3 3 1 1 0 2542 2551 2552 2543 
2610 3 3 1 1 0 2543 2552 2553 2544 
2611 3 3 1 1 0 2544 2553 2554 2545 
2612 3 3 1 1 0 2545 2554 2555 2546 
2613 3 3 1 1 0 2546 2555 2556 2547 
2614 3 3 1 1 0 2547 2556 2557 2548 
2615 3 3 1 1 0 2548 2557 2558 2549 
2616 3 3 1 1 0 1271 1281 2559 2550 
2617 3 3 1 1 0 2550 2559 2560 2551 
2618 3 3 1 1 0 2551 2560 2561 2552 
2619 3 3 1 1 0 2552 2561 2562 2553 
2620 3 3 1 1 0 2553 2562 2563 2554 
2621 3 3 1 1 0 2554 2563 2564 2555 
2622 3 3 1 1 0 2555 2564 2565 2556 
2623 3 3 1 1 0 2556 2565 2566 2557 
2624 3 3 1 1 0 2557 2566 2567 2558 
2625 3 3 1 1 0 1281 1291 2568 2559 
2626 3 3 1 1 0 2559 2568 2569 2560 
2627 3 3 1 1 0 2560 2569 2570 2561 
2628 3 3 1 1 0 2561 2570 2571 2562 
2629 3 3 1 1 0 2562 2571 2572 2563 
2630 3 3 1 1 0 2563 2572 2573 2564 
2631 3 3 1 1 0 2564 2573 2574 2565 
2632 3 3 1 1 0 2565 2574 2575 2566 
2633 3 3 1 1 0 2566 2575 2576 2567 
2634 3 3 1 1 0 1291 1301 2577 2568 
2635 3 3 1 1 0 2568 2577 2578 2569 
2636 3 3 1 1 0 2569 2578 2579 2570 
2637 3 3 1 1 0 2570 2579 2580 2571 
2638 3 3 1 1 0 2571 2580 2581 2572 
2639 3 3 1 1 0 2572 2581 2582 2573 
2640 3 3 1 1 0 2573 2582 2583 2574 
2641 3 3 1 1 0 2574 2583 2584 2575 
2642 3 3 1 1 0 2575 2584 2585 2576 
2643 3 3 1 1 0 1301 1311 2586 2577 
2644 3 3 1 1 0 2577 2586 2587 2578 
2645 3 3 1 1 0 2578 2587 2588 2579 
2646 3 3 1 1 0 2579 2588 2589 2580 
2647 3 3 1 1 0 2580 2589 2590 2581 
2648 3 3 1 1 0 2581 2590 2591 2582 
2649 3 3 1 1 0 2582 2591 2592 2583 
2650 3 3 1 1 0 2583 2592 2593 2584 
2651 3 3 1 1 0 2584 2593 2594 2585 
2652 3 3 1 1 0 1311 1321 2595 2586 
2653 3 3 1 1 0 2586 2595 2596 2587 
2654 3 3 1 1 0 2587 2596 2597 2588 
2655 3 3 1 1 0 2588 2597 2598 2589 
2656 3 3 1 1 0 2589 2598 2599 2590 
2657 3 3 1 1 0 2590 2599 2600 2591 
2658 3 3 1 1 0 2591 2600 2601 2592 
2659 3 3 1 1 0 2592 2601 2602 2593 
2660 3 3 1 1 0 2593 2602 2603 2594 
2661 3 3 1 1 0 950 941 2604 960 
2662 3 3 1 1 0 941 932 2605 2604 
2663 3 3 1 1 0 932 923 2606 2605 
2664 3 3 1 1 0 923 914 2607 2606 
2665 3 3 1 1 0 914 905 2608 2607 
2666 3 3 1 1 0 905 896 2609 2608 
2667 3 3 1 1 0 896 887 2610 2609 
2668 3 3 1 1 0 887 878 2611 2610 
2669 3 3 1 1 0 878 797 2441 2611 
2670 3 3 1 1 0 960 2604 2612 970 
2671 3 3 1 1 0 2604 2605 2613 2612 
2672 3 3 1 1 0 2605 2606 2614 2613 
2673 3 3 1 1 0 2606 2607 2615 2614 
2674 3 3 1 1 0 2607 2608 2616 2615 
2675 3 3 1 1 0 2608 2609 2617 2616 
2676 3 3 1 1 0 2609 2610 2618 2617 
2677 3 3 1 1 0 2610 2611 2619 2618 
2678 3 3 1 1 0 2611 2441 2450 2619 
2679 3 3 1 1 0 970 2612 2620 980 
2680 3 3 1 1 0 2612 2613 2621 2620 
2681 3 3 1 1 0 2613 2614 2622 2621 
2682 3 3 1 1 0 2614 2615 2623 2622 
2683 3 3 1 1 0 2615 2616 2624 2623 
2684 3 3 1 1 0 2616 2617 2625 2624 
2685 3 3 1 1 0 2617 2618 2626 2625 
2686 3 3 1 1 0 2618 2619 2627 2626 
2687 3 3 1 1 0 2619 2450 2459 2627 
2688 3 3 1 1 0 980 2620 2628 990 
2689 3 3 1 1 0 2620 2621 2629 2628 
2690 3 3 1 1 0 2621 2622 2630 2629 
2691 3 3 1 1 0 2622 2623 2631 2630 
2692 3 3 1 1 0 2623 2624 2632 2631 
2693 3 3 1 1 0 2624 2625 2633 2632 
2694 3 3 1 1 0 2625 2626 2634 2633 
2695 3 3 1 1 0 2626 2627 2635 2634 
2696 3 3 1 1 0 2627 2459 2468 2635 
2697 3 3 1 1 0 990 2628 2636 1000 
2698 3 3 1 1 0 2628 2629 2637 2636 
2699 3 3 1 1 0 2629 2630 2638 2637 
2700 3 3 1 1 0 2630 2631 2639 2638 
2701 3 3 1 1 0 2631 2632 2640 2639 
2702 3 3 1 1 0 2632 2633 2641 2640 
2703 3 3 1 1 0 2633 2634 2642 2641 
2704 3 3 1 1 0 2634 2635 2643 2642 
2705 3 3 1 1 0 2635 2468 2477 2643 
2706 3 3 1 1 0 1000 2636 2644 1010 
2707 3 3 1 1 0 2636 2637 2645 2644 
2708 3 3 1 1 0 2637 2638 2646 2645 
2709 3 3 1 1 0 2638 2639 2647 2646 
2710 3 3 1 1 0 2639 2640 2648 2647 
2711 3 3 1 1 0 2640 2641 2649 2648 
2712 3 3 1 1 0 2641 2642 2650 2649 
2713 3 3 1 1 0 2642 2643 2651 2650 
2714 3 3 1 1 0 2643 2477 2486 2651 
2715 3 3 1 1 0 1010 2644 2652 1020 
2716 3 3 1 1 0 2644 2645 2653 2652 
2717 3 3 1 1 0 2645 2646 2654 2653 
2718 3 3 1 1 0 2646 2647 2655 2654 
2719 3 3 1 1 0 2647 2648 2656 2655 
2720 3 3 1 1 0 2648 2649 2657 2656 
2721 3 3 1 1 0 2649 2650 2658 2657 
2722 3 3 1 1 0 2650 2651 2659 2658 
2723 3 3 1 1 0 2651 2486 2495 2659 
2724 3 3 1 1 0 1020 2652 2660 1030 
2725 3 3 1 1 0 2652 2653 2661 2660 
2726 3 3 1 1 0 2653 2654 2662 2661 
2727 3 3 1 1 0 2654 2655 2663 2662 
2728 3 3 1 1 0 2655 2656 2664 2663 
2729 3 3 1 1 0 2656 2657 2665 2664 
2730 3 3 1 1 0 2657 2658 2666 2665 
2731 3 3 1 1 0 2658 2659 2667 2666 
2732 3 3 1 1 0 2659 2495 2504 2667 
2733 3 3 1 1 0 1030 2660 2668 1040 
2734 3 3 1 1 0 2660 2661 2669 2668 
2735 3 3 1 1 0 2661 2662 2670 2669 
2736 3 3 1 1 0 2662 2663 2671 2670 
2737 3 3 1 1 0 2663 2664 2672 2671 
2738 3 3 1 1 0 2664 2665 2673 2672 
2739 3 3 1 1 0 2665 2666 2674 2673 
2740 3 3 1 1 0 2666 2667 2675 2674 
2741 3 3 1 1 0 2667 2504 2513 2675 
2742 3 3 1 1 0 1040 2668 2676 1050 
2743 3 3 1 1 0 2668 2669 2677 2676 
2744 3 3 1 1 0 2669 2670 2678 2677 
2745 3 3 1 1 0 2670 2671 2679 2678 
2746 3 3 1 1 0 2671 2672 2680 2679 
2747 3 3 1 1 0 2672 2673 2681 2680 
2748 3 3 1 1 0 2673 2674 2682 2681 
2749 3 3 1 1 0 2674 2675 2683 2682 
2750 3 3 1 1 0 2675 2513 2522 2683 
2751 3 3 1 1 0 1050 2676 2684 1060 
2752 3 3 1 1 0 2676 2677 2685 2684 
2753 3 3 1 1 0 2677 2678 2686 2685 
2754 3 3 1 1 0 2678 2679 2687 2686 
2755 3 3 1 1 0 2679 2680 2688 2687 
2756 3 3 1 1 0 2680 2681 2689 2688 
2757 3 3 1 1 0 2681 2682 2690 2689 
2758 3 3 1 1 0 2682 2683 2691 2690 
2759 3 3 1 1 0 2683 2522 2531 2691 
2760 3 3 1 1 0 1060 2684 2692 1070 
2761 3 3 1 1 0 2684 2685 2693 2692 
2762 3 3 1 1 0 2685 2686 2694 2693 
2763 3 3 1 1 0 2686 2687 2695 2694 
2764 3 3 1 1 0 2687 2688 2696 2695 
2765 3 3 1 1 0 2688 2689 2697 2696 
2766 3 3 1 1 0 2689 2690 2698 2697 
2767 3 3 1 1 0 2690 2691 2699 2698 
2768 3 3 1 1 0 2691 2531 2540 2699 
2769 3 3 1 1 0 1070 2692 2700 1080 
2770 3 3 1 1 0 2692 2693 2701 2700 
2771 3 3 1 1 0 2693 2694 2702 2701 
2772 3 3 1 1 0 2694 2695 2703 2702 
2773 3 3 1 1 0 2695 2696 2704 2703 
2774 3 3 1 1 0 2696 2697 2705 2704 
2775 3 3 1 1 0 2697 2698 2706 2705 
2776 3 3 1 1 0 2698 2699 2707 2706 
2777 3 3 1 1 0 2699 2540 2549 2707 
2778 3 3 1 1 0 1080 2700 2708 1090 
2779 3 3 1 1 0 2700 2701 2709 2708 
2780 3 3 1 1 0 2701 2702 2710 2709 
2781 3 3 1 1 0 2702 2703 2711 2710 
2782 3 3 1 1 0 2703 2704 2712 2711 
2783 3 3 1 1 0 2704 2705 2713 2712 
2784 3 3 1 1 0 2705 2706 2714 2713 
2785 3 3 1 1 0 2706 2707 2715 2714 
2786 3 3 1 1 0 2707 2549 2558 2715 
2787 3 3 1 1 0 1090 2708 2716 1100 
2788 3 3 1 1 0 2708 2709 2717 2716 
2789 3 3 1 1 0 2709 2710 2718 2717 
2790 3 3 1 1 0 2710 2711 2719 2718 
2791 3 3 1 1 0 2711 2712 2720 2719 
2792 3 3 1 1 0 2712 2713 2721 2720 
2793 3 3 1 1 0 2713 2714 2722 2721 
2794 3 3 1 1 0 2714 2715 2723 2722 
2795 3 3 1 1 0 2715 2558 2567 2723 
2796 3 3 1 1 0 1100 2716 2724 1110 
2797 3 3 1 1 0 2716 2717 2725 2724 
2798 3 3 1 1 0 2717 2718 2726 2725 
2799 3 3 1 1 0 2718 2719 2727 2726 
2800 3 3 1 1 0 2719 2720 2728 2727 
2801 3 3 1 1 0 2720 2721 2729 2728 
2802 3 3 1 1 0 2721 2722 2730 2729 
2803 3 3 1 1 0 2722 2723 2731 2730 
2804 3 3 1 1 0 2723 2567 2576 2731 
2805 3 3 1 1 0 1110 2724 2732 1120 
2806 3 3 1 1 0 2724 2725 2733 2732 
2807 3 3 1 1 0 2725 2726 2734 2733 
2808 3 3 1 1 0 2726 2727 2735 2734 
2809 3 3 1 1 0 2727 2728 2736 2735 
2810 3 3 1 1 0 2728 2729 2737 2736 
2811 3 3 1 1 0 2729 2730 2738 2737 
2812 3 3 1 1 0 2730 2731 2739 2738 
2813 3 3 1 1 0 2731 2576 2585 2739 
2814 3 3 1 1 0 1120 2732 2740 1130 
2815 3 3 1 1 0 2732 2733 2741 2740 
2816 3 3 1 1 0 2733 2734 2742 2741 
2817 3 3 1 1 0 2734 2735 2743 2742 
2818 3 3 1 1 0 2735 2736 2744 2743 
2819 3 3 1 1 0 2736 2737 2745 2744 
2820 3 3 1 1 0 2737 2738 2746 2745 
2821 3 3 1 1 0 2738 2739 2747 2746 
2822 3 3 1 1 0 2739 2585 2594 2747 
2823 3 3 1 1 0 1130 2740 2748 1140 
2824 3 3 1 1 0 2740 2741 2749 2748 
2825 3 3 1 1 0 2741 2742 2750 2749 
2826 3 3 1 1 0 2742 2743 2751 2750 
2827 3 3 1 1 0 2743 2744 2752 2751 
2828 3 3 1 1 0 2744 2745 2753 2752 
2829 3 3 1 1 0 2745 2746 2754 2753 
2830 3 3 1 1 0 2746 2747 2755 2754 
2831 3 3 1 1 0 2747 2594 2603 2755 
2832 3 3 1 1 0 1331 2756 2757 1332 
2833 3 3 1 1 0 2756 2758 2759 2757 
2834 3 3 1 1 0 2758 2760 2761 2759 
2835 3 3 1 1 0 2760 2762 2763 2761 
2836 3 3 1 1 0 2762 2764 2765 2763 
2837 3 3 1 1 0 2764 2766 2767 2765 
2838 3 3 1 1 0 2766 2768 2769 2767 
2839 3 3 1 1 0 2768 2770 2771 2769 
2840 3 3 1 1 0 2770 2772 2773 2771 
2841 3 3 1 1 0 2772 2774 2775 2773 
2842 3 3 1 1 0 2774 2776 2777 2775 
2843 3 3 1 1 0 2776 2778 2779 2777 
2844 3 3 1 1 0 2778 2780 2781 2779 
2845 3 3 1 1 0 2780 2782 2783 2781 
2846 3 3 1 1 0 2782 2784 2785 2783 
2847 3 3 1 1 0 2784 2786 2787 2785 
2848 3 3 1 1 0 2786 2788 2789 2787 
2849 3 3 1 1 0 2788 2790 2791 2789 
2850 3 3 1 1 0 2790 1882 1883 2791 
2851 3 3 1 1 0 1332 2757 2792 1389 
2852 3 3 1 1 0 2757 2759 2793 2792 
2853 3 3 1 1 0 2759 2761 2794 2793 
2854 3 3 1 1 0 2761 2763 2795 2794 
2855 3 3 1 1 0 2763 2765 2796 2795 
2856 3 3 1 1 0 2765 2767 2797 2796 
2857 3 3 1 1 0 2767 2769 2798 2797 
2858 3 3 1 1 0 2769 2771 2799 2798 
2859 3 3 1 1 0 2771 2773 2800 2799 
2860 3 3 1 1 0 2773 2775 2801 2800 
2861 3 3 1 1 0 2775 2777 2802 2801 
2862 3 3 1 1 0 2777 2779 2803 2802 
2863 3 3 1 1 0 2779 2781 2804 2803 
2864 3 3 1 1 0 2781 2783 2805 2804 
2865 3 3 1 1 0 2783 2785 2806 2805 
2866 3 3 1 1 0 2785 2787 2807 2806 
2867 3 3 1 1 0 2787 2789 2808 2807 
2868 3 3 1 1 0 2789 2791 2809 2808 
2869 3 3 1 1 0 2791 1883 1940 2809 
2870 3 3 1 1 0 1389 2792 2810 1418 
2871 3 3 1 1 0 2792 2793 2811 2810 
2872 3 3 1 1 0 2793 2794 2812 2811 
2873 3 3 1 1 0 2794 2795 2813 2812 
2874 3 3 1 1 0 2795 2796 2814 2813 
2875 3 3 1 1 0 2796 2797 2815 2814 
2876 3 3 1 1 0 2797 2798 2816 2815 
2877 3 3 1 1 0 2798 2799 2817 2816 
2878 3 3 1 1 0 2799 2800 2818 2817 
2879 3 3 1 1 0 2800 2801 2819 2818 
2880 3 3 1 1 0 2801 2802 2820 2819 
2881 3 3 1 1 0 2802 2803 2821 2820 
2882 3 3 1 1 0 2803 2804 2822 2821 
2883 3 3 1 1 0 2804 2805 2823 2822 
2884 3 3 1 1 0 2805 2806 2824 2823 
2885 3 3 1 1 0 2806 2807 2825 2824 
2886 3 3 1 1 0 2807 2808 2826 2825 
2887 3 3 1 1 0 2808 2809 2827 2826 
2888 3 3 1 1 0 2809 1940 1969 2827 
2889 3 3 1 1 0 1418 2810 2828 1447 
2890 3 3 1 1 0 2810 2811 2829 2828 
2891 3 3 1 1 0 2811 2812 2830 2829 
2892 3 3 1 1 0 2812 2813 2831 2830 
2893 3 3 1 1 0 2813 2814 2832 2831 
2894 3 3 1 1 0 2814 2815 2833 2832 
2895 3 3 1 1 0 2815 2816 2834 2833 
2896 3 3 1 1 0 2816 2817 2835 2834 
2897 3 3 1 1 0 2817 2818 2836 2835 
2898 3 3 1 1 0 2818 2819 2837 2836 
2899 3 3 1 1 0 2819 2820 2838 2837 
2900 3 3 1 1 0 2820 2821 2839 2838 
2901 3 3 1 1 0 2821 2822 2840 2839 
2902 3 3 1 1 0 2822 2823 2841 2840 
2903 3 3 1 1 0 2823 2824 2842 2841 
2904 3 3 1 1 0 2824 2825 2843 2842 
2905 3 3 1 1 0 2825 2826 2844 2843 
2906 3 3 1 1 0 2826 2827 2845 2844 
2907 3 3 1 1 0 2827 1969 1998 2845 
2908 3 3 1 1 0 1447 2828 2846 1476 
2909 3 3 1 1 0 2828 2829 2847 2846 
2910 3 3 1 1 0 2829 2830 2848 2847 
2911 3 3 1 1 0 2830 2831 2849 2848 
2912 3 3 1 1 0 2831 2832 2850 2849 
2913 3 3 1 1 0 2832 2833 2851 2850 
2914 3 3 1 1 0 2833 2834 2852 2851 
2915 3 3 1 1 0 2834 2835 2853 2852 
2916 3 3 1 1 0 2835 2836 2854 2853 
2917 3 3 1 1 0 2836 2837 2855 2854 
2918 3 3 1 1 0 2837 2838 2856 2855 
2919 3 3 1 1 0 2838 2839 2857 2856 
2920 3 3 1 1 0 2839 2840 2858 2857 
2921 3 3 1 1 0 2840 2841 2859 2858 
2922 3 3 1 1 0 2841 2842 2860 2859 
2923 3 3 1 1 0 2842 2843 2861 2860 
2924 3 3 1 1 0 2843 2844 2862 2861 
2925 3 3 1 1 0 2844 2845 2863 2862 
2926 3 3 1 1 0 2845 1998 2027 2863 
2927 3 3 1 1 0 1476 2846 2864 1505 
2928 3 3 1 1 0 2846 2847 2865 2864 
2929 3 3 1 1 0 2847 2848 2866 2865 
2930 3 3 1 1 0 2848 2849 2867 2866 
2931 3 3 1 1 0 2849 2850 2868 2867 
2932 3 3 1 1 0 2850 2851 2869 2868 
2933 3 3 1 1 0 2851 2852 2870 2869 
2934 3 3 1 1 0 2852 2853 2871 2870 
2935 3 3 1 1 0 2853 2854 2872 2871 
2936 3 3 1 1 0 2854 2855 2873 2872 
2937 3 3 1 1 0 2855 2856 2874 2873 
2938 3 3 1 1 0 2856 2857 2875 2874 
2939 3 3 1 1 0 2857 2858 2876 2875 
2940 3 3 1 1 0 2858 2859 2877 2876 
2941 3 3 1 1 0 2859 2860 2878 2877 
2942 3 3 1 1 0 2860 2861 2879 2878 
2943 3 3 1 1 0 2861 2862 2880 2879 
2944 3 3 1 1 0 2862 2863 2881 2880 
2945 3 3 1 1 0 2863 2027 2056 2881 
2946 3 3 1 1 0 1505 2864 2882 1534 
2947 3 3 1 1 0 2864 2865 2883 2882 
2948 3 3 1 1 0 2865 2866 2884 2883 
2949 3 3 1 1 0 2866 2867 2885 2884 
2950 3 3 1 1 0 2867 2868 2886 2885 
2951 3 3 1 1 0 2868 2869 2887 2886 
2952 3 3 1 1 0 2869 2870 2888 2887 
2953 3 3 1 1 0 2870 2871 2889 2888 
2954 3 3 1 1 0 2871 2872 2890 2889 
2955 3 3 1 1 0 2872 2873 2891 2890 
2956 3 3 1 1 0 2873 2874 2892 2891 
2957 3 3 1 1 0 2874 2875 2893 2892 
2958 3 3 1 1 0 2875 2876 2894 2893 
2959 3 3 1 1 0 2876 2877 2895 2894 
2960 3 3 1 1 0 2877 2878 2896 2895 
2961 3 3 1 1 0 2878 2879 2897 2896 
2962 3 3 1 1 0 2879 2880 2898 2897 
2963 3 3 1 1 0 2880 2881 2899 2898 
2964 3 3 1 1 0 2881 2056 2085 2899 
2965 3 3 1 1 0 1534 2882 2900 1563 
2966 3 3 1 1 0 2882 2883 2901 2900 
2967 3 3 1 1 0 2883 2884 2902 2901 
2968 3 3 1 1 0 2884 2885 2903 2902 
2969 3 3 1 1 0 2885 2886 2904 2903 
2970 3 3 1 1 0 2886 2887 2905 2904 
2971 3 3 1 1 0 2887 2888 2906 2905 
2972 3 3 1 1 0 2888 2889 2907 2906 
2973 3 3 1 1 0 2889 2890 2908 2907 
2974 3 3 1 1 0 2890 2891 2909 2908 
2975 3 3 1 1 0 2891 2892 2910 2909 
2976 3 3 1 1 0 2892 2893 2911 2910 
2977 3 3 1 1 0 2893 2894 2912 2911 
2978 3 3 1 1 0 2894 2895 2913 2912 
2979 3 3 1 1 0 2895 2896 2914 2913 
2980 3 3 1 1 0 2896 2897 2915 2914 
2981 3 3 1 1 0 2897 2898 2916 2915 
2982 3 3 1 1 0 2898 2899 2917 2916 
2983 3 3 1 1 0 2899 2085 2114 2917 
2984 3 3 1 1 0 1563 2900 2918 1592 
2985 3 3 1 1 0 2900 2901 2919 2918 
2986 3 3 1 1 0 2901 2902 2920 2919 
2987 3 3 1 1 0 2902 2903 2921 2920 
2988 3 3 1 1 0 2903 2904 2922 2921 
2989 3 3 1 1 0 2904 2905 2923 2922 
2990 3 3 1 1 0 2905 2906 2924 2923 
2991 3 3 1 1 0 2906 2907 2925 2924 
2992 3 3 1 1 0 2907 2908 2926 2925 
2993 3 3 1 1 0 2908 2909 2927 2926 
2994 3 3 1 1 0 2909 2910 2928 2927 
2995 3 3 1 1 0 2910 2911 2929 2928 
2996 3 3 1 1 0 2911 2912 2930 2929 
2997 3 3 1 1 0 2912 2913 2931 2930 
2998 3 3 1 1 0 2913 2914 2932 2931 
2999 3 3 1 1 0 2914 2915 2933 2932 
3000 3 3 1 1 0 2915 2916 2934 2933 
3001 3 3 1 1 0 2916 2917 2935 2934 
3002 3 3 1 1 0 2917 2114 2143 2935 
3003 3 3 1 1 0 1592 2918 2936 1621 
3004 3 3 1 1 0 2918 2919 2937 2936 
3005 3 3 1 1 0 2919 2920 2938 2937 
3006 3 3 1 1 0 2920 2921 2939 2938 
3007 3 3 1 1 0 2921 2922 2940 2939 
3008 3 3 1 1 0 2922 2923 2941 2940 
3009 3 3 1 1 0 2923 2924 2942 2941 
3010 3 3 1 1 0 2924 2925 2943 2942 
3011 3 3 1 1 0 2925 2926 2944 2943 
3012 3 3 1 1 0 2926 2927 2945 2944 
3013 3 3 1 1 0 2927 2928 2946 2945 
3014 3 3 1 1 0 2928 2929 2947 2946 
3015 3 3 1 1 0 2929 2930 2948 2947 
3016 3 3 1 1 0 2930 2931 2949 2948 
3017 3 3 1 1 0 2931 2932 2950 2949 
3018 3 3 1 1 0 2932 2933 2951 2950 
3019 3 3 1 1 0 2933 2934 2952 2951 
3020 3 3 1 1 0 2934 2935 2953 2952 
3021 3 3 1 1 0 2935 2143 2172 2953 
3022 3 3 1 1 0 1621 2936 2954 1650 
3023 3 3 1 1 0 2936 2937 2955 2954 
3024 3 3 1 1 0 2937 2938 2956 2955 
3025 3 3 1 1 0 2938 2939 2957 2956 
3026 3 3 1 1 0 2939 2940 2958 2957 
3027 3 3 1 1 0 2940 2941 2959 2958 
3028 3 3 1 1 0 2941 2942 2960 2959 
3029 3 3 1 1 0 2942 2943 2961 2960 
3030 3 3 1 1 0 2943 2944 2962 2961 
3031 3 3 1 1 0 2944 2945 2963 2962 
3032 3 3 1 1 0 2945 2946 2964 2963 
3033 3 3 1 1 0 2946 2947 2965 2964 
3034 3 3 1 1 0 2947 2948 2966 2965 
3035 3 3 1 1 0 2948 2949 2967 2966 
3036 3 3 1 1 0 2949 2950 2968 2967 
3037 3 3 1 1 0 2950 2951 2969 2968 
3038 3 3 1 1 0 2951 2952 2970 2969 
3039 3 3 1 1 0 2952 2953 2971 2970 
3040 3 3 1 1 0 2953 2172 2201 2971 
3041 3 3 1 1 0 1650 2954 2972 1679 
3042 3 3 1 1 0 2954 2955 2973 2972 
3043 3 3 1 1 0 2955 2956 2974 2973 
3044 3 3 1 1 0 2956 2957 2975 2974 
3045 3 3 1 1 0 2957 2958 2976 2975 
3046 3 3 1 1 0 2958 2959 2977 2976 
3047 3 3 1 1 0 2959 2960 2978 2977 
3048 3 3 1 1 0 2960 2961 2979 2978 
3049 3 3 1 1 0 2961 2962 2980 2979 
3050 3 3 1 1 0 2962 2963 2981 2980 
3051 3 3 1 1 0 2963 2964 2982 2981 
3052 3 3 1 1 0 2964 2965 2983 2982 
3053 3 3 1 1 0 2965 2966 2984 2983 
3054 3 3 1 1 0 2966 2967 2985 2984 
3055 3 3 1 1 0 2967 2968 2986 2985 
3056 3 3 1 1 0 2968 2969 2987 2986 
3057 3 3 1 1 0 2969 2970 2988 2987 
3058 3 3 1 1 0 2970 2971 2989 2988 
3059 3 3 1 1 0 2971 2201 2230 2989 
3060 3 3 1 1 0 1679 2972 2990 1708 
3061 3 3 1 1 0 2972 2973 2991 2990 
3062 3 3 1 1 0 2973 2974 2992 2991 
3063 3 3 1 1 0 2974 2975 2993 2992 
3064 3 3 1 1 0 2975 2976 2994 2993 
3065 3 3 1 1 0 2976 2977 2995 2994 
3066 3 3 1 1 0 2977 2978 2996 2995 
3067 3 3 1 1 0 2978 2979 2997 2996 
3068 3 3 1 1 0 2979 2980 2998 2997 
3069 3 3 1 1 0 2980 2981 2999 2998 
3070 3 3 1 1 0 2981 2982 3000 2999 
3071 3 3 1 1 0 2982 2983 3001 3000 
3072 3 3 1 1 0 2983 2984 3002 3001 
3073 3 3 1 1 0 2984 2985 3003 3002 
3074 3 3 1 1 0 2985 2986 3004 3003 
3075 3 3 1 1 0 2986 2987 3005 3004 
3076 3 3 1 1 0 2987 2988 3006 3005 
3077 3 3 1 1 0 2988 2989 3007 3006 
3078 3 3 1 1 0 2989 2230 2259 3007 
3079 3 3 1 1 0 1708 2990 3008 1737 
3080 3 3 1 1 0 2990 2991 3009 3008 
3081 3 3 1 1 0 2991 2992 3010 3009 
3082 3 3 1 1 0 2992 2993 3011 3010 
3083 3 3 1 1 0 2993 2994 3012 3011 
3084 3 3 1 1 0 2994 2995 3013 3012 
3085 3 3 1 1 0 2995 2996 3014 3013 
3086 3 3 1 1 0 2996 2997 3015 3014 
3087 3 3 1 1 0 2997 2998 3016 3015 
3088 3 3 1 1 0 2998 2999 3017 3016 
3089 3 3 1 1 0 2999 3000 3018 3017 
3090 3 3 1 1 0 3000 3001 3019 3018 
3091 3 3 1 1 0 3001 3002 3020 3019 
3092 3 3 1 1 0 3002 3003 3021 3020 
3093 3 3 1 1 0 3003 3004 3022 3021 
3094 3 3 1 1 0 3004 3005 3023 3022 
3095 3 3 1 1 0 3005 3006 3024 3023 
3096 3 3 1 1 0 3006 3007 3025 3024 
3097 3 3 1 1 0 3007 2259 2288 3025 
3098 3 3 1 1 0 1737 3008 3026 1766 
3099 3 3 1 1 0 3008 3009 3027 3026 
3100 3 3 1 1 0 3009 3010 3028 3027 
3101 3 3 1 1 0 3010 3011 3029 3028 
3102 3 3 1 1 0 3011 3012 3030 3029 
3103 3 3 1 1 0 3012 3013 3031 3030 
3104 3 3 1 1 0 3013 3014 3032 3031 
3105 3 3 1 1 0 3014 3015 3033 3032 
3106 3 3 1 1 0 3015 3016 3034 3033 
3107 3 3 1 1 0 3016 3017 3035 3034 
3108 3 3 1 1 0 3017 3018 3036 3035 
3109 3 3 1 1 0 3018 3019 3037 3036 
3110 3 3 1 1 0 3019 3020 3038 3037 
3111 3 3 1 1 0 3020 3021 3039 3038 
3112 3 3 1 1 0 3021 3022 3040 3039 
3113 3 3 1 1 0 3022 3023 3041 3040 
3114 3 3 1 1 0 3023 3024 3042 3041 
3115 3 3 1 1 0 3024 3025 3043 3042 
3116 3 3 1 1 0 3025 2288 2317 3043 
3117 3 3 1 1 0 1766 3026 3044 1795 
3118 3 3 1 1 0 3026 3027 3045 3044 
3119 3 3 1 1 0 3027 3028 3046 3045 
3120 3 3 1 1 0 3028 3029 3047 3046 
3121 3 3 1 1 0 3029 3030 3048 3047 
3122 3 3 1 1 0 3030 3031 3049 3048 
3123 3 3 1 1 0 3031 3032 3050 3049 
3124 3 3 1 1 0 3032 3033 3051 3050 
3125 3 3 1 1 0 3033 3034 3052 3051 
3126 3 3 1 1 0 3034 3035 3053 3052 
3127 3 3 1 1 0 3035 3036 3054 3053 
3128 3 3 1 1 0 3036 3037 3055 3054 
3129 3 3 1 1 0 3037 3038 3056 3055 
3130 3 3 1 1 0 3038 3039 3057 3056 
3131 3 3 1 1 0 3039 3040 3058 3057 
3132 3 3 1 1 0 3040 3041 3059 3058 
3133 3 3 1 1 0 3041 3042 3060 3059 
3134 3 3 1 1 0 3042 3043 3061 3060 
3135 3 3 1 1 0 3043 2317 2346 3061 
3136 3 3 1 1 0 1795 3044 3062 1824 
3137 3 3 1 1 0 3044 3045 3063 3062 
3138 3 3 1 1 0 3045 3046 3064 3063 
3139 3 3 1 1 0 3046 3047 3065 3064 
3140 3 3 1 1 0 3047 3048 3066 3065 
3141 3 3 1 1 0 3048 3049 3067 3066 
3142 3 3 1 1 0 3049 3050 3068 3067 
3143 3 3 1 1 0 3050 3051 3069 3068 
3144 3 3 1 1 0 3051 3052 3070 3069 
3145 3 3 1 1 0 3052 3053 3071 3070 
3146 3 3 1 1 0 3053 3054 3072 3071 
3147 3 3 1 1 0 3054 3055 3073 3072 
3148 3 3 1 1 0 3055 3056 3074 3073 
3149 3 3 1 1 0 3056 3057 3075 3074 
3150 3 3 1 1 0 3057 3058 3076 3075 
3151 3 3 1 1 0 3058 3059 3077 3076 
3152 3 3 1 1 0 3059 3060 3078 3077 
3153 3 3 1 1 0 3060 3061 3079 3078 
3154 3 3 1 1 0 3061 2346 2375 3079 
3155 3 3 1 1 0 1824 3062 3080 1853 
3156 3 3 1 1 0 3062 3063 3081 3080 
3157 3 3 1 1 0 3063 3064 3082 3081 
3158 3 3 1 1 0 3064 3065 3083 3082 
3159 3 3 1 1 0 3065 3066 3084 3083 
3160 3 3 1 1 0 3066 3067 3085 3084 
3161 3 3 1 1 0 3067 3068 3086 3085 
3162 3 3 1 1 0 3068 3069 3087 3086 
3163 3 3 1 1 0 3069 3070 3088 3087 
3164 3 3 1 1 0 3070 3071 3089 3088 
3165 3 3 1 1 0 3071 3072 3090 3089 
3166 3 3 1 1 0 3072 3073 3091 3090 
3167 3 3 1 1 0 3073 3074 3092 3091 
3168 3 3 1 1 0 3074 3075 3093 3092 
3169 3 3 1 1 0 3075 3076 3094 3093 
3170 3 3 1 1 0 3076 3077 3095 3094 
3171 3 3 1 1 0 3077 3078 3096 3095 
3172 3 3 1 1 0 3078 3079 3097 3096 
3173 3 3 1 1 0 3079 2375 2404 3097 
3174 3 3 1 1 0 1853 3080 190 200 
3175 3 3 1 1 0 3080 3081 180 190 
3176 3 3 1 1 0 3081 3082 170 180 
3177 3 3 1 1 0 3082 3083 160 170 
3178 3 3 1 1 0 3083 3084 150 160 
3179 3 3 1 1 0 3084 3085 140 150 
3180 3 3 1 1 0 3085 3086 130 140 
3181 3 3 1 1 0 3086 3087 120 130 
3182 3 3 1 1 0 3087 3088 110 120 
3183 3 3 1 1 0 3088 3089 100 110 
3184 3 3 1 1 0 3089 3090 90 100 
3185 3 3 1 1 0 3090 3091 80 90 
3186 3 3 1 1 0 3091 3092 70 80 
3187 3 3 1 1 0 3092 3093 60 70 
3188 3 3 1 1 0 3093 3094 50 60 
3189 3 3 1 1 0 3094 3095 40 50 
3190 3 3 1 1 0 3095 3096 30 40 
3191 3 3 1 1 0 3096 3097 19 30 
3192 3 3 1 1 0 3097 2404 20 19 
$EndElements
